Вт 09 июн 2026 18:45:01 UTC: Service db is DOWN! Attempting restart...
Вт 09 июн 2026 18:45:01 UTC: Service backend is DOWN! Attempting restart...
Вт 09 июн 2026 18:45:01 UTC: Service frontend is DOWN! Attempting restart...
Вт 09 июн 2026 18:48:59 UTC: Restart command executed.
Вт 09 июн 2026 18:50:01 UTC: Service db is DOWN! Attempting restart...
Вт 09 июн 2026 18:50:01 UTC: Service backend is DOWN! Attempting restart...
Вт 09 июн 2026 18:50:01 UTC: Service frontend is DOWN! Attempting restart...
Вт 09 июн 2026 18:50:03 UTC: Restart command executed.
Вт 09 июн 2026 18:55:01 UTC: Service db is DOWN! Attempting restart...
Вт 09 июн 2026 18:55:01 UTC: Service backend is DOWN! Attempting restart...
Вт 09 июн 2026 18:55:01 UTC: Service frontend is DOWN! Attempting restart...
Вт 09 июн 2026 18:55:02 UTC: Restart command executed.
Вт 09 июн 2026 19:00:02 UTC: Service db is DOWN! Attempting restart...
Вт 09 июн 2026 19:00:02 UTC: Service backend is DOWN! Attempting restart...
Вт 09 июн 2026 19:00:02 UTC: Service frontend is DOWN! Attempting restart...
Вт 09 июн 2026 19:00:03 UTC: Restart command executed.
Вт 09 июн 2026 19:05:01 UTC: Service db is DOWN! Attempting restart...
Вт 09 июн 2026 19:05:01 UTC: Service backend is DOWN! Attempting restart...
Вт 09 июн 2026 19:05:01 UTC: Service frontend is DOWN! Attempting restart...
Вт 09 июн 2026 19:05:02 UTC: Restart command executed.
Вт 09 июн 2026 19:10:01 UTC: Service db is DOWN! Attempting restart...
Вт 09 июн 2026 19:10:01 UTC: Service backend is DOWN! Attempting restart...
Вт 09 июн 2026 19:10:01 UTC: Service frontend is DOWN! Attempting restart...
Вт 09 июн 2026 19:10:02 UTC: Restart command executed.
Вт 09 июн 2026 19:15:01 UTC: Service db is DOWN! Attempting restart...
Вт 09 июн 2026 19:15:01 UTC: Service backend is DOWN! Attempting restart...
Вт 09 июн 2026 19:15:01 UTC: Service frontend is DOWN! Attempting restart...
Вт 09 июн 2026 19:15:02 UTC: Restart command executed.
Вт 09 июн 2026 19:20:01 UTC: Service db is DOWN! Attempting restart...
Вт 09 июн 2026 19:20:01 UTC: Service backend is DOWN! Attempting restart...
Вт 09 июн 2026 19:20:01 UTC: Service frontend is DOWN! Attempting restart...
Вт 09 июн 2026 19:20:02 UTC: Restart command executed.
Вт 09 июн 2026 19:25:01 UTC: Service db is DOWN! Attempting restart...
Вт 09 июн 2026 19:25:01 UTC: Service db is DOWN! Attempting restart...
Вт 09 июн 2026 19:25:01 UTC: Service backend is DOWN! Attempting restart...
Вт 09 июн 2026 19:25:01 UTC: Service backend is DOWN! Attempting restart...
Вт 09 июн 2026 19:25:01 UTC: Service frontend is DOWN! Attempting restart...
Вт 09 июн 2026 19:25:01 UTC: Service frontend is DOWN! Attempting restart...
Вт 09 июн 2026 19:25:02 UTC: Restart command executed.
Вт 09 июн 2026 19:25:02 UTC: Restart command executed.
Вт 09 июн 2026 19:30:01 UTC: Service db is DOWN! Attempting restart...
Вт 09 июн 2026 19:30:01 UTC: Service backend is DOWN! Attempting restart...
Вт 09 июн 2026 19:30:01 UTC: Service frontend is DOWN! Attempting restart...
Вт 09 июн 2026 19:30:02 UTC: Restart command executed.
Вт 09 июн 2026 19:35:02 UTC: Service db is DOWN! Attempting restart...
Вт 09 июн 2026 19:35:02 UTC: Service backend is DOWN! Attempting restart...
Вт 09 июн 2026 19:35:02 UTC: Service frontend is DOWN! Attempting restart...
Вт 09 июн 2026 19:35:02 UTC: Restart command executed.
Вт 09 июн 2026 19:40:02 UTC: Service db is DOWN! Attempting restart...
Вт 09 июн 2026 19:40:02 UTC: Service backend is DOWN! Attempting restart...
Вт 09 июн 2026 19:40:02 UTC: Service frontend is DOWN! Attempting restart...
Вт 09 июн 2026 19:40:03 UTC: Restart command executed.
Вт 09 июн 2026 19:45:01 UTC: Service db is DOWN! Attempting restart...
Вт 09 июн 2026 19:45:01 UTC: Service backend is DOWN! Attempting restart...
Вт 09 июн 2026 19:45:01 UTC: Service frontend is DOWN! Attempting restart...
Вт 09 июн 2026 19:45:02 UTC: Restart command executed.
Вт 09 июн 2026 19:50:01 UTC: Service db is DOWN! Attempting restart...
Вт 09 июн 2026 19:50:01 UTC: Service backend is DOWN! Attempting restart...
Вт 09 июн 2026 19:50:01 UTC: Service frontend is DOWN! Attempting restart...
Вт 09 июн 2026 19:50:02 UTC: Restart command executed.
Вт 09 июн 2026 19:55:01 UTC: Service db is DOWN! Attempting restart...
Вт 09 июн 2026 19:55:01 UTC: Service backend is DOWN! Attempting restart...
Вт 09 июн 2026 19:55:01 UTC: Service frontend is DOWN! Attempting restart...
Вт 09 июн 2026 19:55:02 UTC: Restart command executed.
jq: error (at <stdin>:1): Cannot index array with string "services"
Вт 09 июн 2026 20:00:02 UTC: Service db is DOWN! Attempting restart...
Вт 09 июн 2026 20:00:02 UTC: Service db is DOWN! Attempting restart...
Вт 09 июн 2026 20:00:02 UTC: Service backend is DOWN! Attempting restart...
Вт 09 июн 2026 20:00:02 UTC: Service frontend is DOWN! Attempting restart...
Вт 09 июн 2026 20:00:02 UTC: Service backend is DOWN! Attempting restart...
Вт 09 июн 2026 20:00:02 UTC: Service frontend is DOWN! Attempting restart...
 Container fleet_backend  Running
 Container fleet_frontend  Created
 Container fleet_db  Starting
 Container fleet_db  Started
 Container fleet_frontend  Starting
 Container fleet_frontend  Started
Вт 09 июн 2026 20:00:03 UTC: Restart command executed.
Вт 09 июн 2026 20:00:03 UTC: Restart command executed.
jq: error (at <stdin>:1): Cannot index array with string "services"
Вт 09 июн 2026 20:05:01 UTC: Service db is DOWN! Attempting restart...
Вт 09 июн 2026 20:05:01 UTC: Service db is DOWN! Attempting restart...
Вт 09 июн 2026 20:05:01 UTC: Service backend is DOWN! Attempting restart...
Вт 09 июн 2026 20:05:01 UTC: Service backend is DOWN! Attempting restart...
Вт 09 июн 2026 20:05:01 UTC: Service frontend is DOWN! Attempting restart...
Вт 09 июн 2026 20:05:01 UTC: Service db is DOWN! Attempting restart...
Вт 09 июн 2026 20:05:01 UTC: Service frontend is DOWN! Attempting restart...
Вт 09 июн 2026 20:05:01 UTC: Service backend is DOWN! Attempting restart...
Вт 09 июн 2026 20:05:01 UTC: Service frontend is DOWN! Attempting restart...
 Container fleet_backend  Running
 Container fleet_frontend  Created
 Container fleet_db  Starting
 Container fleet_db  Started
 Container fleet_frontend  Starting
 Container fleet_frontend  Started
Вт 09 июн 2026 20:05:02 UTC: Restart command executed.
Вт 09 июн 2026 20:05:02 UTC: Restart command executed.
Вт 09 июн 2026 20:05:02 UTC: Restart command executed.
jq: error (at <stdin>:1): Cannot index array with string "services"
Вт 09 июн 2026 20:10:01 UTC: Service db is DOWN! Attempting restart...
Вт 09 июн 2026 20:10:01 UTC: Service backend is DOWN! Attempting restart...
Вт 09 июн 2026 20:10:01 UTC: Service frontend is DOWN! Attempting restart...
Вт 09 июн 2026 20:10:01 UTC: Service db is DOWN! Attempting restart...
Вт 09 июн 2026 20:10:01 UTC: Service backend is DOWN! Attempting restart...
Вт 09 июн 2026 20:10:01 UTC: Service frontend is DOWN! Attempting restart...
Вт 09 июн 2026 20:10:01 UTC: Service db is DOWN! Attempting restart...
Вт 09 июн 2026 20:10:01 UTC: Service backend is DOWN! Attempting restart...
Вт 09 июн 2026 20:10:01 UTC: Service frontend is DOWN! Attempting restart...
 Container fleet_backend  Running
 Container fleet_frontend  Created
 Container fleet_db  Starting
 Container fleet_db  Started
 Container fleet_frontend  Starting
 Container fleet_frontend  Started
Вт 09 июн 2026 20:10:02 UTC: Restart command executed.
Вт 09 июн 2026 20:10:02 UTC: Restart command executed.
Вт 09 июн 2026 20:10:02 UTC: Restart command executed.
jq: error (at <stdin>:1): Cannot index array with string "services"
Вт 09 июн 2026 20:15:01 UTC: Service db is DOWN! Attempting restart...
Вт 09 июн 2026 20:15:01 UTC: Service db is DOWN! Attempting restart...
Вт 09 июн 2026 20:15:01 UTC: Service backend is DOWN! Attempting restart...
Вт 09 июн 2026 20:15:01 UTC: Service backend is DOWN! Attempting restart...
Вт 09 июн 2026 20:15:01 UTC: Service frontend is DOWN! Attempting restart...
Вт 09 июн 2026 20:15:01 UTC: Service frontend is DOWN! Attempting restart...
Вт 09 июн 2026 20:15:01 UTC: Service db is DOWN! Attempting restart...
Вт 09 июн 2026 20:15:01 UTC: Service backend is DOWN! Attempting restart...
Вт 09 июн 2026 20:15:01 UTC: Service frontend is DOWN! Attempting restart...
 Container fleet_backend  Running
 Container fleet_frontend  Created
 Container fleet_db  Starting
 Container fleet_db  Started
 Container fleet_frontend  Starting
 Container fleet_frontend  Started
Вт 09 июн 2026 20:15:03 UTC: Restart command executed.
Вт 09 июн 2026 20:15:03 UTC: Restart command executed.
Вт 09 июн 2026 20:15:03 UTC: Restart command executed.
jq: error (at <stdin>:1): Cannot index array with string "services"
Вт 09 июн 2026 20:20:01 UTC: Service db is DOWN! Attempting restart...
Вт 09 июн 2026 20:20:01 UTC: Service backend is DOWN! Attempting restart...
Вт 09 июн 2026 20:20:01 UTC: Service frontend is DOWN! Attempting restart...
 Container fleet_backend  Running
 Container fleet_frontend  Created
 Container fleet_db  Starting
 Container fleet_db  Started
 Container fleet_frontend  Starting
 Container fleet_frontend  Started
Вт 09 июн 2026 20:20:02 UTC: Restart command executed.
jq: error (at <stdin>:1): Cannot index array with string "services"
Вт 09 июн 2026 20:25:01 UTC: Service db is DOWN! Attempting restart...
Вт 09 июн 2026 20:25:01 UTC: Service backend is DOWN! Attempting restart...
Вт 09 июн 2026 20:25:01 UTC: Service frontend is DOWN! Attempting restart...
 Container fleet_backend  Running
 Container fleet_frontend  Created
 Container fleet_db  Starting
 Container fleet_db  Started
 Container fleet_frontend  Starting
 Container fleet_frontend  Started
Вт 09 июн 2026 20:25:02 UTC: Restart command executed.
jq: error (at <stdin>:1): Cannot index array with string "services"
Вт 09 июн 2026 20:30:01 UTC: Service db is DOWN! Attempting restart...
Вт 09 июн 2026 20:30:01 UTC: Service backend is DOWN! Attempting restart...
Вт 09 июн 2026 20:30:01 UTC: Service frontend is DOWN! Attempting restart...
 Container fleet_backend  Running
 Container fleet_frontend  Created
 Container fleet_db  Starting
 Container fleet_db  Started
 Container fleet_frontend  Starting
 Container fleet_frontend  Started
Вт 09 июн 2026 20:30:02 UTC: Restart command executed.
jq: error (at <stdin>:1): Cannot index array with string "services"
Вт 09 июн 2026 20:35:01 UTC: Service db is DOWN! Attempting restart...
Вт 09 июн 2026 20:35:01 UTC: Service db is DOWN! Attempting restart...
Вт 09 июн 2026 20:35:01 UTC: Service backend is DOWN! Attempting restart...
Вт 09 июн 2026 20:35:01 UTC: Service backend is DOWN! Attempting restart...
Вт 09 июн 2026 20:35:01 UTC: Service frontend is DOWN! Attempting restart...
Вт 09 июн 2026 20:35:01 UTC: Service frontend is DOWN! Attempting restart...
 Container fleet_backend  Running
 Container fleet_frontend  Created
 Container fleet_db  Starting
 Container fleet_db  Started
 Container fleet_frontend  Starting
 Container fleet_frontend  Started
Вт 09 июн 2026 20:35:02 UTC: Restart command executed.
Вт 09 июн 2026 20:35:02 UTC: Restart command executed.
jq: error (at <stdin>:1): Cannot index array with string "services"
Вт 09 июн 2026 20:40:02 UTC: Service db is DOWN! Attempting restart...
Вт 09 июн 2026 20:40:02 UTC: Service db is DOWN! Attempting restart...
Вт 09 июн 2026 20:40:02 UTC: Service backend is DOWN! Attempting restart...
Вт 09 июн 2026 20:40:02 UTC: Service backend is DOWN! Attempting restart...
Вт 09 июн 2026 20:40:02 UTC: Service frontend is DOWN! Attempting restart...
Вт 09 июн 2026 20:40:02 UTC: Service frontend is DOWN! Attempting restart...
 Container fleet_backend  Running
 Container fleet_frontend  Created
 Container fleet_db  Starting
 Container fleet_db  Started
 Container fleet_frontend  Starting
 Container fleet_frontend  Started
Вт 09 июн 2026 20:40:03 UTC: Restart command executed.
Вт 09 июн 2026 20:40:03 UTC: Restart command executed.
jq: error (at <stdin>:1): Cannot index array with string "services"
Вт 09 июн 2026 20:45:01 UTC: Service db is DOWN! Attempting restart...
Вт 09 июн 2026 20:45:01 UTC: Service db is DOWN! Attempting restart...
Вт 09 июн 2026 20:45:01 UTC: Service backend is DOWN! Attempting restart...
Вт 09 июн 2026 20:45:01 UTC: Service backend is DOWN! Attempting restart...
Вт 09 июн 2026 20:45:01 UTC: Service frontend is DOWN! Attempting restart...
Вт 09 июн 2026 20:45:01 UTC: Service frontend is DOWN! Attempting restart...
 Container fleet_backend  Running
 Container fleet_frontend  Created
 Container fleet_db  Starting
 Container fleet_db  Started
 Container fleet_frontend  Starting
 Container fleet_frontend  Started
Вт 09 июн 2026 20:45:02 UTC: Restart command executed.
Вт 09 июн 2026 20:45:02 UTC: Restart command executed.
jq: error (at <stdin>:1): Cannot index array with string "services"
Вт 09 июн 2026 20:50:01 UTC: Service db is DOWN! Attempting restart...
Вт 09 июн 2026 20:50:01 UTC: Service backend is DOWN! Attempting restart...
Вт 09 июн 2026 20:50:01 UTC: Service db is DOWN! Attempting restart...
Вт 09 июн 2026 20:50:01 UTC: Service frontend is DOWN! Attempting restart...
Вт 09 июн 2026 20:50:01 UTC: Service backend is DOWN! Attempting restart...
Вт 09 июн 2026 20:50:01 UTC: Service frontend is DOWN! Attempting restart...
 Container fleet_backend  Running
 Container fleet_frontend  Created
 Container fleet_db  Starting
 Container fleet_db  Started
 Container fleet_frontend  Starting
 Container fleet_frontend  Started
Вт 09 июн 2026 20:50:02 UTC: Restart command executed.
Вт 09 июн 2026 20:50:02 UTC: Restart command executed.
jq: error (at <stdin>:1): Cannot index array with string "services"
Вт 09 июн 2026 20:55:01 UTC: Service db is DOWN! Attempting restart...
Вт 09 июн 2026 20:55:01 UTC: Service backend is DOWN! Attempting restart...
Вт 09 июн 2026 20:55:01 UTC: Service db is DOWN! Attempting restart...
Вт 09 июн 2026 20:55:01 UTC: Service backend is DOWN! Attempting restart...
Вт 09 июн 2026 20:55:01 UTC: Service frontend is DOWN! Attempting restart...
Вт 09 июн 2026 20:55:01 UTC: Service frontend is DOWN! Attempting restart...
 Container fleet_backend  Running
 Container fleet_frontend  Created
 Container fleet_db  Starting
 Container fleet_db  Started
 Container fleet_frontend  Starting
 Container fleet_frontend  Started
Вт 09 июн 2026 20:55:02 UTC: Restart command executed.
Вт 09 июн 2026 20:55:02 UTC: Restart command executed.
jq: error (at <stdin>:1): Cannot index array with string "services"
Вт 09 июн 2026 21:00:01 UTC: Service db is DOWN! Attempting restart...
Вт 09 июн 2026 21:00:01 UTC: Service backend is DOWN! Attempting restart...
Вт 09 июн 2026 21:00:01 UTC: Service frontend is DOWN! Attempting restart...
Вт 09 июн 2026 21:00:01 UTC: Service db is DOWN! Attempting restart...
Вт 09 июн 2026 21:00:01 UTC: Service backend is DOWN! Attempting restart...
Вт 09 июн 2026 21:00:01 UTC: Service frontend is DOWN! Attempting restart...
 Container fleet_backend  Running
 Container fleet_frontend  Created
 Container fleet_db  Starting
 Container fleet_db  Started
 Container fleet_frontend  Starting
 Container fleet_frontend  Started
Вт 09 июн 2026 21:00:02 UTC: Restart command executed.
Вт 09 июн 2026 21:00:02 UTC: Restart command executed.
jq: error (at <stdin>:1): Cannot index array with string "services"
Вт 09 июн 2026 21:05:02 UTC: Service db is DOWN! Attempting restart...
Вт 09 июн 2026 21:05:02 UTC: Service backend is DOWN! Attempting restart...
Вт 09 июн 2026 21:05:02 UTC: Service frontend is DOWN! Attempting restart...
Вт 09 июн 2026 21:05:02 UTC: Service db is DOWN! Attempting restart...
Вт 09 июн 2026 21:05:02 UTC: Service backend is DOWN! Attempting restart...
Вт 09 июн 2026 21:05:02 UTC: Service frontend is DOWN! Attempting restart...
 Container fleet_backend  Running
 Container fleet_frontend  Created
 Container fleet_db  Starting
 Container fleet_db  Started
 Container fleet_frontend  Starting
 Container fleet_frontend  Started
Вт 09 июн 2026 21:05:03 UTC: Restart command executed.
Вт 09 июн 2026 21:05:03 UTC: Restart command executed.
jq: error (at <stdin>:1): Cannot index array with string "services"
Вт 09 июн 2026 21:10:01 UTC: Service db is DOWN! Attempting restart...
Вт 09 июн 2026 21:10:01 UTC: Service db is DOWN! Attempting restart...
Вт 09 июн 2026 21:10:01 UTC: Service backend is DOWN! Attempting restart...
Вт 09 июн 2026 21:10:01 UTC: Service backend is DOWN! Attempting restart...
Вт 09 июн 2026 21:10:01 UTC: Service frontend is DOWN! Attempting restart...
Вт 09 июн 2026 21:10:01 UTC: Service frontend is DOWN! Attempting restart...
 Container fleet_backend  Running
 Container fleet_frontend  Created
 Container fleet_db  Starting
 Container fleet_db  Started
 Container fleet_frontend  Starting
 Container fleet_frontend  Started
Вт 09 июн 2026 21:10:02 UTC: Restart command executed.
Вт 09 июн 2026 21:10:02 UTC: Restart command executed.
jq: error (at <stdin>:1): Cannot index array with string "services"
Вт 09 июн 2026 21:15:01 UTC: Service db is DOWN! Attempting restart...
Вт 09 июн 2026 21:15:01 UTC: Service db is DOWN! Attempting restart...
Вт 09 июн 2026 21:15:01 UTC: Service backend is DOWN! Attempting restart...
Вт 09 июн 2026 21:15:01 UTC: Service backend is DOWN! Attempting restart...
Вт 09 июн 2026 21:15:01 UTC: Service frontend is DOWN! Attempting restart...
Вт 09 июн 2026 21:15:01 UTC: Service frontend is DOWN! Attempting restart...
 Container fleet_backend  Running
 Container fleet_frontend  Created
 Container fleet_db  Starting
 Container fleet_db  Started
 Container fleet_frontend  Starting
 Container fleet_frontend  Started
Вт 09 июн 2026 21:15:02 UTC: Restart command executed.
Вт 09 июн 2026 21:15:02 UTC: Restart command executed.
jq: error (at <stdin>:1): Cannot index array with string "services"
Вт 09 июн 2026 21:20:01 UTC: Service db is DOWN! Attempting restart...
Вт 09 июн 2026 21:20:01 UTC: Service db is DOWN! Attempting restart...
Вт 09 июн 2026 21:20:01 UTC: Service backend is DOWN! Attempting restart...
Вт 09 июн 2026 21:20:01 UTC: Service backend is DOWN! Attempting restart...
Вт 09 июн 2026 21:20:01 UTC: Service frontend is DOWN! Attempting restart...
Вт 09 июн 2026 21:20:01 UTC: Service frontend is DOWN! Attempting restart...
 Container fleet_backend  Running
 Container fleet_frontend  Created
 Container fleet_db  Starting
 Container fleet_db  Started
 Container fleet_frontend  Starting
 Container fleet_frontend  Started
Вт 09 июн 2026 21:20:02 UTC: Restart command executed.
Вт 09 июн 2026 21:20:02 UTC: Restart command executed.
jq: error (at <stdin>:1): Cannot index array with string "services"
Вт 09 июн 2026 21:25:01 UTC: Service db is DOWN! Attempting restart...
Вт 09 июн 2026 21:25:01 UTC: Service db is DOWN! Attempting restart...
Вт 09 июн 2026 21:25:01 UTC: Service backend is DOWN! Attempting restart...
Вт 09 июн 2026 21:25:01 UTC: Service backend is DOWN! Attempting restart...
Вт 09 июн 2026 21:25:01 UTC: Service frontend is DOWN! Attempting restart...
Вт 09 июн 2026 21:25:01 UTC: Service frontend is DOWN! Attempting restart...
 Container fleet_backend  Running
 Container fleet_frontend  Created
 Container fleet_db  Starting
 Container fleet_db  Started
 Container fleet_frontend  Starting
 Container fleet_frontend  Started
Вт 09 июн 2026 21:25:02 UTC: Restart command executed.
Вт 09 июн 2026 21:25:02 UTC: Restart command executed.
jq: error (at <stdin>:1): Cannot index array with string "services"
Вт 09 июн 2026 21:30:01 UTC: Service db is DOWN! Attempting restart...
Вт 09 июн 2026 21:30:01 UTC: Service db is DOWN! Attempting restart...
Вт 09 июн 2026 21:30:01 UTC: Service backend is DOWN! Attempting restart...
Вт 09 июн 2026 21:30:01 UTC: Service backend is DOWN! Attempting restart...
Вт 09 июн 2026 21:30:01 UTC: Service frontend is DOWN! Attempting restart...
Вт 09 июн 2026 21:30:01 UTC: Service frontend is DOWN! Attempting restart...
 Container fleet_backend  Running
 Container fleet_frontend  Created
 Container fleet_db  Starting
 Container fleet_db  Started
 Container fleet_frontend  Starting
 Container fleet_frontend  Started
Вт 09 июн 2026 21:30:02 UTC: Restart command executed.
Вт 09 июн 2026 21:30:02 UTC: Restart command executed.
jq: error (at <stdin>:1): Cannot index array with string "services"
Вт 09 июн 2026 21:35:02 UTC: Service db is DOWN! Attempting restart...
Вт 09 июн 2026 21:35:02 UTC: Service db is DOWN! Attempting restart...
Вт 09 июн 2026 21:35:02 UTC: Service backend is DOWN! Attempting restart...
Вт 09 июн 2026 21:35:02 UTC: Service backend is DOWN! Attempting restart...
Вт 09 июн 2026 21:35:02 UTC: Service frontend is DOWN! Attempting restart...
Вт 09 июн 2026 21:35:02 UTC: Service frontend is DOWN! Attempting restart...
 Container fleet_backend  Running
 Container fleet_frontend  Created
 Container fleet_db  Starting
 Container fleet_db  Started
 Container fleet_frontend  Starting
 Container fleet_frontend  Started
Вт 09 июн 2026 21:35:03 UTC: Restart command executed.
Вт 09 июн 2026 21:35:03 UTC: Restart command executed.
jq: error (at <stdin>:1): Cannot index array with string "services"
Вт 09 июн 2026 21:40:01 UTC: Service db is DOWN! Attempting restart...
Вт 09 июн 2026 21:40:01 UTC: Service backend is DOWN! Attempting restart...
Вт 09 июн 2026 21:40:01 UTC: Service frontend is DOWN! Attempting restart...
Вт 09 июн 2026 21:40:01 UTC: Service db is DOWN! Attempting restart...
Вт 09 июн 2026 21:40:01 UTC: Service backend is DOWN! Attempting restart...
Вт 09 июн 2026 21:40:01 UTC: Service frontend is DOWN! Attempting restart...
 Container fleet_backend  Running
 Container fleet_frontend  Created
 Container fleet_db  Starting
 Container fleet_db  Started
 Container fleet_frontend  Starting
 Container fleet_frontend  Started
Вт 09 июн 2026 21:40:02 UTC: Restart command executed.
Вт 09 июн 2026 21:40:02 UTC: Restart command executed.
jq: error (at <stdin>:1): Cannot index array with string "services"
Вт 09 июн 2026 21:45:01 UTC: Service db is DOWN! Attempting restart...
Вт 09 июн 2026 21:45:01 UTC: Service backend is DOWN! Attempting restart...
Вт 09 июн 2026 21:45:01 UTC: Service frontend is DOWN! Attempting restart...
Вт 09 июн 2026 21:45:01 UTC: Service db is DOWN! Attempting restart...
Вт 09 июн 2026 21:45:01 UTC: Service backend is DOWN! Attempting restart...
Вт 09 июн 2026 21:45:01 UTC: Service frontend is DOWN! Attempting restart...
 Container fleet_backend  Running
 Container fleet_frontend  Created
 Container fleet_db  Starting
 Container fleet_db  Started
 Container fleet_frontend  Starting
 Container fleet_frontend  Started
Вт 09 июн 2026 21:45:02 UTC: Restart command executed.
Вт 09 июн 2026 21:45:02 UTC: Restart command executed.
jq: error (at <stdin>:1): Cannot index array with string "services"
Вт 09 июн 2026 21:50:01 UTC: Service db is DOWN! Attempting restart...
Вт 09 июн 2026 21:50:01 UTC: Service db is DOWN! Attempting restart...
Вт 09 июн 2026 21:50:01 UTC: Service backend is DOWN! Attempting restart...
Вт 09 июн 2026 21:50:01 UTC: Service backend is DOWN! Attempting restart...
Вт 09 июн 2026 21:50:01 UTC: Service frontend is DOWN! Attempting restart...
Вт 09 июн 2026 21:50:01 UTC: Service frontend is DOWN! Attempting restart...
 Container fleet_backend  Running
 Container fleet_frontend  Created
 Container fleet_db  Starting
 Container fleet_db  Started
 Container fleet_frontend  Starting
 Container fleet_frontend  Started
Вт 09 июн 2026 21:50:02 UTC: Restart command executed.
Вт 09 июн 2026 21:50:02 UTC: Restart command executed.
jq: error (at <stdin>:1): Cannot index array with string "services"
Вт 09 июн 2026 21:55:01 UTC: Service db is DOWN! Attempting restart...
Вт 09 июн 2026 21:55:01 UTC: Service backend is DOWN! Attempting restart...
Вт 09 июн 2026 21:55:01 UTC: Service frontend is DOWN! Attempting restart...
Вт 09 июн 2026 21:55:01 UTC: Service db is DOWN! Attempting restart...
Вт 09 июн 2026 21:55:01 UTC: Service backend is DOWN! Attempting restart...
Вт 09 июн 2026 21:55:01 UTC: Service frontend is DOWN! Attempting restart...
 Container fleet_backend  Running
 Container fleet_frontend  Created
 Container fleet_db  Starting
 Container fleet_db  Started
 Container fleet_frontend  Starting
 Container fleet_frontend  Started
Вт 09 июн 2026 21:55:02 UTC: Restart command executed.
Вт 09 июн 2026 21:55:02 UTC: Restart command executed.
jq: error (at <stdin>:1): Cannot index array with string "services"
Вт 09 июн 2026 22:00:01 UTC: Service db is DOWN! Attempting restart...
Вт 09 июн 2026 22:00:01 UTC: Service db is DOWN! Attempting restart...
Вт 09 июн 2026 22:00:02 UTC: Service backend is DOWN! Attempting restart...
Вт 09 июн 2026 22:00:02 UTC: Service backend is DOWN! Attempting restart...
Вт 09 июн 2026 22:00:02 UTC: Service frontend is DOWN! Attempting restart...
Вт 09 июн 2026 22:00:02 UTC: Service frontend is DOWN! Attempting restart...
 Container fleet_backend  Running
 Container fleet_frontend  Created
 Container fleet_db  Starting
 Container fleet_db  Started
 Container fleet_frontend  Starting
 Container fleet_frontend  Started
Вт 09 июн 2026 22:00:03 UTC: Restart command executed.
Вт 09 июн 2026 22:00:03 UTC: Restart command executed.
jq: error (at <stdin>:1): Cannot index array with string "services"
Вт 09 июн 2026 22:05:01 UTC: Service db is DOWN! Attempting restart...
Вт 09 июн 2026 22:05:01 UTC: Service db is DOWN! Attempting restart...
Вт 09 июн 2026 22:05:01 UTC: Service backend is DOWN! Attempting restart...
Вт 09 июн 2026 22:05:01 UTC: Service backend is DOWN! Attempting restart...
Вт 09 июн 2026 22:05:01 UTC: Service frontend is DOWN! Attempting restart...
Вт 09 июн 2026 22:05:01 UTC: Service frontend is DOWN! Attempting restart...
 Container fleet_backend  Running
 Container fleet_frontend  Created
 Container fleet_db  Starting
 Container fleet_db  Started
 Container fleet_frontend  Starting
 Container fleet_frontend  Started
Вт 09 июн 2026 22:05:02 UTC: Restart command executed.
Вт 09 июн 2026 22:05:02 UTC: Restart command executed.
jq: error (at <stdin>:1): Cannot index array with string "services"
Вт 09 июн 2026 22:10:01 UTC: Service db is DOWN! Attempting restart...
Вт 09 июн 2026 22:10:01 UTC: Service db is DOWN! Attempting restart...
Вт 09 июн 2026 22:10:01 UTC: Service backend is DOWN! Attempting restart...
Вт 09 июн 2026 22:10:01 UTC: Service backend is DOWN! Attempting restart...
Вт 09 июн 2026 22:10:01 UTC: Service frontend is DOWN! Attempting restart...
Вт 09 июн 2026 22:10:01 UTC: Service frontend is DOWN! Attempting restart...
 Container fleet_backend  Running
 Container fleet_frontend  Created
 Container fleet_db  Starting
 Container fleet_db  Started
 Container fleet_frontend  Starting
 Container fleet_frontend  Started
Вт 09 июн 2026 22:10:02 UTC: Restart command executed.
Вт 09 июн 2026 22:10:02 UTC: Restart command executed.
jq: error (at <stdin>:1): Cannot index array with string "services"
Вт 09 июн 2026 22:15:01 UTC: Service db is DOWN! Attempting restart...
Вт 09 июн 2026 22:15:01 UTC: Service db is DOWN! Attempting restart...
Вт 09 июн 2026 22:15:01 UTC: Service backend is DOWN! Attempting restart...
Вт 09 июн 2026 22:15:01 UTC: Service frontend is DOWN! Attempting restart...
Вт 09 июн 2026 22:15:01 UTC: Service backend is DOWN! Attempting restart...
Вт 09 июн 2026 22:15:01 UTC: Service frontend is DOWN! Attempting restart...
 Container fleet_backend  Running
 Container fleet_frontend  Created
 Container fleet_db  Starting
 Container fleet_db  Started
 Container fleet_frontend  Starting
 Container fleet_frontend  Started
Вт 09 июн 2026 22:15:02 UTC: Restart command executed.
Вт 09 июн 2026 22:15:02 UTC: Restart command executed.
jq: error (at <stdin>:1): Cannot index array with string "services"
Вт 09 июн 2026 22:20:01 UTC: Service db is DOWN! Attempting restart...
Вт 09 июн 2026 22:20:01 UTC: Service db is DOWN! Attempting restart...
Вт 09 июн 2026 22:20:01 UTC: Service backend is DOWN! Attempting restart...
Вт 09 июн 2026 22:20:01 UTC: Service backend is DOWN! Attempting restart...
Вт 09 июн 2026 22:20:01 UTC: Service frontend is DOWN! Attempting restart...
Вт 09 июн 2026 22:20:01 UTC: Service frontend is DOWN! Attempting restart...
 Container fleet_backend  Running
 Container fleet_frontend  Created
 Container fleet_db  Starting
 Container fleet_db  Started
 Container fleet_frontend  Starting
 Container fleet_frontend  Started
Вт 09 июн 2026 22:20:02 UTC: Restart command executed.
Вт 09 июн 2026 22:20:02 UTC: Restart command executed.
jq: error (at <stdin>:1): Cannot index array with string "services"
Вт 09 июн 2026 22:25:01 UTC: Service db is DOWN! Attempting restart...
Вт 09 июн 2026 22:25:01 UTC: Service db is DOWN! Attempting restart...
Вт 09 июн 2026 22:25:01 UTC: Service backend is DOWN! Attempting restart...
Вт 09 июн 2026 22:25:01 UTC: Service backend is DOWN! Attempting restart...
Вт 09 июн 2026 22:25:01 UTC: Service frontend is DOWN! Attempting restart...
Вт 09 июн 2026 22:25:01 UTC: Service frontend is DOWN! Attempting restart...
 Container fleet_backend  Running
 Container fleet_frontend  Created
 Container fleet_db  Starting
 Container fleet_db  Started
 Container fleet_frontend  Starting
 Container fleet_frontend  Started
Вт 09 июн 2026 22:25:02 UTC: Restart command executed.
Вт 09 июн 2026 22:25:02 UTC: Restart command executed.
jq: error (at <stdin>:1): Cannot index array with string "services"
Вт 09 июн 2026 22:30:01 UTC: Service db is DOWN! Attempting restart...
Вт 09 июн 2026 22:30:01 UTC: Service db is DOWN! Attempting restart...
Вт 09 июн 2026 22:30:01 UTC: Service backend is DOWN! Attempting restart...
Вт 09 июн 2026 22:30:01 UTC: Service backend is DOWN! Attempting restart...
Вт 09 июн 2026 22:30:01 UTC: Service frontend is DOWN! Attempting restart...
Вт 09 июн 2026 22:30:01 UTC: Service frontend is DOWN! Attempting restart...
 Container fleet_backend  Running
 Container fleet_frontend  Created
 Container fleet_db  Starting
 Container fleet_db  Started
 Container fleet_frontend  Starting
 Container fleet_frontend  Started
Вт 09 июн 2026 22:30:03 UTC: Restart command executed.
Вт 09 июн 2026 22:30:03 UTC: Restart command executed.
jq: error (at <stdin>:1): Cannot index array with string "services"
Вт 09 июн 2026 22:35:01 UTC: Service db is DOWN! Attempting restart...
Вт 09 июн 2026 22:35:01 UTC: Service backend is DOWN! Attempting restart...
Вт 09 июн 2026 22:35:01 UTC: Service db is DOWN! Attempting restart...
Вт 09 июн 2026 22:35:01 UTC: Service frontend is DOWN! Attempting restart...
Вт 09 июн 2026 22:35:01 UTC: Service backend is DOWN! Attempting restart...
Вт 09 июн 2026 22:35:01 UTC: Service frontend is DOWN! Attempting restart...
 Container fleet_backend  Running
 Container fleet_frontend  Created
 Container fleet_db  Starting
 Container fleet_db  Started
 Container fleet_frontend  Starting
 Container fleet_frontend  Started
Вт 09 июн 2026 22:35:02 UTC: Restart command executed.
Вт 09 июн 2026 22:35:02 UTC: Restart command executed.
jq: error (at <stdin>:1): Cannot index array with string "services"
Вт 09 июн 2026 22:40:01 UTC: Service db is DOWN! Attempting restart...
Вт 09 июн 2026 22:40:01 UTC: Service backend is DOWN! Attempting restart...
Вт 09 июн 2026 22:40:01 UTC: Service db is DOWN! Attempting restart...
Вт 09 июн 2026 22:40:01 UTC: Service frontend is DOWN! Attempting restart...
Вт 09 июн 2026 22:40:01 UTC: Service backend is DOWN! Attempting restart...
Вт 09 июн 2026 22:40:01 UTC: Service frontend is DOWN! Attempting restart...
 Container fleet_backend  Running
 Container fleet_frontend  Created
 Container fleet_db  Starting
 Container fleet_db  Started
 Container fleet_frontend  Starting
 Container fleet_frontend  Started
Вт 09 июн 2026 22:40:02 UTC: Restart command executed.
Вт 09 июн 2026 22:40:02 UTC: Restart command executed.
jq: error (at <stdin>:1): Cannot index array with string "services"
Вт 09 июн 2026 22:45:01 UTC: Service db is DOWN! Attempting restart...
Вт 09 июн 2026 22:45:01 UTC: Service db is DOWN! Attempting restart...
Вт 09 июн 2026 22:45:01 UTC: Service backend is DOWN! Attempting restart...
Вт 09 июн 2026 22:45:01 UTC: Service backend is DOWN! Attempting restart...
Вт 09 июн 2026 22:45:01 UTC: Service frontend is DOWN! Attempting restart...
Вт 09 июн 2026 22:45:01 UTC: Service frontend is DOWN! Attempting restart...
 Container fleet_backend  Running
 Container fleet_frontend  Created
 Container fleet_db  Starting
 Container fleet_db  Started
 Container fleet_frontend  Starting
 Container fleet_frontend  Started
Вт 09 июн 2026 22:45:02 UTC: Restart command executed.
Вт 09 июн 2026 22:45:02 UTC: Restart command executed.
jq: error (at <stdin>:1): Cannot index array with string "services"
Вт 09 июн 2026 22:50:01 UTC: Service db is DOWN! Attempting restart...
Вт 09 июн 2026 22:50:01 UTC: Service db is DOWN! Attempting restart...
Вт 09 июн 2026 22:50:01 UTC: Service backend is DOWN! Attempting restart...
Вт 09 июн 2026 22:50:01 UTC: Service backend is DOWN! Attempting restart...
Вт 09 июн 2026 22:50:01 UTC: Service frontend is DOWN! Attempting restart...
Вт 09 июн 2026 22:50:01 UTC: Service frontend is DOWN! Attempting restart...
 Container fleet_backend  Running
 Container fleet_frontend  Created
 Container fleet_db  Starting
 Container fleet_db  Started
 Container fleet_frontend  Starting
 Container fleet_frontend  Started
Вт 09 июн 2026 22:50:02 UTC: Restart command executed.
Вт 09 июн 2026 22:50:02 UTC: Restart command executed.
jq: error (at <stdin>:1): Cannot index array with string "services"
Вт 09 июн 2026 22:55:01 UTC: Service db is DOWN! Attempting restart...
Вт 09 июн 2026 22:55:01 UTC: Service db is DOWN! Attempting restart...
Вт 09 июн 2026 22:55:01 UTC: Service backend is DOWN! Attempting restart...
Вт 09 июн 2026 22:55:01 UTC: Service backend is DOWN! Attempting restart...
Вт 09 июн 2026 22:55:01 UTC: Service frontend is DOWN! Attempting restart...
Вт 09 июн 2026 22:55:01 UTC: Service frontend is DOWN! Attempting restart...
 Container fleet_backend  Running
 Container fleet_frontend  Created
 Container fleet_db  Starting
 Container fleet_db  Started
 Container fleet_frontend  Starting
 Container fleet_frontend  Started
Вт 09 июн 2026 22:55:02 UTC: Restart command executed.
Вт 09 июн 2026 22:55:02 UTC: Restart command executed.
jq: error (at <stdin>:1): Cannot index array with string "services"
Вт 09 июн 2026 23:00:02 UTC: Service db is DOWN! Attempting restart...
Вт 09 июн 2026 23:00:02 UTC: Service backend is DOWN! Attempting restart...
Вт 09 июн 2026 23:00:02 UTC: Service frontend is DOWN! Attempting restart...
Вт 09 июн 2026 23:00:02 UTC: Service db is DOWN! Attempting restart...
Вт 09 июн 2026 23:00:02 UTC: Service backend is DOWN! Attempting restart...
Вт 09 июн 2026 23:00:02 UTC: Service frontend is DOWN! Attempting restart...
 Container fleet_backend  Running
 Container fleet_frontend  Created
 Container fleet_db  Starting
 Container fleet_db  Started
 Container fleet_frontend  Starting
 Container fleet_frontend  Started
Вт 09 июн 2026 23:00:03 UTC: Restart command executed.
Вт 09 июн 2026 23:00:03 UTC: Restart command executed.
jq: error (at <stdin>:1): Cannot index array with string "services"
Вт 09 июн 2026 23:05:01 UTC: Service db is DOWN! Attempting restart...
Вт 09 июн 2026 23:05:01 UTC: Service backend is DOWN! Attempting restart...
Вт 09 июн 2026 23:05:01 UTC: Service db is DOWN! Attempting restart...
Вт 09 июн 2026 23:05:01 UTC: Service frontend is DOWN! Attempting restart...
Вт 09 июн 2026 23:05:01 UTC: Service backend is DOWN! Attempting restart...
Вт 09 июн 2026 23:05:01 UTC: Service frontend is DOWN! Attempting restart...
 Container fleet_backend  Running
 Container fleet_frontend  Created
 Container fleet_db  Starting
 Container fleet_db  Started
 Container fleet_frontend  Starting
 Container fleet_frontend  Started
Вт 09 июн 2026 23:05:02 UTC: Restart command executed.
Вт 09 июн 2026 23:05:02 UTC: Restart command executed.
jq: error (at <stdin>:1): Cannot index array with string "services"
Вт 09 июн 2026 23:10:01 UTC: Service db is DOWN! Attempting restart...
Вт 09 июн 2026 23:10:01 UTC: Service db is DOWN! Attempting restart...
Вт 09 июн 2026 23:10:01 UTC: Service backend is DOWN! Attempting restart...
Вт 09 июн 2026 23:10:01 UTC: Service backend is DOWN! Attempting restart...
Вт 09 июн 2026 23:10:01 UTC: Service frontend is DOWN! Attempting restart...
Вт 09 июн 2026 23:10:01 UTC: Service frontend is DOWN! Attempting restart...
 Container fleet_backend  Running
 Container fleet_frontend  Created
 Container fleet_db  Starting
 Container fleet_db  Started
 Container fleet_frontend  Starting
 Container fleet_frontend  Started
Вт 09 июн 2026 23:10:02 UTC: Restart command executed.
Вт 09 июн 2026 23:10:02 UTC: Restart command executed.
jq: error (at <stdin>:1): Cannot index array with string "services"
Вт 09 июн 2026 23:15:01 UTC: Service db is DOWN! Attempting restart...
Вт 09 июн 2026 23:15:01 UTC: Service backend is DOWN! Attempting restart...
Вт 09 июн 2026 23:15:01 UTC: Service frontend is DOWN! Attempting restart...
Вт 09 июн 2026 23:15:01 UTC: Service db is DOWN! Attempting restart...
Вт 09 июн 2026 23:15:01 UTC: Service backend is DOWN! Attempting restart...
Вт 09 июн 2026 23:15:01 UTC: Service frontend is DOWN! Attempting restart...
 Container fleet_backend  Running
 Container fleet_frontend  Created
 Container fleet_db  Starting
 Container fleet_db  Started
 Container fleet_frontend  Starting
 Container fleet_frontend  Started
Вт 09 июн 2026 23:15:02 UTC: Restart command executed.
Вт 09 июн 2026 23:15:02 UTC: Restart command executed.
jq: error (at <stdin>:1): Cannot index array with string "services"
Вт 09 июн 2026 23:20:01 UTC: Service db is DOWN! Attempting restart...
Вт 09 июн 2026 23:20:01 UTC: Service backend is DOWN! Attempting restart...
Вт 09 июн 2026 23:20:01 UTC: Service frontend is DOWN! Attempting restart...
Вт 09 июн 2026 23:20:01 UTC: Service db is DOWN! Attempting restart...
Вт 09 июн 2026 23:20:01 UTC: Service backend is DOWN! Attempting restart...
Вт 09 июн 2026 23:20:01 UTC: Service frontend is DOWN! Attempting restart...
 Container fleet_backend  Running
 Container fleet_frontend  Created
 Container fleet_db  Starting
 Container fleet_db  Started
 Container fleet_frontend  Starting
 Container fleet_frontend  Started
Вт 09 июн 2026 23:20:02 UTC: Restart command executed.
Вт 09 июн 2026 23:20:02 UTC: Restart command executed.
jq: error (at <stdin>:1): Cannot index array with string "services"
Вт 09 июн 2026 23:25:01 UTC: Service db is DOWN! Attempting restart...
Вт 09 июн 2026 23:25:01 UTC: Service db is DOWN! Attempting restart...
Вт 09 июн 2026 23:25:01 UTC: Service backend is DOWN! Attempting restart...
Вт 09 июн 2026 23:25:01 UTC: Service backend is DOWN! Attempting restart...
Вт 09 июн 2026 23:25:01 UTC: Service frontend is DOWN! Attempting restart...
Вт 09 июн 2026 23:25:01 UTC: Service frontend is DOWN! Attempting restart...
 Container fleet_backend  Running
 Container fleet_frontend  Created
 Container fleet_db  Starting
 Container fleet_db  Started
 Container fleet_frontend  Starting
 Container fleet_frontend  Started
Вт 09 июн 2026 23:25:02 UTC: Restart command executed.
Вт 09 июн 2026 23:25:02 UTC: Restart command executed.
jq: error (at <stdin>:1): Cannot index array with string "services"
Вт 09 июн 2026 23:30:02 UTC: Service db is DOWN! Attempting restart...
Вт 09 июн 2026 23:30:02 UTC: Service db is DOWN! Attempting restart...
Вт 09 июн 2026 23:30:02 UTC: Service backend is DOWN! Attempting restart...
Вт 09 июн 2026 23:30:02 UTC: Service backend is DOWN! Attempting restart...
Вт 09 июн 2026 23:30:02 UTC: Service frontend is DOWN! Attempting restart...
Вт 09 июн 2026 23:30:02 UTC: Service frontend is DOWN! Attempting restart...
 Container fleet_backend  Running
 Container fleet_frontend  Created
 Container fleet_db  Starting
 Container fleet_db  Started
 Container fleet_frontend  Starting
 Container fleet_frontend  Started
Вт 09 июн 2026 23:30:03 UTC: Restart command executed.
Вт 09 июн 2026 23:30:03 UTC: Restart command executed.
jq: error (at <stdin>:1): Cannot index array with string "services"
Вт 09 июн 2026 23:35:01 UTC: Service db is DOWN! Attempting restart...
Вт 09 июн 2026 23:35:01 UTC: Service backend is DOWN! Attempting restart...
Вт 09 июн 2026 23:35:01 UTC: Service frontend is DOWN! Attempting restart...
Вт 09 июн 2026 23:35:01 UTC: Service db is DOWN! Attempting restart...
Вт 09 июн 2026 23:35:01 UTC: Service backend is DOWN! Attempting restart...
Вт 09 июн 2026 23:35:01 UTC: Service frontend is DOWN! Attempting restart...
 Container fleet_backend  Running
 Container fleet_frontend  Created
 Container fleet_db  Starting
 Container fleet_db  Started
 Container fleet_frontend  Starting
 Container fleet_frontend  Started
Вт 09 июн 2026 23:35:02 UTC: Restart command executed.
Вт 09 июн 2026 23:35:02 UTC: Restart command executed.
jq: error (at <stdin>:1): Cannot index array with string "services"
Вт 09 июн 2026 23:40:01 UTC: Service db is DOWN! Attempting restart...
Вт 09 июн 2026 23:40:01 UTC: Service db is DOWN! Attempting restart...
Вт 09 июн 2026 23:40:01 UTC: Service backend is DOWN! Attempting restart...
Вт 09 июн 2026 23:40:01 UTC: Service backend is DOWN! Attempting restart...
Вт 09 июн 2026 23:40:01 UTC: Service frontend is DOWN! Attempting restart...
Вт 09 июн 2026 23:40:01 UTC: Service frontend is DOWN! Attempting restart...
 Container fleet_backend  Running
 Container fleet_frontend  Created
 Container fleet_db  Starting
 Container fleet_db  Started
 Container fleet_frontend  Starting
 Container fleet_frontend  Started
Вт 09 июн 2026 23:40:02 UTC: Restart command executed.
Вт 09 июн 2026 23:40:02 UTC: Restart command executed.
jq: error (at <stdin>:1): Cannot index array with string "services"
Вт 09 июн 2026 23:45:01 UTC: Service db is DOWN! Attempting restart...
Вт 09 июн 2026 23:45:01 UTC: Service db is DOWN! Attempting restart...
Вт 09 июн 2026 23:45:01 UTC: Service backend is DOWN! Attempting restart...
Вт 09 июн 2026 23:45:01 UTC: Service backend is DOWN! Attempting restart...
Вт 09 июн 2026 23:45:01 UTC: Service frontend is DOWN! Attempting restart...
Вт 09 июн 2026 23:45:01 UTC: Service frontend is DOWN! Attempting restart...
 Container fleet_backend  Running
 Container fleet_frontend  Created
 Container fleet_db  Starting
 Container fleet_db  Started
 Container fleet_frontend  Starting
 Container fleet_frontend  Started
Вт 09 июн 2026 23:45:02 UTC: Restart command executed.
Вт 09 июн 2026 23:45:02 UTC: Restart command executed.
jq: error (at <stdin>:1): Cannot index array with string "services"
Вт 09 июн 2026 23:50:01 UTC: Service db is DOWN! Attempting restart...
Вт 09 июн 2026 23:50:01 UTC: Service db is DOWN! Attempting restart...
Вт 09 июн 2026 23:50:01 UTC: Service backend is DOWN! Attempting restart...
Вт 09 июн 2026 23:50:01 UTC: Service backend is DOWN! Attempting restart...
Вт 09 июн 2026 23:50:01 UTC: Service frontend is DOWN! Attempting restart...
Вт 09 июн 2026 23:50:01 UTC: Service frontend is DOWN! Attempting restart...
 Container fleet_backend  Running
 Container fleet_frontend  Created
 Container fleet_db  Starting
 Container fleet_db  Started
 Container fleet_frontend  Starting
 Container fleet_frontend  Started
Вт 09 июн 2026 23:50:02 UTC: Restart command executed.
Вт 09 июн 2026 23:50:02 UTC: Restart command executed.
jq: error (at <stdin>:1): Cannot index array with string "services"
Вт 09 июн 2026 23:55:01 UTC: Service db is DOWN! Attempting restart...
Вт 09 июн 2026 23:55:01 UTC: Service db is DOWN! Attempting restart...
Вт 09 июн 2026 23:55:02 UTC: Service backend is DOWN! Attempting restart...
Вт 09 июн 2026 23:55:02 UTC: Service backend is DOWN! Attempting restart...
Вт 09 июн 2026 23:55:02 UTC: Service frontend is DOWN! Attempting restart...
Вт 09 июн 2026 23:55:02 UTC: Service frontend is DOWN! Attempting restart...
 Container fleet_backend  Running
 Container fleet_frontend  Created
 Container fleet_db  Starting
 Container fleet_db  Started
 Container fleet_frontend  Starting
 Container fleet_frontend  Started
Вт 09 июн 2026 23:55:03 UTC: Restart command executed.
Вт 09 июн 2026 23:55:03 UTC: Restart command executed.
jq: error (at <stdin>:1): Cannot index array with string "services"
Ср 10 июн 2026 00:00:01 UTC: Service db is DOWN! Attempting restart...
Ср 10 июн 2026 00:00:01 UTC: Service backend is DOWN! Attempting restart...
Ср 10 июн 2026 00:00:01 UTC: Service frontend is DOWN! Attempting restart...
Ср 10 июн 2026 00:00:01 UTC: Service db is DOWN! Attempting restart...
Ср 10 июн 2026 00:00:01 UTC: Service backend is DOWN! Attempting restart...
Ср 10 июн 2026 00:00:01 UTC: Service frontend is DOWN! Attempting restart...
 Container fleet_backend  Running
 Container fleet_frontend  Created
 Container fleet_db  Starting
 Container fleet_db  Started
 Container fleet_frontend  Starting
 Container fleet_frontend  Started
Ср 10 июн 2026 00:00:02 UTC: Restart command executed.
Ср 10 июн 2026 00:00:02 UTC: Restart command executed.
jq: error (at <stdin>:1): Cannot index array with string "services"
Ср 10 июн 2026 00:05:01 UTC: Service db is DOWN! Attempting restart...
Ср 10 июн 2026 00:05:01 UTC: Service db is DOWN! Attempting restart...
Ср 10 июн 2026 00:05:01 UTC: Service backend is DOWN! Attempting restart...
Ср 10 июн 2026 00:05:01 UTC: Service backend is DOWN! Attempting restart...
Ср 10 июн 2026 00:05:01 UTC: Service frontend is DOWN! Attempting restart...
Ср 10 июн 2026 00:05:01 UTC: Service frontend is DOWN! Attempting restart...
 Container fleet_backend  Running
 Container fleet_frontend  Created
 Container fleet_db  Starting
 Container fleet_db  Started
 Container fleet_frontend  Starting
 Container fleet_frontend  Started
Ср 10 июн 2026 00:05:02 UTC: Restart command executed.
Ср 10 июн 2026 00:05:02 UTC: Restart command executed.
jq: error (at <stdin>:1): Cannot index array with string "services"
Ср 10 июн 2026 00:10:01 UTC: Service db is DOWN! Attempting restart...
Ср 10 июн 2026 00:10:01 UTC: Service db is DOWN! Attempting restart...
Ср 10 июн 2026 00:10:01 UTC: Service backend is DOWN! Attempting restart...
Ср 10 июн 2026 00:10:01 UTC: Service backend is DOWN! Attempting restart...
Ср 10 июн 2026 00:10:01 UTC: Service frontend is DOWN! Attempting restart...
Ср 10 июн 2026 00:10:01 UTC: Service frontend is DOWN! Attempting restart...
 Container fleet_backend  Running
 Container fleet_frontend  Created
 Container fleet_db  Starting
 Container fleet_db  Started
 Container fleet_frontend  Starting
 Container fleet_frontend  Started
Ср 10 июн 2026 00:10:02 UTC: Restart command executed.
Ср 10 июн 2026 00:10:02 UTC: Restart command executed.
jq: error (at <stdin>:1): Cannot index array with string "services"
Ср 10 июн 2026 00:15:01 UTC: Service db is DOWN! Attempting restart...
Ср 10 июн 2026 00:15:01 UTC: Service backend is DOWN! Attempting restart...
Ср 10 июн 2026 00:15:01 UTC: Service db is DOWN! Attempting restart...
Ср 10 июн 2026 00:15:01 UTC: Service backend is DOWN! Attempting restart...
Ср 10 июн 2026 00:15:01 UTC: Service frontend is DOWN! Attempting restart...
Ср 10 июн 2026 00:15:01 UTC: Service frontend is DOWN! Attempting restart...
 Container fleet_backend  Running
 Container fleet_frontend  Created
 Container fleet_db  Starting
 Container fleet_db  Started
 Container fleet_frontend  Starting
 Container fleet_frontend  Started
Ср 10 июн 2026 00:15:02 UTC: Restart command executed.
Ср 10 июн 2026 00:15:02 UTC: Restart command executed.
jq: error (at <stdin>:1): Cannot index array with string "services"
Ср 10 июн 2026 00:20:02 UTC: Service db is DOWN! Attempting restart...
Ср 10 июн 2026 00:20:02 UTC: Service db is DOWN! Attempting restart...
Ср 10 июн 2026 00:20:02 UTC: Service backend is DOWN! Attempting restart...
Ср 10 июн 2026 00:20:02 UTC: Service frontend is DOWN! Attempting restart...
Ср 10 июн 2026 00:20:02 UTC: Service backend is DOWN! Attempting restart...
Ср 10 июн 2026 00:20:02 UTC: Service frontend is DOWN! Attempting restart...
 Container fleet_backend  Running
 Container fleet_frontend  Created
 Container fleet_db  Starting
 Container fleet_db  Started
 Container fleet_frontend  Starting
 Container fleet_frontend  Started
Ср 10 июн 2026 00:20:03 UTC: Restart command executed.
Ср 10 июн 2026 00:20:03 UTC: Restart command executed.
jq: error (at <stdin>:1): Cannot index array with string "services"
Ср 10 июн 2026 00:25:01 UTC: Service db is DOWN! Attempting restart...
Ср 10 июн 2026 00:25:01 UTC: Service db is DOWN! Attempting restart...
Ср 10 июн 2026 00:25:01 UTC: Service backend is DOWN! Attempting restart...
Ср 10 июн 2026 00:25:01 UTC: Service backend is DOWN! Attempting restart...
Ср 10 июн 2026 00:25:01 UTC: Service frontend is DOWN! Attempting restart...
Ср 10 июн 2026 00:25:01 UTC: Service frontend is DOWN! Attempting restart...
 Container fleet_backend  Running
 Container fleet_frontend  Created
 Container fleet_db  Starting
 Container fleet_db  Started
 Container fleet_frontend  Starting
 Container fleet_frontend  Started
Ср 10 июн 2026 00:25:02 UTC: Restart command executed.
Ср 10 июн 2026 00:25:02 UTC: Restart command executed.
jq: error (at <stdin>:1): Cannot index array with string "services"
Ср 10 июн 2026 00:30:01 UTC: Service db is DOWN! Attempting restart...
Ср 10 июн 2026 00:30:01 UTC: Service db is DOWN! Attempting restart...
Ср 10 июн 2026 00:30:01 UTC: Service backend is DOWN! Attempting restart...
Ср 10 июн 2026 00:30:01 UTC: Service backend is DOWN! Attempting restart...
Ср 10 июн 2026 00:30:01 UTC: Service frontend is DOWN! Attempting restart...
Ср 10 июн 2026 00:30:01 UTC: Service frontend is DOWN! Attempting restart...
 Container fleet_backend  Running
 Container fleet_frontend  Created
 Container fleet_db  Starting
 Container fleet_db  Started
 Container fleet_frontend  Starting
 Container fleet_frontend  Started
Ср 10 июн 2026 00:30:02 UTC: Restart command executed.
Ср 10 июн 2026 00:30:02 UTC: Restart command executed.
jq: error (at <stdin>:1): Cannot index array with string "services"
Ср 10 июн 2026 00:35:01 UTC: Service db is DOWN! Attempting restart...
Ср 10 июн 2026 00:35:01 UTC: Service db is DOWN! Attempting restart...
Ср 10 июн 2026 00:35:01 UTC: Service backend is DOWN! Attempting restart...
Ср 10 июн 2026 00:35:01 UTC: Service backend is DOWN! Attempting restart...
Ср 10 июн 2026 00:35:01 UTC: Service frontend is DOWN! Attempting restart...
Ср 10 июн 2026 00:35:01 UTC: Service frontend is DOWN! Attempting restart...
 Container fleet_backend  Running
 Container fleet_frontend  Created
 Container fleet_db  Starting
 Container fleet_db  Started
 Container fleet_frontend  Starting
 Container fleet_frontend  Started
Ср 10 июн 2026 00:35:02 UTC: Restart command executed.
Ср 10 июн 2026 00:35:02 UTC: Restart command executed.
jq: error (at <stdin>:1): Cannot index array with string "services"
Ср 10 июн 2026 00:40:01 UTC: Service db is DOWN! Attempting restart...
Ср 10 июн 2026 00:40:01 UTC: Service backend is DOWN! Attempting restart...
Ср 10 июн 2026 00:40:01 UTC: Service frontend is DOWN! Attempting restart...
Ср 10 июн 2026 00:40:01 UTC: Service db is DOWN! Attempting restart...
Ср 10 июн 2026 00:40:01 UTC: Service backend is DOWN! Attempting restart...
Ср 10 июн 2026 00:40:01 UTC: Service frontend is DOWN! Attempting restart...
 Container fleet_backend  Running
 Container fleet_frontend  Created
 Container fleet_db  Starting
 Container fleet_db  Started
 Container fleet_frontend  Starting
 Container fleet_frontend  Started
Ср 10 июн 2026 00:40:02 UTC: Restart command executed.
Ср 10 июн 2026 00:40:02 UTC: Restart command executed.
jq: error (at <stdin>:1): Cannot index array with string "services"
Ср 10 июн 2026 00:45:01 UTC: Service db is DOWN! Attempting restart...
Ср 10 июн 2026 00:45:01 UTC: Service backend is DOWN! Attempting restart...
Ср 10 июн 2026 00:45:01 UTC: Service frontend is DOWN! Attempting restart...
Ср 10 июн 2026 00:45:01 UTC: Service db is DOWN! Attempting restart...
Ср 10 июн 2026 00:45:01 UTC: Service backend is DOWN! Attempting restart...
Ср 10 июн 2026 00:45:01 UTC: Service frontend is DOWN! Attempting restart...
 Container fleet_backend  Running
 Container fleet_frontend  Created
 Container fleet_db  Starting
 Container fleet_db  Started
 Container fleet_frontend  Starting
 Container fleet_frontend  Started
Ср 10 июн 2026 00:45:02 UTC: Restart command executed.
Ср 10 июн 2026 00:45:02 UTC: Restart command executed.
jq: error (at <stdin>:1): Cannot index array with string "services"
Ср 10 июн 2026 00:50:02 UTC: Service db is DOWN! Attempting restart...
Ср 10 июн 2026 00:50:02 UTC: Service db is DOWN! Attempting restart...
Ср 10 июн 2026 00:50:02 UTC: Service backend is DOWN! Attempting restart...
Ср 10 июн 2026 00:50:02 UTC: Service backend is DOWN! Attempting restart...
Ср 10 июн 2026 00:50:02 UTC: Service frontend is DOWN! Attempting restart...
Ср 10 июн 2026 00:50:02 UTC: Service frontend is DOWN! Attempting restart...
 Container fleet_backend  Running
 Container fleet_frontend  Created
 Container fleet_db  Starting
 Container fleet_db  Started
 Container fleet_frontend  Starting
 Container fleet_frontend  Started
Ср 10 июн 2026 00:50:03 UTC: Restart command executed.
Ср 10 июн 2026 00:50:03 UTC: Restart command executed.
jq: error (at <stdin>:1): Cannot index array with string "services"
Ср 10 июн 2026 00:55:01 UTC: Service db is DOWN! Attempting restart...
Ср 10 июн 2026 00:55:01 UTC: Service backend is DOWN! Attempting restart...
Ср 10 июн 2026 00:55:01 UTC: Service frontend is DOWN! Attempting restart...
Ср 10 июн 2026 00:55:01 UTC: Service db is DOWN! Attempting restart...
Ср 10 июн 2026 00:55:01 UTC: Service backend is DOWN! Attempting restart...
Ср 10 июн 2026 00:55:01 UTC: Service frontend is DOWN! Attempting restart...
 Container fleet_backend  Running
 Container fleet_frontend  Created
 Container fleet_db  Starting
 Container fleet_db  Started
 Container fleet_frontend  Starting
 Container fleet_frontend  Started
Ср 10 июн 2026 00:55:02 UTC: Restart command executed.
Ср 10 июн 2026 00:55:02 UTC: Restart command executed.
jq: error (at <stdin>:1): Cannot index array with string "services"
Ср 10 июн 2026 01:00:01 UTC: Service db is DOWN! Attempting restart...
Ср 10 июн 2026 01:00:01 UTC: Service backend is DOWN! Attempting restart...
Ср 10 июн 2026 01:00:01 UTC: Service frontend is DOWN! Attempting restart...
Ср 10 июн 2026 01:00:01 UTC: Service db is DOWN! Attempting restart...
Ср 10 июн 2026 01:00:01 UTC: Service backend is DOWN! Attempting restart...
Ср 10 июн 2026 01:00:01 UTC: Service frontend is DOWN! Attempting restart...
 Container fleet_backend  Running
 Container fleet_frontend  Created
 Container fleet_db  Starting
 Container fleet_db  Started
 Container fleet_frontend  Starting
 Container fleet_frontend  Started
Ср 10 июн 2026 01:00:02 UTC: Restart command executed.
Ср 10 июн 2026 01:00:02 UTC: Restart command executed.
jq: error (at <stdin>:1): Cannot index array with string "services"
Ср 10 июн 2026 01:05:01 UTC: Service db is DOWN! Attempting restart...
Ср 10 июн 2026 01:05:01 UTC: Service backend is DOWN! Attempting restart...
Ср 10 июн 2026 01:05:01 UTC: Service frontend is DOWN! Attempting restart...
Ср 10 июн 2026 01:05:01 UTC: Service db is DOWN! Attempting restart...
Ср 10 июн 2026 01:05:01 UTC: Service backend is DOWN! Attempting restart...
Ср 10 июн 2026 01:05:01 UTC: Service frontend is DOWN! Attempting restart...
 Container fleet_backend  Running
 Container fleet_frontend  Created
 Container fleet_db  Starting
 Container fleet_db  Started
 Container fleet_frontend  Starting
 Container fleet_frontend  Started
Ср 10 июн 2026 01:05:02 UTC: Restart command executed.
Ср 10 июн 2026 01:05:02 UTC: Restart command executed.
jq: error (at <stdin>:1): Cannot index array with string "services"
Ср 10 июн 2026 01:10:01 UTC: Service db is DOWN! Attempting restart...
Ср 10 июн 2026 01:10:01 UTC: Service db is DOWN! Attempting restart...
Ср 10 июн 2026 01:10:01 UTC: Service backend is DOWN! Attempting restart...
Ср 10 июн 2026 01:10:01 UTC: Service backend is DOWN! Attempting restart...
Ср 10 июн 2026 01:10:01 UTC: Service frontend is DOWN! Attempting restart...
Ср 10 июн 2026 01:10:01 UTC: Service frontend is DOWN! Attempting restart...
 Container fleet_backend  Running
 Container fleet_frontend  Created
 Container fleet_db  Starting
 Container fleet_db  Started
 Container fleet_frontend  Starting
 Container fleet_frontend  Started
Ср 10 июн 2026 01:10:02 UTC: Restart command executed.
Ср 10 июн 2026 01:10:02 UTC: Restart command executed.
jq: error (at <stdin>:1): Cannot index array with string "services"
Ср 10 июн 2026 01:15:02 UTC: Service db is DOWN! Attempting restart...
Ср 10 июн 2026 01:15:02 UTC: Service db is DOWN! Attempting restart...
Ср 10 июн 2026 01:15:02 UTC: Service backend is DOWN! Attempting restart...
Ср 10 июн 2026 01:15:02 UTC: Service backend is DOWN! Attempting restart...
Ср 10 июн 2026 01:15:02 UTC: Service frontend is DOWN! Attempting restart...
Ср 10 июн 2026 01:15:02 UTC: Service frontend is DOWN! Attempting restart...
 Container fleet_backend  Running
 Container fleet_frontend  Created
 Container fleet_db  Starting
 Container fleet_db  Started
 Container fleet_frontend  Starting
 Container fleet_frontend  Started
Ср 10 июн 2026 01:15:03 UTC: Restart command executed.
Ср 10 июн 2026 01:15:03 UTC: Restart command executed.
jq: error (at <stdin>:1): Cannot index array with string "services"
Ср 10 июн 2026 01:20:01 UTC: Service db is DOWN! Attempting restart...
Ср 10 июн 2026 01:20:01 UTC: Service db is DOWN! Attempting restart...
Ср 10 июн 2026 01:20:01 UTC: Service backend is DOWN! Attempting restart...
Ср 10 июн 2026 01:20:01 UTC: Service backend is DOWN! Attempting restart...
Ср 10 июн 2026 01:20:01 UTC: Service frontend is DOWN! Attempting restart...
Ср 10 июн 2026 01:20:01 UTC: Service frontend is DOWN! Attempting restart...
 Container fleet_backend  Running
 Container fleet_frontend  Created
 Container fleet_db  Starting
 Container fleet_db  Started
 Container fleet_frontend  Starting
 Container fleet_frontend  Started
Ср 10 июн 2026 01:20:02 UTC: Restart command executed.
Ср 10 июн 2026 01:20:02 UTC: Restart command executed.
jq: error (at <stdin>:1): Cannot index array with string "services"
Ср 10 июн 2026 01:25:01 UTC: Service db is DOWN! Attempting restart...
Ср 10 июн 2026 01:25:01 UTC: Service backend is DOWN! Attempting restart...
Ср 10 июн 2026 01:25:01 UTC: Service db is DOWN! Attempting restart...
Ср 10 июн 2026 01:25:01 UTC: Service frontend is DOWN! Attempting restart...
Ср 10 июн 2026 01:25:01 UTC: Service backend is DOWN! Attempting restart...
Ср 10 июн 2026 01:25:01 UTC: Service frontend is DOWN! Attempting restart...
 Container fleet_backend  Running
 Container fleet_frontend  Created
 Container fleet_db  Starting
 Container fleet_db  Started
 Container fleet_frontend  Starting
 Container fleet_frontend  Started
Ср 10 июн 2026 01:25:02 UTC: Restart command executed.
Ср 10 июн 2026 01:25:02 UTC: Restart command executed.
jq: error (at <stdin>:1): Cannot index array with string "services"
Ср 10 июн 2026 01:30:01 UTC: Service db is DOWN! Attempting restart...
Ср 10 июн 2026 01:30:01 UTC: Service db is DOWN! Attempting restart...
Ср 10 июн 2026 01:30:01 UTC: Service backend is DOWN! Attempting restart...
Ср 10 июн 2026 01:30:01 UTC: Service backend is DOWN! Attempting restart...
Ср 10 июн 2026 01:30:01 UTC: Service frontend is DOWN! Attempting restart...
Ср 10 июн 2026 01:30:01 UTC: Service frontend is DOWN! Attempting restart...
 Container fleet_backend  Running
 Container fleet_frontend  Created
 Container fleet_db  Starting
 Container fleet_db  Started
 Container fleet_frontend  Starting
 Container fleet_frontend  Started
Ср 10 июн 2026 01:30:02 UTC: Restart command executed.
Ср 10 июн 2026 01:30:02 UTC: Restart command executed.
jq: error (at <stdin>:1): Cannot index array with string "services"
Ср 10 июн 2026 01:35:01 UTC: Service db is DOWN! Attempting restart...
Ср 10 июн 2026 01:35:01 UTC: Service db is DOWN! Attempting restart...
Ср 10 июн 2026 01:35:01 UTC: Service backend is DOWN! Attempting restart...
Ср 10 июн 2026 01:35:01 UTC: Service backend is DOWN! Attempting restart...
Ср 10 июн 2026 01:35:01 UTC: Service frontend is DOWN! Attempting restart...
Ср 10 июн 2026 01:35:01 UTC: Service frontend is DOWN! Attempting restart...
 Container fleet_backend  Running
 Container fleet_frontend  Created
 Container fleet_db  Starting
 Container fleet_db  Started
 Container fleet_frontend  Starting
 Container fleet_frontend  Started
Ср 10 июн 2026 01:35:02 UTC: Restart command executed.
Ср 10 июн 2026 01:35:02 UTC: Restart command executed.
jq: error (at <stdin>:1): Cannot index array with string "services"
Ср 10 июн 2026 01:40:01 UTC: Service db is DOWN! Attempting restart...
Ср 10 июн 2026 01:40:01 UTC: Service db is DOWN! Attempting restart...
Ср 10 июн 2026 01:40:01 UTC: Service backend is DOWN! Attempting restart...
Ср 10 июн 2026 01:40:01 UTC: Service backend is DOWN! Attempting restart...
Ср 10 июн 2026 01:40:01 UTC: Service frontend is DOWN! Attempting restart...
Ср 10 июн 2026 01:40:01 UTC: Service frontend is DOWN! Attempting restart...
 Container fleet_backend  Running
 Container fleet_frontend  Created
 Container fleet_db  Starting
 Container fleet_db  Started
 Container fleet_frontend  Starting
 Container fleet_frontend  Started
Ср 10 июн 2026 01:40:02 UTC: Restart command executed.
Ср 10 июн 2026 01:40:02 UTC: Restart command executed.
jq: error (at <stdin>:1): Cannot index array with string "services"
Ср 10 июн 2026 01:45:02 UTC: Service db is DOWN! Attempting restart...
Ср 10 июн 2026 01:45:02 UTC: Service db is DOWN! Attempting restart...
Ср 10 июн 2026 01:45:02 UTC: Service backend is DOWN! Attempting restart...
Ср 10 июн 2026 01:45:02 UTC: Service backend is DOWN! Attempting restart...
Ср 10 июн 2026 01:45:02 UTC: Service frontend is DOWN! Attempting restart...
Ср 10 июн 2026 01:45:02 UTC: Service frontend is DOWN! Attempting restart...
 Container fleet_backend  Running
 Container fleet_frontend  Created
 Container fleet_db  Starting
 Container fleet_db  Started
 Container fleet_frontend  Starting
 Container fleet_frontend  Started
Ср 10 июн 2026 01:45:03 UTC: Restart command executed.
Ср 10 июн 2026 01:45:03 UTC: Restart command executed.
jq: error (at <stdin>:1): Cannot index array with string "services"
Ср 10 июн 2026 01:50:01 UTC: Service db is DOWN! Attempting restart...
Ср 10 июн 2026 01:50:01 UTC: Service db is DOWN! Attempting restart...
Ср 10 июн 2026 01:50:01 UTC: Service backend is DOWN! Attempting restart...
Ср 10 июн 2026 01:50:01 UTC: Service backend is DOWN! Attempting restart...
Ср 10 июн 2026 01:50:01 UTC: Service frontend is DOWN! Attempting restart...
Ср 10 июн 2026 01:50:01 UTC: Service frontend is DOWN! Attempting restart...
 Container fleet_backend  Running
 Container fleet_frontend  Created
 Container fleet_db  Starting
 Container fleet_db  Started
 Container fleet_frontend  Starting
 Container fleet_frontend  Started
Ср 10 июн 2026 01:50:02 UTC: Restart command executed.
Ср 10 июн 2026 01:50:02 UTC: Restart command executed.
jq: error (at <stdin>:1): Cannot index array with string "services"
Ср 10 июн 2026 01:55:01 UTC: Service db is DOWN! Attempting restart...
Ср 10 июн 2026 01:55:01 UTC: Service db is DOWN! Attempting restart...
Ср 10 июн 2026 01:55:01 UTC: Service backend is DOWN! Attempting restart...
Ср 10 июн 2026 01:55:01 UTC: Service backend is DOWN! Attempting restart...
Ср 10 июн 2026 01:55:01 UTC: Service frontend is DOWN! Attempting restart...
Ср 10 июн 2026 01:55:01 UTC: Service frontend is DOWN! Attempting restart...
 Container fleet_backend  Running
 Container fleet_frontend  Created
 Container fleet_db  Starting
 Container fleet_db  Started
 Container fleet_frontend  Starting
 Container fleet_frontend  Started
Ср 10 июн 2026 01:55:02 UTC: Restart command executed.
Ср 10 июн 2026 01:55:02 UTC: Restart command executed.
jq: error (at <stdin>:1): Cannot index array with string "services"
Ср 10 июн 2026 02:00:01 UTC: Service db is DOWN! Attempting restart...
Ср 10 июн 2026 02:00:01 UTC: Service backend is DOWN! Attempting restart...
Ср 10 июн 2026 02:00:01 UTC: Service frontend is DOWN! Attempting restart...
Ср 10 июн 2026 02:00:01 UTC: Service db is DOWN! Attempting restart...
Ср 10 июн 2026 02:00:01 UTC: Service backend is DOWN! Attempting restart...
Ср 10 июн 2026 02:00:01 UTC: Service frontend is DOWN! Attempting restart...
 Container fleet_backend  Running
 Container fleet_frontend  Created
 Container fleet_db  Starting
 Container fleet_db  Started
 Container fleet_frontend  Starting
 Container fleet_frontend  Started
Ср 10 июн 2026 02:00:02 UTC: Restart command executed.
Ср 10 июн 2026 02:00:02 UTC: Restart command executed.
jq: error (at <stdin>:1): Cannot index array with string "services"
Ср 10 июн 2026 02:05:01 UTC: Service db is DOWN! Attempting restart...
Ср 10 июн 2026 02:05:01 UTC: Service db is DOWN! Attempting restart...
Ср 10 июн 2026 02:05:01 UTC: Service backend is DOWN! Attempting restart...
Ср 10 июн 2026 02:05:01 UTC: Service backend is DOWN! Attempting restart...
Ср 10 июн 2026 02:05:01 UTC: Service frontend is DOWN! Attempting restart...
Ср 10 июн 2026 02:05:01 UTC: Service frontend is DOWN! Attempting restart...
 Container fleet_backend  Running
 Container fleet_frontend  Created
 Container fleet_db  Starting
 Container fleet_db  Started
 Container fleet_frontend  Starting
 Container fleet_frontend  Started
Ср 10 июн 2026 02:05:02 UTC: Restart command executed.
Ср 10 июн 2026 02:05:02 UTC: Restart command executed.
jq: error (at <stdin>:1): Cannot index array with string "services"
Ср 10 июн 2026 02:10:02 UTC: Service db is DOWN! Attempting restart...
Ср 10 июн 2026 02:10:02 UTC: Service db is DOWN! Attempting restart...
Ср 10 июн 2026 02:10:02 UTC: Service backend is DOWN! Attempting restart...
Ср 10 июн 2026 02:10:02 UTC: Service backend is DOWN! Attempting restart...
Ср 10 июн 2026 02:10:02 UTC: Service frontend is DOWN! Attempting restart...
Ср 10 июн 2026 02:10:02 UTC: Service frontend is DOWN! Attempting restart...
 Container fleet_backend  Running
 Container fleet_frontend  Created
 Container fleet_db  Starting
 Container fleet_db  Started
 Container fleet_frontend  Starting
 Container fleet_frontend  Started
Ср 10 июн 2026 02:10:02 UTC: Restart command executed.
Ср 10 июн 2026 02:10:02 UTC: Restart command executed.
jq: error (at <stdin>:1): Cannot index array with string "services"
Ср 10 июн 2026 02:15:02 UTC: Service db is DOWN! Attempting restart...
Ср 10 июн 2026 02:15:02 UTC: Service db is DOWN! Attempting restart...
Ср 10 июн 2026 02:15:02 UTC: Service backend is DOWN! Attempting restart...
Ср 10 июн 2026 02:15:02 UTC: Service backend is DOWN! Attempting restart...
Ср 10 июн 2026 02:15:02 UTC: Service frontend is DOWN! Attempting restart...
Ср 10 июн 2026 02:15:02 UTC: Service frontend is DOWN! Attempting restart...
 Container fleet_backend  Running
 Container fleet_frontend  Created
 Container fleet_db  Starting
 Container fleet_db  Started
 Container fleet_frontend  Starting
 Container fleet_frontend  Started
Ср 10 июн 2026 02:15:03 UTC: Restart command executed.
Ср 10 июн 2026 02:15:03 UTC: Restart command executed.
jq: error (at <stdin>:1): Cannot index array with string "services"
Ср 10 июн 2026 02:20:01 UTC: Service db is DOWN! Attempting restart...
Ср 10 июн 2026 02:20:01 UTC: Service db is DOWN! Attempting restart...
Ср 10 июн 2026 02:20:01 UTC: Service backend is DOWN! Attempting restart...
Ср 10 июн 2026 02:20:01 UTC: Service backend is DOWN! Attempting restart...
Ср 10 июн 2026 02:20:01 UTC: Service frontend is DOWN! Attempting restart...
Ср 10 июн 2026 02:20:01 UTC: Service frontend is DOWN! Attempting restart...
 Container fleet_backend  Running
 Container fleet_frontend  Created
 Container fleet_db  Starting
 Container fleet_db  Started
 Container fleet_frontend  Starting
 Container fleet_frontend  Started
Ср 10 июн 2026 02:20:02 UTC: Restart command executed.
Ср 10 июн 2026 02:20:02 UTC: Restart command executed.
jq: error (at <stdin>:1): Cannot index array with string "services"
Ср 10 июн 2026 02:25:01 UTC: Service db is DOWN! Attempting restart...
Ср 10 июн 2026 02:25:01 UTC: Service backend is DOWN! Attempting restart...
Ср 10 июн 2026 02:25:01 UTC: Service frontend is DOWN! Attempting restart...
Ср 10 июн 2026 02:25:01 UTC: Service db is DOWN! Attempting restart...
Ср 10 июн 2026 02:25:01 UTC: Service backend is DOWN! Attempting restart...
Ср 10 июн 2026 02:25:01 UTC: Service frontend is DOWN! Attempting restart...
 Container fleet_backend  Running
 Container fleet_frontend  Created
 Container fleet_db  Starting
 Container fleet_db  Started
 Container fleet_frontend  Starting
 Container fleet_frontend  Started
Ср 10 июн 2026 02:25:02 UTC: Restart command executed.
Ср 10 июн 2026 02:25:02 UTC: Restart command executed.
jq: error (at <stdin>:1): Cannot index array with string "services"
Ср 10 июн 2026 02:30:01 UTC: Service db is DOWN! Attempting restart...
Ср 10 июн 2026 02:30:01 UTC: Service backend is DOWN! Attempting restart...
Ср 10 июн 2026 02:30:01 UTC: Service frontend is DOWN! Attempting restart...
Ср 10 июн 2026 02:30:01 UTC: Service db is DOWN! Attempting restart...
Ср 10 июн 2026 02:30:01 UTC: Service backend is DOWN! Attempting restart...
Ср 10 июн 2026 02:30:01 UTC: Service frontend is DOWN! Attempting restart...
 Container fleet_backend  Running
 Container fleet_frontend  Created
 Container fleet_db  Starting
 Container fleet_db  Started
 Container fleet_frontend  Starting
 Container fleet_frontend  Started
Ср 10 июн 2026 02:30:02 UTC: Restart command executed.
Ср 10 июн 2026 02:30:02 UTC: Restart command executed.
jq: error (at <stdin>:1): Cannot index array with string "services"
Ср 10 июн 2026 02:35:02 UTC: Service db is DOWN! Attempting restart...
Ср 10 июн 2026 02:35:02 UTC: Service db is DOWN! Attempting restart...
Ср 10 июн 2026 02:35:02 UTC: Service backend is DOWN! Attempting restart...
Ср 10 июн 2026 02:35:02 UTC: Service backend is DOWN! Attempting restart...
Ср 10 июн 2026 02:35:02 UTC: Service frontend is DOWN! Attempting restart...
Ср 10 июн 2026 02:35:02 UTC: Service frontend is DOWN! Attempting restart...
 Container fleet_backend  Running
 Container fleet_frontend  Created
 Container fleet_db  Starting
 Container fleet_db  Started
 Container fleet_frontend  Starting
 Container fleet_frontend  Started
Ср 10 июн 2026 02:35:02 UTC: Restart command executed.
Ср 10 июн 2026 02:35:02 UTC: Restart command executed.
jq: error (at <stdin>:1): Cannot index array with string "services"
Ср 10 июн 2026 02:40:02 UTC: Service db is DOWN! Attempting restart...
Ср 10 июн 2026 02:40:02 UTC: Service db is DOWN! Attempting restart...
Ср 10 июн 2026 02:40:02 UTC: Service backend is DOWN! Attempting restart...
Ср 10 июн 2026 02:40:02 UTC: Service backend is DOWN! Attempting restart...
Ср 10 июн 2026 02:40:02 UTC: Service frontend is DOWN! Attempting restart...
Ср 10 июн 2026 02:40:02 UTC: Service frontend is DOWN! Attempting restart...
 Container fleet_backend  Running
 Container fleet_frontend  Created
 Container fleet_db  Starting
 Container fleet_db  Started
 Container fleet_frontend  Starting
 Container fleet_frontend  Started
Ср 10 июн 2026 02:40:03 UTC: Restart command executed.
Ср 10 июн 2026 02:40:03 UTC: Restart command executed.
jq: error (at <stdin>:1): Cannot index array with string "services"
Ср 10 июн 2026 02:45:01 UTC: Service db is DOWN! Attempting restart...
Ср 10 июн 2026 02:45:01 UTC: Service backend is DOWN! Attempting restart...
Ср 10 июн 2026 02:45:01 UTC: Service frontend is DOWN! Attempting restart...
Ср 10 июн 2026 02:45:01 UTC: Service db is DOWN! Attempting restart...
Ср 10 июн 2026 02:45:01 UTC: Service backend is DOWN! Attempting restart...
Ср 10 июн 2026 02:45:01 UTC: Service frontend is DOWN! Attempting restart...
 Container fleet_backend  Running
 Container fleet_frontend  Created
 Container fleet_db  Starting
 Container fleet_db  Started
 Container fleet_frontend  Starting
 Container fleet_frontend  Started
Ср 10 июн 2026 02:45:02 UTC: Restart command executed.
Ср 10 июн 2026 02:45:02 UTC: Restart command executed.
jq: error (at <stdin>:1): Cannot index array with string "services"
Ср 10 июн 2026 02:50:01 UTC: Service db is DOWN! Attempting restart...
Ср 10 июн 2026 02:50:01 UTC: Service db is DOWN! Attempting restart...
Ср 10 июн 2026 02:50:01 UTC: Service backend is DOWN! Attempting restart...
Ср 10 июн 2026 02:50:01 UTC: Service backend is DOWN! Attempting restart...
Ср 10 июн 2026 02:50:01 UTC: Service frontend is DOWN! Attempting restart...
Ср 10 июн 2026 02:50:01 UTC: Service frontend is DOWN! Attempting restart...
 Container fleet_backend  Running
 Container fleet_frontend  Created
 Container fleet_db  Starting
 Container fleet_db  Started
 Container fleet_frontend  Starting
 Container fleet_frontend  Started
Ср 10 июн 2026 02:50:02 UTC: Restart command executed.
Ср 10 июн 2026 02:50:02 UTC: Restart command executed.
jq: error (at <stdin>:1): Cannot index array with string "services"
Ср 10 июн 2026 02:55:01 UTC: Service db is DOWN! Attempting restart...
Ср 10 июн 2026 02:55:01 UTC: Service backend is DOWN! Attempting restart...
Ср 10 июн 2026 02:55:01 UTC: Service db is DOWN! Attempting restart...
Ср 10 июн 2026 02:55:01 UTC: Service frontend is DOWN! Attempting restart...
Ср 10 июн 2026 02:55:01 UTC: Service backend is DOWN! Attempting restart...
Ср 10 июн 2026 02:55:01 UTC: Service frontend is DOWN! Attempting restart...
 Container fleet_backend  Running
 Container fleet_frontend  Created
 Container fleet_db  Starting
 Container fleet_db  Started
 Container fleet_frontend  Starting
 Container fleet_frontend  Started
Ср 10 июн 2026 02:55:02 UTC: Restart command executed.
Ср 10 июн 2026 02:55:02 UTC: Restart command executed.
jq: error (at <stdin>:1): Cannot index array with string "services"
Ср 10 июн 2026 03:00:01 UTC: Service db is DOWN! Attempting restart...
Ср 10 июн 2026 03:00:01 UTC: Service backend is DOWN! Attempting restart...
Ср 10 июн 2026 03:00:01 UTC: Service db is DOWN! Attempting restart...
Ср 10 июн 2026 03:00:01 UTC: Service frontend is DOWN! Attempting restart...
Ср 10 июн 2026 03:00:01 UTC: Service backend is DOWN! Attempting restart...
Ср 10 июн 2026 03:00:01 UTC: Service frontend is DOWN! Attempting restart...
 Container fleet_backend  Running
 Container fleet_frontend  Created
 Container fleet_db  Starting
 Container fleet_db  Started
 Container fleet_frontend  Starting
 Container fleet_frontend  Started
Ср 10 июн 2026 03:00:02 UTC: Restart command executed.
Ср 10 июн 2026 03:00:02 UTC: Restart command executed.
jq: error (at <stdin>:1): Cannot index array with string "services"
Ср 10 июн 2026 03:05:02 UTC: Service db is DOWN! Attempting restart...
Ср 10 июн 2026 03:05:02 UTC: Service db is DOWN! Attempting restart...
Ср 10 июн 2026 03:05:02 UTC: Service backend is DOWN! Attempting restart...
Ср 10 июн 2026 03:05:02 UTC: Service backend is DOWN! Attempting restart...
Ср 10 июн 2026 03:05:02 UTC: Service frontend is DOWN! Attempting restart...
Ср 10 июн 2026 03:05:02 UTC: Service frontend is DOWN! Attempting restart...
 Container fleet_backend  Running
 Container fleet_frontend  Created
 Container fleet_db  Starting
 Container fleet_db  Started
 Container fleet_frontend  Starting
 Container fleet_frontend  Started
Ср 10 июн 2026 03:05:03 UTC: Restart command executed.
Ср 10 июн 2026 03:05:03 UTC: Restart command executed.
jq: error (at <stdin>:1): Cannot index array with string "services"
Ср 10 июн 2026 03:10:01 UTC: Service db is DOWN! Attempting restart...
Ср 10 июн 2026 03:10:01 UTC: Service backend is DOWN! Attempting restart...
Ср 10 июн 2026 03:10:01 UTC: Service frontend is DOWN! Attempting restart...
Ср 10 июн 2026 03:10:01 UTC: Service db is DOWN! Attempting restart...
Ср 10 июн 2026 03:10:01 UTC: Service backend is DOWN! Attempting restart...
Ср 10 июн 2026 03:10:01 UTC: Service frontend is DOWN! Attempting restart...
 Container fleet_backend  Running
 Container fleet_frontend  Created
 Container fleet_db  Starting
 Container fleet_db  Started
 Container fleet_frontend  Starting
 Container fleet_frontend  Started
Ср 10 июн 2026 03:10:02 UTC: Restart command executed.
Ср 10 июн 2026 03:10:02 UTC: Restart command executed.
jq: error (at <stdin>:1): Cannot index array with string "services"
Ср 10 июн 2026 03:15:01 UTC: Service db is DOWN! Attempting restart...
Ср 10 июн 2026 03:15:01 UTC: Service backend is DOWN! Attempting restart...
Ср 10 июн 2026 03:15:01 UTC: Service frontend is DOWN! Attempting restart...
Ср 10 июн 2026 03:15:01 UTC: Service db is DOWN! Attempting restart...
Ср 10 июн 2026 03:15:01 UTC: Service backend is DOWN! Attempting restart...
Ср 10 июн 2026 03:15:01 UTC: Service frontend is DOWN! Attempting restart...
 Container fleet_backend  Running
 Container fleet_frontend  Created
 Container fleet_db  Starting
 Container fleet_db  Started
 Container fleet_frontend  Starting
 Container fleet_frontend  Started
Ср 10 июн 2026 03:15:02 UTC: Restart command executed.
Ср 10 июн 2026 03:15:02 UTC: Restart command executed.
jq: error (at <stdin>:1): Cannot index array with string "services"
Ср 10 июн 2026 03:20:01 UTC: Service db is DOWN! Attempting restart...
Ср 10 июн 2026 03:20:01 UTC: Service backend is DOWN! Attempting restart...
Ср 10 июн 2026 03:20:01 UTC: Service db is DOWN! Attempting restart...
Ср 10 июн 2026 03:20:01 UTC: Service frontend is DOWN! Attempting restart...
Ср 10 июн 2026 03:20:01 UTC: Service backend is DOWN! Attempting restart...
Ср 10 июн 2026 03:20:01 UTC: Service frontend is DOWN! Attempting restart...
 Container fleet_backend  Running
 Container fleet_frontend  Created
 Container fleet_db  Starting
 Container fleet_db  Started
 Container fleet_frontend  Starting
 Container fleet_frontend  Started
Ср 10 июн 2026 03:20:02 UTC: Restart command executed.
Ср 10 июн 2026 03:20:02 UTC: Restart command executed.
jq: error (at <stdin>:1): Cannot index array with string "services"
Ср 10 июн 2026 03:25:01 UTC: Service db is DOWN! Attempting restart...
Ср 10 июн 2026 03:25:01 UTC: Service db is DOWN! Attempting restart...
Ср 10 июн 2026 03:25:01 UTC: Service backend is DOWN! Attempting restart...
Ср 10 июн 2026 03:25:01 UTC: Service backend is DOWN! Attempting restart...
Ср 10 июн 2026 03:25:01 UTC: Service frontend is DOWN! Attempting restart...
Ср 10 июн 2026 03:25:01 UTC: Service frontend is DOWN! Attempting restart...
 Container fleet_backend  Running
 Container fleet_frontend  Created
 Container fleet_db  Starting
 Container fleet_db  Started
 Container fleet_frontend  Starting
 Container fleet_frontend  Started
Ср 10 июн 2026 03:25:02 UTC: Restart command executed.
Ср 10 июн 2026 03:25:02 UTC: Restart command executed.
jq: error (at <stdin>:1): Cannot index array with string "services"
Ср 10 июн 2026 03:30:02 UTC: Service db is DOWN! Attempting restart...
Ср 10 июн 2026 03:30:02 UTC: Service db is DOWN! Attempting restart...
Ср 10 июн 2026 03:30:02 UTC: Service backend is DOWN! Attempting restart...
Ср 10 июн 2026 03:30:02 UTC: Service backend is DOWN! Attempting restart...
Ср 10 июн 2026 03:30:02 UTC: Service frontend is DOWN! Attempting restart...
Ср 10 июн 2026 03:30:02 UTC: Service frontend is DOWN! Attempting restart...
 Container fleet_backend  Running
 Container fleet_frontend  Created
 Container fleet_db  Starting
 Container fleet_db  Started
 Container fleet_frontend  Starting
 Container fleet_frontend  Started
Ср 10 июн 2026 03:30:03 UTC: Restart command executed.
Ср 10 июн 2026 03:30:03 UTC: Restart command executed.
jq: error (at <stdin>:1): Cannot index array with string "services"
Ср 10 июн 2026 03:35:01 UTC: Service db is DOWN! Attempting restart...
Ср 10 июн 2026 03:35:01 UTC: Service backend is DOWN! Attempting restart...
Ср 10 июн 2026 03:35:01 UTC: Service db is DOWN! Attempting restart...
Ср 10 июн 2026 03:35:01 UTC: Service frontend is DOWN! Attempting restart...
Ср 10 июн 2026 03:35:01 UTC: Service backend is DOWN! Attempting restart...
Ср 10 июн 2026 03:35:01 UTC: Service frontend is DOWN! Attempting restart...
 Container fleet_backend  Running
 Container fleet_frontend  Created
 Container fleet_db  Starting
 Container fleet_db  Started
 Container fleet_frontend  Starting
 Container fleet_frontend  Started
Ср 10 июн 2026 03:35:02 UTC: Restart command executed.
Ср 10 июн 2026 03:35:02 UTC: Restart command executed.
jq: error (at <stdin>:1): Cannot index array with string "services"
Ср 10 июн 2026 03:40:01 UTC: Service db is DOWN! Attempting restart...
Ср 10 июн 2026 03:40:01 UTC: Service backend is DOWN! Attempting restart...
Ср 10 июн 2026 03:40:01 UTC: Service frontend is DOWN! Attempting restart...
Ср 10 июн 2026 03:40:01 UTC: Service db is DOWN! Attempting restart...
Ср 10 июн 2026 03:40:01 UTC: Service backend is DOWN! Attempting restart...
Ср 10 июн 2026 03:40:01 UTC: Service frontend is DOWN! Attempting restart...
 Container fleet_backend  Running
 Container fleet_frontend  Created
 Container fleet_db  Starting
 Container fleet_db  Started
 Container fleet_frontend  Starting
 Container fleet_frontend  Started
Ср 10 июн 2026 03:40:02 UTC: Restart command executed.
Ср 10 июн 2026 03:40:02 UTC: Restart command executed.
jq: error (at <stdin>:1): Cannot index array with string "services"
Ср 10 июн 2026 03:45:01 UTC: Service db is DOWN! Attempting restart...
Ср 10 июн 2026 03:45:01 UTC: Service backend is DOWN! Attempting restart...
Ср 10 июн 2026 03:45:01 UTC: Service frontend is DOWN! Attempting restart...
Ср 10 июн 2026 03:45:01 UTC: Service db is DOWN! Attempting restart...
Ср 10 июн 2026 03:45:01 UTC: Service backend is DOWN! Attempting restart...
Ср 10 июн 2026 03:45:01 UTC: Service frontend is DOWN! Attempting restart...
 Container fleet_backend  Running
 Container fleet_frontend  Created
 Container fleet_db  Starting
 Container fleet_db  Started
 Container fleet_frontend  Starting
 Container fleet_frontend  Started
Ср 10 июн 2026 03:45:02 UTC: Restart command executed.
Ср 10 июн 2026 03:45:02 UTC: Restart command executed.
jq: error (at <stdin>:1): Cannot index array with string "services"
Ср 10 июн 2026 03:50:01 UTC: Service db is DOWN! Attempting restart...
Ср 10 июн 2026 03:50:01 UTC: Service db is DOWN! Attempting restart...
Ср 10 июн 2026 03:50:01 UTC: Service backend is DOWN! Attempting restart...
Ср 10 июн 2026 03:50:01 UTC: Service backend is DOWN! Attempting restart...
Ср 10 июн 2026 03:50:01 UTC: Service frontend is DOWN! Attempting restart...
Ср 10 июн 2026 03:50:01 UTC: Service frontend is DOWN! Attempting restart...
 Container fleet_backend  Running
 Container fleet_frontend  Created
 Container fleet_db  Starting
 Container fleet_db  Started
 Container fleet_frontend  Starting
 Container fleet_frontend  Started
Ср 10 июн 2026 03:50:02 UTC: Restart command executed.
Ср 10 июн 2026 03:50:02 UTC: Restart command executed.
jq: error (at <stdin>:1): Cannot index array with string "services"
Ср 10 июн 2026 03:55:01 UTC: Service db is DOWN! Attempting restart...
Ср 10 июн 2026 03:55:01 UTC: Service db is DOWN! Attempting restart...
Ср 10 июн 2026 03:55:01 UTC: Service backend is DOWN! Attempting restart...
Ср 10 июн 2026 03:55:01 UTC: Service backend is DOWN! Attempting restart...
Ср 10 июн 2026 03:55:01 UTC: Service frontend is DOWN! Attempting restart...
Ср 10 июн 2026 03:55:01 UTC: Service frontend is DOWN! Attempting restart...
 Container fleet_backend  Running
 Container fleet_frontend  Created
 Container fleet_db  Starting
 Container fleet_db  Started
 Container fleet_frontend  Starting
 Container fleet_frontend  Started
Ср 10 июн 2026 03:55:02 UTC: Restart command executed.
Ср 10 июн 2026 03:55:02 UTC: Restart command executed.
jq: error (at <stdin>:1): Cannot index array with string "services"
Ср 10 июн 2026 04:00:02 UTC: Service db is DOWN! Attempting restart...
Ср 10 июн 2026 04:00:02 UTC: Service backend is DOWN! Attempting restart...
Ср 10 июн 2026 04:00:02 UTC: Service db is DOWN! Attempting restart...
Ср 10 июн 2026 04:00:02 UTC: Service backend is DOWN! Attempting restart...
Ср 10 июн 2026 04:00:02 UTC: Service frontend is DOWN! Attempting restart...
Ср 10 июн 2026 04:00:02 UTC: Service frontend is DOWN! Attempting restart...
 Container fleet_backend  Running
 Container fleet_frontend  Created
 Container fleet_db  Starting
 Container fleet_db  Started
 Container fleet_frontend  Starting
 Container fleet_frontend  Started
Ср 10 июн 2026 04:00:03 UTC: Restart command executed.
Ср 10 июн 2026 04:00:03 UTC: Restart command executed.
jq: error (at <stdin>:1): Cannot index array with string "services"
Ср 10 июн 2026 04:05:01 UTC: Service db is DOWN! Attempting restart...
Ср 10 июн 2026 04:05:01 UTC: Service db is DOWN! Attempting restart...
Ср 10 июн 2026 04:05:01 UTC: Service backend is DOWN! Attempting restart...
Ср 10 июн 2026 04:05:01 UTC: Service backend is DOWN! Attempting restart...
Ср 10 июн 2026 04:05:01 UTC: Service frontend is DOWN! Attempting restart...
Ср 10 июн 2026 04:05:01 UTC: Service frontend is DOWN! Attempting restart...
 Container fleet_backend  Running
 Container fleet_frontend  Created
 Container fleet_db  Starting
 Container fleet_db  Started
 Container fleet_frontend  Starting
 Container fleet_frontend  Started
Ср 10 июн 2026 04:05:02 UTC: Restart command executed.
Ср 10 июн 2026 04:05:02 UTC: Restart command executed.
jq: error (at <stdin>:1): Cannot index array with string "services"
Ср 10 июн 2026 04:10:01 UTC: Service db is DOWN! Attempting restart...
Ср 10 июн 2026 04:10:01 UTC: Service backend is DOWN! Attempting restart...
Ср 10 июн 2026 04:10:01 UTC: Service db is DOWN! Attempting restart...
Ср 10 июн 2026 04:10:01 UTC: Service backend is DOWN! Attempting restart...
Ср 10 июн 2026 04:10:01 UTC: Service frontend is DOWN! Attempting restart...
Ср 10 июн 2026 04:10:01 UTC: Service frontend is DOWN! Attempting restart...
 Container fleet_backend  Running
 Container fleet_frontend  Created
 Container fleet_db  Starting
 Container fleet_db  Started
 Container fleet_frontend  Starting
 Container fleet_frontend  Started
Ср 10 июн 2026 04:10:02 UTC: Restart command executed.
Ср 10 июн 2026 04:10:02 UTC: Restart command executed.
jq: error (at <stdin>:1): Cannot index array with string "services"
Ср 10 июн 2026 04:15:01 UTC: Service db is DOWN! Attempting restart...
Ср 10 июн 2026 04:15:01 UTC: Service backend is DOWN! Attempting restart...
Ср 10 июн 2026 04:15:01 UTC: Service db is DOWN! Attempting restart...
Ср 10 июн 2026 04:15:01 UTC: Service frontend is DOWN! Attempting restart...
Ср 10 июн 2026 04:15:01 UTC: Service backend is DOWN! Attempting restart...
Ср 10 июн 2026 04:15:01 UTC: Service frontend is DOWN! Attempting restart...
 Container fleet_backend  Running
 Container fleet_frontend  Created
 Container fleet_db  Starting
 Container fleet_db  Started
 Container fleet_frontend  Starting
 Container fleet_frontend  Started
Ср 10 июн 2026 04:15:02 UTC: Restart command executed.
Ср 10 июн 2026 04:15:02 UTC: Restart command executed.
jq: error (at <stdin>:1): Cannot index array with string "services"
Ср 10 июн 2026 04:20:02 UTC: Service db is DOWN! Attempting restart...
Ср 10 июн 2026 04:20:02 UTC: Service db is DOWN! Attempting restart...
Ср 10 июн 2026 04:20:02 UTC: Service backend is DOWN! Attempting restart...
Ср 10 июн 2026 04:20:02 UTC: Service backend is DOWN! Attempting restart...
Ср 10 июн 2026 04:20:02 UTC: Service frontend is DOWN! Attempting restart...
Ср 10 июн 2026 04:20:02 UTC: Service frontend is DOWN! Attempting restart...
 Container fleet_backend  Running
 Container fleet_frontend  Created
 Container fleet_db  Starting
 Container fleet_db  Started
 Container fleet_frontend  Starting
 Container fleet_frontend  Started
Ср 10 июн 2026 04:20:02 UTC: Restart command executed.
Ср 10 июн 2026 04:20:02 UTC: Restart command executed.
jq: error (at <stdin>:1): Cannot index array with string "services"
Ср 10 июн 2026 04:25:02 UTC: Service db is DOWN! Attempting restart...
Ср 10 июн 2026 04:25:02 UTC: Service db is DOWN! Attempting restart...
Ср 10 июн 2026 04:25:02 UTC: Service backend is DOWN! Attempting restart...
Ср 10 июн 2026 04:25:02 UTC: Service backend is DOWN! Attempting restart...
Ср 10 июн 2026 04:25:02 UTC: Service frontend is DOWN! Attempting restart...
Ср 10 июн 2026 04:25:02 UTC: Service frontend is DOWN! Attempting restart...
 Container fleet_backend  Running
 Container fleet_frontend  Created
 Container fleet_db  Starting
 Container fleet_db  Started
 Container fleet_frontend  Starting
 Container fleet_frontend  Started
Ср 10 июн 2026 04:25:03 UTC: Restart command executed.
Ср 10 июн 2026 04:25:03 UTC: Restart command executed.
jq: error (at <stdin>:1): Cannot index array with string "services"
Ср 10 июн 2026 04:30:01 UTC: Service db is DOWN! Attempting restart...
Ср 10 июн 2026 04:30:01 UTC: Service db is DOWN! Attempting restart...
Ср 10 июн 2026 04:30:01 UTC: Service backend is DOWN! Attempting restart...
Ср 10 июн 2026 04:30:01 UTC: Service backend is DOWN! Attempting restart...
Ср 10 июн 2026 04:30:01 UTC: Service frontend is DOWN! Attempting restart...
Ср 10 июн 2026 04:30:01 UTC: Service frontend is DOWN! Attempting restart...
 Container fleet_backend  Running
 Container fleet_frontend  Created
 Container fleet_db  Starting
 Container fleet_db  Started
 Container fleet_frontend  Starting
 Container fleet_frontend  Started
Ср 10 июн 2026 04:30:02 UTC: Restart command executed.
Ср 10 июн 2026 04:30:02 UTC: Restart command executed.
jq: error (at <stdin>:1): Cannot index array with string "services"
Ср 10 июн 2026 04:35:01 UTC: Service db is DOWN! Attempting restart...
Ср 10 июн 2026 04:35:01 UTC: Service backend is DOWN! Attempting restart...
Ср 10 июн 2026 04:35:01 UTC: Service db is DOWN! Attempting restart...
Ср 10 июн 2026 04:35:01 UTC: Service backend is DOWN! Attempting restart...
Ср 10 июн 2026 04:35:01 UTC: Service frontend is DOWN! Attempting restart...
Ср 10 июн 2026 04:35:01 UTC: Service frontend is DOWN! Attempting restart...
 Container fleet_backend  Running
 Container fleet_frontend  Created
 Container fleet_db  Starting
 Container fleet_db  Started
 Container fleet_frontend  Starting
 Container fleet_frontend  Started
Ср 10 июн 2026 04:35:02 UTC: Restart command executed.
Ср 10 июн 2026 04:35:02 UTC: Restart command executed.
jq: error (at <stdin>:1): Cannot index array with string "services"
Ср 10 июн 2026 04:40:01 UTC: Service db is DOWN! Attempting restart...
Ср 10 июн 2026 04:40:01 UTC: Service db is DOWN! Attempting restart...
Ср 10 июн 2026 04:40:01 UTC: Service backend is DOWN! Attempting restart...
Ср 10 июн 2026 04:40:01 UTC: Service backend is DOWN! Attempting restart...
Ср 10 июн 2026 04:40:01 UTC: Service frontend is DOWN! Attempting restart...
Ср 10 июн 2026 04:40:01 UTC: Service frontend is DOWN! Attempting restart...
 Container fleet_backend  Running
 Container fleet_frontend  Created
 Container fleet_db  Starting
 Container fleet_db  Started
 Container fleet_frontend  Starting
 Container fleet_frontend  Started
Ср 10 июн 2026 04:40:02 UTC: Restart command executed.
Ср 10 июн 2026 04:40:02 UTC: Restart command executed.
jq: error (at <stdin>:1): Cannot index array with string "services"
Ср 10 июн 2026 04:45:01 UTC: Service db is DOWN! Attempting restart...
Ср 10 июн 2026 04:45:01 UTC: Service db is DOWN! Attempting restart...
Ср 10 июн 2026 04:45:01 UTC: Service backend is DOWN! Attempting restart...
Ср 10 июн 2026 04:45:01 UTC: Service backend is DOWN! Attempting restart...
Ср 10 июн 2026 04:45:01 UTC: Service frontend is DOWN! Attempting restart...
Ср 10 июн 2026 04:45:01 UTC: Service frontend is DOWN! Attempting restart...
 Container fleet_backend  Running
 Container fleet_frontend  Created
 Container fleet_db  Starting
 Container fleet_db  Started
 Container fleet_frontend  Starting
 Container fleet_frontend  Started
Ср 10 июн 2026 04:45:02 UTC: Restart command executed.
Ср 10 июн 2026 04:45:02 UTC: Restart command executed.
jq: error (at <stdin>:1): Cannot index array with string "services"
Ср 10 июн 2026 04:50:02 UTC: Service db is DOWN! Attempting restart...
Ср 10 июн 2026 04:50:02 UTC: Service db is DOWN! Attempting restart...
Ср 10 июн 2026 04:50:02 UTC: Service backend is DOWN! Attempting restart...
Ср 10 июн 2026 04:50:02 UTC: Service backend is DOWN! Attempting restart...
Ср 10 июн 2026 04:50:02 UTC: Service frontend is DOWN! Attempting restart...
Ср 10 июн 2026 04:50:02 UTC: Service frontend is DOWN! Attempting restart...
 Container fleet_backend  Running
 Container fleet_frontend  Created
 Container fleet_db  Starting
 Container fleet_db  Started
 Container fleet_frontend  Starting
 Container fleet_frontend  Started
Ср 10 июн 2026 04:50:03 UTC: Restart command executed.
Ср 10 июн 2026 04:50:03 UTC: Restart command executed.
jq: error (at <stdin>:1): Cannot index array with string "services"
Ср 10 июн 2026 04:55:01 UTC: Service db is DOWN! Attempting restart...
Ср 10 июн 2026 04:55:01 UTC: Service db is DOWN! Attempting restart...
Ср 10 июн 2026 04:55:01 UTC: Service backend is DOWN! Attempting restart...
Ср 10 июн 2026 04:55:01 UTC: Service backend is DOWN! Attempting restart...
Ср 10 июн 2026 04:55:01 UTC: Service frontend is DOWN! Attempting restart...
Ср 10 июн 2026 04:55:01 UTC: Service frontend is DOWN! Attempting restart...
 Container fleet_backend  Running
 Container fleet_frontend  Created
 Container fleet_db  Starting
 Container fleet_db  Started
 Container fleet_frontend  Starting
 Container fleet_frontend  Started
Ср 10 июн 2026 04:55:02 UTC: Restart command executed.
Ср 10 июн 2026 04:55:02 UTC: Restart command executed.
jq: error (at <stdin>:1): Cannot index array with string "services"
Ср 10 июн 2026 05:00:01 UTC: Service db is DOWN! Attempting restart...
Ср 10 июн 2026 05:00:01 UTC: Service backend is DOWN! Attempting restart...
Ср 10 июн 2026 05:00:01 UTC: Service frontend is DOWN! Attempting restart...
Ср 10 июн 2026 05:00:01 UTC: Service db is DOWN! Attempting restart...
Ср 10 июн 2026 05:00:01 UTC: Service backend is DOWN! Attempting restart...
Ср 10 июн 2026 05:00:01 UTC: Service frontend is DOWN! Attempting restart...
 Container fleet_backend  Running
 Container fleet_frontend  Created
 Container fleet_db  Starting
 Container fleet_db  Started
 Container fleet_frontend  Starting
 Container fleet_frontend  Started
Ср 10 июн 2026 05:00:02 UTC: Restart command executed.
Ср 10 июн 2026 05:00:02 UTC: Restart command executed.
jq: error (at <stdin>:1): Cannot index array with string "services"
Ср 10 июн 2026 05:05:01 UTC: Service db is DOWN! Attempting restart...
Ср 10 июн 2026 05:05:01 UTC: Service backend is DOWN! Attempting restart...
Ср 10 июн 2026 05:05:01 UTC: Service frontend is DOWN! Attempting restart...
Ср 10 июн 2026 05:05:01 UTC: Service db is DOWN! Attempting restart...
Ср 10 июн 2026 05:05:01 UTC: Service backend is DOWN! Attempting restart...
Ср 10 июн 2026 05:05:01 UTC: Service frontend is DOWN! Attempting restart...
 Container fleet_backend  Running
 Container fleet_frontend  Created
 Container fleet_db  Starting
 Container fleet_db  Started
 Container fleet_frontend  Starting
 Container fleet_frontend  Started
Ср 10 июн 2026 05:05:02 UTC: Restart command executed.
Ср 10 июн 2026 05:05:02 UTC: Restart command executed.
jq: error (at <stdin>:1): Cannot index array with string "services"
Ср 10 июн 2026 05:10:01 UTC: Service db is DOWN! Attempting restart...
Ср 10 июн 2026 05:10:01 UTC: Service backend is DOWN! Attempting restart...
Ср 10 июн 2026 05:10:01 UTC: Service db is DOWN! Attempting restart...
Ср 10 июн 2026 05:10:01 UTC: Service backend is DOWN! Attempting restart...
Ср 10 июн 2026 05:10:01 UTC: Service frontend is DOWN! Attempting restart...
Ср 10 июн 2026 05:10:01 UTC: Service frontend is DOWN! Attempting restart...
 Container fleet_backend  Running
 Container fleet_frontend  Created
 Container fleet_db  Starting
 Container fleet_db  Started
 Container fleet_frontend  Starting
 Container fleet_frontend  Started
Ср 10 июн 2026 05:10:02 UTC: Restart command executed.
Ср 10 июн 2026 05:10:02 UTC: Restart command executed.
Ср 10 июн 2026 05:15:01 UTC: Service db is DOWN! Attempting restart...
jq: error (at <stdin>:1): Cannot index array with string "services"
Ср 10 июн 2026 05:15:01 UTC: Service backend is DOWN! Attempting restart...
Ср 10 июн 2026 05:15:01 UTC: Service frontend is DOWN! Attempting restart...
Ср 10 июн 2026 05:15:01 UTC: Service db is DOWN! Attempting restart...
Ср 10 июн 2026 05:15:01 UTC: Service backend is DOWN! Attempting restart...
Ср 10 июн 2026 05:15:02 UTC: Service frontend is DOWN! Attempting restart...
 Container fleet_backend  Running
 Container fleet_frontend  Created
 Container fleet_db  Starting
 Container fleet_db  Started
 Container fleet_frontend  Starting
 Container fleet_frontend  Started
Ср 10 июн 2026 05:15:03 UTC: Restart command executed.
Ср 10 июн 2026 05:15:03 UTC: Restart command executed.
jq: error (at <stdin>:1): Cannot index array with string "services"
Ср 10 июн 2026 05:20:01 UTC: Service db is DOWN! Attempting restart...
Ср 10 июн 2026 05:20:01 UTC: Service backend is DOWN! Attempting restart...
Ср 10 июн 2026 05:20:01 UTC: Service frontend is DOWN! Attempting restart...
Ср 10 июн 2026 05:20:01 UTC: Service db is DOWN! Attempting restart...
Ср 10 июн 2026 05:20:01 UTC: Service backend is DOWN! Attempting restart...
Ср 10 июн 2026 05:20:01 UTC: Service frontend is DOWN! Attempting restart...
 Container fleet_backend  Running
 Container fleet_frontend  Created
 Container fleet_db  Starting
 Container fleet_db  Started
 Container fleet_frontend  Starting
 Container fleet_frontend  Started
Ср 10 июн 2026 05:20:02 UTC: Restart command executed.
Ср 10 июн 2026 05:20:02 UTC: Restart command executed.
jq: error (at <stdin>:1): Cannot index array with string "services"
Ср 10 июн 2026 05:25:01 UTC: Service db is DOWN! Attempting restart...
Ср 10 июн 2026 05:25:01 UTC: Service db is DOWN! Attempting restart...
Ср 10 июн 2026 05:25:01 UTC: Service backend is DOWN! Attempting restart...
Ср 10 июн 2026 05:25:01 UTC: Service backend is DOWN! Attempting restart...
Ср 10 июн 2026 05:25:01 UTC: Service frontend is DOWN! Attempting restart...
Ср 10 июн 2026 05:25:01 UTC: Service frontend is DOWN! Attempting restart...
 Container fleet_backend  Running
 Container fleet_frontend  Created
 Container fleet_db  Starting
 Container fleet_db  Started
 Container fleet_frontend  Starting
 Container fleet_frontend  Started
Ср 10 июн 2026 05:25:02 UTC: Restart command executed.
Ср 10 июн 2026 05:25:02 UTC: Restart command executed.
jq: error (at <stdin>:1): Cannot index array with string "services"
Ср 10 июн 2026 05:30:01 UTC: Service db is DOWN! Attempting restart...
Ср 10 июн 2026 05:30:01 UTC: Service db is DOWN! Attempting restart...
Ср 10 июн 2026 05:30:01 UTC: Service backend is DOWN! Attempting restart...
Ср 10 июн 2026 05:30:01 UTC: Service backend is DOWN! Attempting restart...
Ср 10 июн 2026 05:30:01 UTC: Service frontend is DOWN! Attempting restart...
Ср 10 июн 2026 05:30:01 UTC: Service frontend is DOWN! Attempting restart...
 Container fleet_backend  Running
 Container fleet_frontend  Created
 Container fleet_db  Starting
 Container fleet_db  Started
 Container fleet_frontend  Starting
 Container fleet_frontend  Started
Ср 10 июн 2026 05:30:02 UTC: Restart command executed.
Ср 10 июн 2026 05:30:02 UTC: Restart command executed.
jq: error (at <stdin>:1): Cannot index array with string "services"
Ср 10 июн 2026 05:35:01 UTC: Service db is DOWN! Attempting restart...
Ср 10 июн 2026 05:35:01 UTC: Service db is DOWN! Attempting restart...
Ср 10 июн 2026 05:35:01 UTC: Service backend is DOWN! Attempting restart...
Ср 10 июн 2026 05:35:01 UTC: Service backend is DOWN! Attempting restart...
Ср 10 июн 2026 05:35:01 UTC: Service frontend is DOWN! Attempting restart...
Ср 10 июн 2026 05:35:01 UTC: Service frontend is DOWN! Attempting restart...
 Container fleet_backend  Running
 Container fleet_frontend  Created
 Container fleet_db  Starting
 Container fleet_db  Started
 Container fleet_frontend  Starting
 Container fleet_frontend  Started
Ср 10 июн 2026 05:35:02 UTC: Restart command executed.
Ср 10 июн 2026 05:35:02 UTC: Restart command executed.
jq: error (at <stdin>:1): Cannot index array with string "services"
Ср 10 июн 2026 05:40:01 UTC: Service db is DOWN! Attempting restart...
Ср 10 июн 2026 05:40:01 UTC: Service backend is DOWN! Attempting restart...
Ср 10 июн 2026 05:40:01 UTC: Service db is DOWN! Attempting restart...
Ср 10 июн 2026 05:40:01 UTC: Service frontend is DOWN! Attempting restart...
Ср 10 июн 2026 05:40:01 UTC: Service backend is DOWN! Attempting restart...
Ср 10 июн 2026 05:40:01 UTC: Service frontend is DOWN! Attempting restart...
 Container fleet_backend  Running
 Container fleet_frontend  Created
 Container fleet_db  Starting
 Container fleet_db  Started
 Container fleet_frontend  Starting
 Container fleet_frontend  Started
Ср 10 июн 2026 05:40:02 UTC: Restart command executed.
Ср 10 июн 2026 05:40:02 UTC: Restart command executed.
jq: error (at <stdin>:1): Cannot index array with string "services"
Ср 10 июн 2026 05:45:02 UTC: Service db is DOWN! Attempting restart...
Ср 10 июн 2026 05:45:02 UTC: Service db is DOWN! Attempting restart...
Ср 10 июн 2026 05:45:02 UTC: Service backend is DOWN! Attempting restart...
Ср 10 июн 2026 05:45:02 UTC: Service backend is DOWN! Attempting restart...
Ср 10 июн 2026 05:45:02 UTC: Service frontend is DOWN! Attempting restart...
Ср 10 июн 2026 05:45:02 UTC: Service frontend is DOWN! Attempting restart...
 Container fleet_backend  Running
 Container fleet_frontend  Created
 Container fleet_db  Starting
 Container fleet_db  Started
 Container fleet_frontend  Starting
 Container fleet_frontend  Started
Ср 10 июн 2026 05:45:03 UTC: Restart command executed.
Ср 10 июн 2026 05:45:03 UTC: Restart command executed.
jq: error (at <stdin>:1): Cannot index array with string "services"
Ср 10 июн 2026 05:50:01 UTC: Service db is DOWN! Attempting restart...
Ср 10 июн 2026 05:50:01 UTC: Service db is DOWN! Attempting restart...
Ср 10 июн 2026 05:50:01 UTC: Service backend is DOWN! Attempting restart...
Ср 10 июн 2026 05:50:01 UTC: Service backend is DOWN! Attempting restart...
Ср 10 июн 2026 05:50:01 UTC: Service frontend is DOWN! Attempting restart...
Ср 10 июн 2026 05:50:01 UTC: Service frontend is DOWN! Attempting restart...
 Container fleet_backend  Running
 Container fleet_frontend  Created
 Container fleet_db  Starting
 Container fleet_db  Started
 Container fleet_frontend  Starting
 Container fleet_frontend  Started
Ср 10 июн 2026 05:50:02 UTC: Restart command executed.
Ср 10 июн 2026 05:50:02 UTC: Restart command executed.
jq: error (at <stdin>:1): Cannot index array with string "services"
Ср 10 июн 2026 05:55:01 UTC: Service db is DOWN! Attempting restart...
Ср 10 июн 2026 05:55:01 UTC: Service backend is DOWN! Attempting restart...
Ср 10 июн 2026 05:55:01 UTC: Service db is DOWN! Attempting restart...
Ср 10 июн 2026 05:55:01 UTC: Service backend is DOWN! Attempting restart...
Ср 10 июн 2026 05:55:01 UTC: Service frontend is DOWN! Attempting restart...
Ср 10 июн 2026 05:55:01 UTC: Service frontend is DOWN! Attempting restart...
 Container fleet_backend  Running
 Container fleet_frontend  Created
 Container fleet_db  Starting
 Container fleet_db  Started
 Container fleet_frontend  Starting
 Container fleet_frontend  Started
Ср 10 июн 2026 05:55:02 UTC: Restart command executed.
Ср 10 июн 2026 05:55:02 UTC: Restart command executed.
jq: error (at <stdin>:1): Cannot index array with string "services"
Ср 10 июн 2026 06:00:01 UTC: Service db is DOWN! Attempting restart...
Ср 10 июн 2026 06:00:01 UTC: Service backend is DOWN! Attempting restart...
Ср 10 июн 2026 06:00:01 UTC: Service frontend is DOWN! Attempting restart...
Ср 10 июн 2026 06:00:01 UTC: Service db is DOWN! Attempting restart...
Ср 10 июн 2026 06:00:01 UTC: Service backend is DOWN! Attempting restart...
Ср 10 июн 2026 06:00:01 UTC: Service frontend is DOWN! Attempting restart...
 Container fleet_backend  Running
 Container fleet_frontend  Created
 Container fleet_db  Starting
 Container fleet_db  Started
 Container fleet_frontend  Starting
 Container fleet_frontend  Started
Ср 10 июн 2026 06:00:02 UTC: Restart command executed.
Ср 10 июн 2026 06:00:02 UTC: Restart command executed.
jq: error (at <stdin>:1): Cannot index array with string "services"
Ср 10 июн 2026 06:05:01 UTC: Service db is DOWN! Attempting restart...
Ср 10 июн 2026 06:05:01 UTC: Service backend is DOWN! Attempting restart...
Ср 10 июн 2026 06:05:01 UTC: Service frontend is DOWN! Attempting restart...
 Container fleet_backend  Running
 Container fleet_frontend  Created
 Container fleet_db  Starting
 Container fleet_db  Started
 Container fleet_frontend  Starting
 Container fleet_frontend  Started
Ср 10 июн 2026 06:05:02 UTC: Restart command executed.
jq: error (at <stdin>:1): Cannot index array with string "services"
Ср 10 июн 2026 06:10:01 UTC: Service db is DOWN! Attempting restart...
Ср 10 июн 2026 06:10:01 UTC: Service backend is DOWN! Attempting restart...
Ср 10 июн 2026 06:10:01 UTC: Service frontend is DOWN! Attempting restart...
 Container fleet_backend  Running
 Container fleet_frontend  Created
 Container fleet_db  Starting
 Container fleet_db  Started
 Container fleet_frontend  Starting
 Container fleet_frontend  Started
Ср 10 июн 2026 06:10:02 UTC: Restart command executed.
jq: error (at <stdin>:1): Cannot index array with string "services"
Ср 10 июн 2026 06:15:02 UTC: Service db is DOWN! Attempting restart...
Ср 10 июн 2026 06:15:02 UTC: Service backend is DOWN! Attempting restart...
Ср 10 июн 2026 06:15:02 UTC: Service frontend is DOWN! Attempting restart...
 Container fleet_backend  Running
 Container fleet_frontend  Created
 Container fleet_db  Starting
 Container fleet_db  Started
 Container fleet_frontend  Starting
 Container fleet_frontend  Started
Ср 10 июн 2026 06:15:03 UTC: Restart command executed.
jq: error (at <stdin>:1): Cannot index array with string "services"
Ср 10 июн 2026 06:20:01 UTC: Service db is DOWN! Attempting restart...
Ср 10 июн 2026 06:20:01 UTC: Service backend is DOWN! Attempting restart...
Ср 10 июн 2026 06:20:01 UTC: Service frontend is DOWN! Attempting restart...
 Container fleet_backend  Running
 Container fleet_frontend  Created
 Container fleet_db  Starting
 Container fleet_db  Started
 Container fleet_frontend  Starting
 Container fleet_frontend  Started
Ср 10 июн 2026 06:20:02 UTC: Restart command executed.
jq: error (at <stdin>:1): Cannot index array with string "services"
Ср 10 июн 2026 06:25:01 UTC: Service db is DOWN! Attempting restart...
Ср 10 июн 2026 06:25:01 UTC: Service backend is DOWN! Attempting restart...
Ср 10 июн 2026 06:25:01 UTC: Service frontend is DOWN! Attempting restart...
 Container fleet_backend  Running
 Container fleet_frontend  Created
 Container fleet_db  Starting
 Container fleet_db  Started
 Container fleet_frontend  Starting
 Container fleet_frontend  Started
Ср 10 июн 2026 06:25:02 UTC: Restart command executed.
jq: error (at <stdin>:1): Cannot index array with string "services"
Ср 10 июн 2026 06:30:01 UTC: Service db is DOWN! Attempting restart...
Ср 10 июн 2026 06:30:01 UTC: Service backend is DOWN! Attempting restart...
Ср 10 июн 2026 06:30:01 UTC: Service frontend is DOWN! Attempting restart...
 Container fleet_backend  Running
 Container fleet_frontend  Created
 Container fleet_db  Starting
 Container fleet_db  Started
 Container fleet_frontend  Starting
 Container fleet_frontend  Started
Ср 10 июн 2026 06:30:02 UTC: Restart command executed.
jq: error (at <stdin>:1): Cannot index array with string "services"
Ср 10 июн 2026 06:35:01 UTC: Service db is DOWN! Attempting restart...
Ср 10 июн 2026 06:35:01 UTC: Service backend is DOWN! Attempting restart...
Ср 10 июн 2026 06:35:01 UTC: Service frontend is DOWN! Attempting restart...
 Container fleet_backend  Running
 Container fleet_frontend  Created
 Container fleet_db  Starting
 Container fleet_db  Started
 Container fleet_frontend  Starting
 Container fleet_frontend  Started
Ср 10 июн 2026 06:35:02 UTC: Restart command executed.
jq: error (at <stdin>:1): Cannot index array with string "services"
Ср 10 июн 2026 06:40:01 UTC: Service db is DOWN! Attempting restart...
Ср 10 июн 2026 06:40:01 UTC: Service backend is DOWN! Attempting restart...
Ср 10 июн 2026 06:40:01 UTC: Service frontend is DOWN! Attempting restart...
 Container fleet_backend  Running
 Container fleet_frontend  Created
 Container fleet_db  Starting
 Container fleet_db  Started
 Container fleet_frontend  Starting
 Container fleet_frontend  Started
Ср 10 июн 2026 06:40:02 UTC: Restart command executed.
jq: error (at <stdin>:1): Cannot index array with string "services"
Ср 10 июн 2026 06:45:01 UTC: Service db is DOWN! Attempting restart...
Ср 10 июн 2026 06:45:01 UTC: Service backend is DOWN! Attempting restart...
Ср 10 июн 2026 06:45:01 UTC: Service frontend is DOWN! Attempting restart...
 Container fleet_backend  Running
 Container fleet_frontend  Created
 Container fleet_db  Starting
 Container fleet_db  Started
 Container fleet_frontend  Starting
 Container fleet_frontend  Started
Ср 10 июн 2026 06:45:02 UTC: Restart command executed.
jq: error (at <stdin>:1): Cannot index array with string "services"
Ср 10 июн 2026 06:50:01 UTC: Service db is DOWN! Attempting restart...
Ср 10 июн 2026 06:50:01 UTC: Service backend is DOWN! Attempting restart...
Ср 10 июн 2026 06:50:01 UTC: Service frontend is DOWN! Attempting restart...
 Container fleet_backend  Running
 Container fleet_frontend  Created
 Container fleet_db  Starting
 Container fleet_db  Started
 Container fleet_frontend  Starting
 Container fleet_frontend  Started
Ср 10 июн 2026 06:50:02 UTC: Restart command executed.
jq: error (at <stdin>:1): Cannot index array with string "services"
Ср 10 июн 2026 06:55:02 UTC: Service db is DOWN! Attempting restart...
Ср 10 июн 2026 06:55:02 UTC: Service backend is DOWN! Attempting restart...
Ср 10 июн 2026 06:55:02 UTC: Service frontend is DOWN! Attempting restart...
 Container fleet_backend  Running
 Container fleet_frontend  Created
 Container fleet_db  Starting
 Container fleet_db  Started
 Container fleet_frontend  Starting
 Container fleet_frontend  Started
Ср 10 июн 2026 06:55:02 UTC: Restart command executed.
jq: error (at <stdin>:1): Cannot index array with string "services"
Ср 10 июн 2026 07:00:02 UTC: Service db is DOWN! Attempting restart...
Ср 10 июн 2026 07:00:02 UTC: Service backend is DOWN! Attempting restart...
Ср 10 июн 2026 07:00:02 UTC: Service frontend is DOWN! Attempting restart...
 Container fleet_backend  Running
 Container fleet_frontend  Created
 Container fleet_db  Starting
 Container fleet_db  Started
 Container fleet_frontend  Starting
 Container fleet_frontend  Started
Ср 10 июн 2026 07:00:03 UTC: Restart command executed.
jq: error (at <stdin>:1): Cannot index array with string "services"
Ср 10 июн 2026 07:05:01 UTC: Service db is DOWN! Attempting restart...
Ср 10 июн 2026 07:05:01 UTC: Service backend is DOWN! Attempting restart...
Ср 10 июн 2026 07:05:01 UTC: Service frontend is DOWN! Attempting restart...
 Container fleet_backend  Running
 Container fleet_frontend  Created
 Container fleet_db  Starting
 Container fleet_db  Started
 Container fleet_frontend  Starting
 Container fleet_frontend  Started
Ср 10 июн 2026 07:05:02 UTC: Restart command executed.
jq: error (at <stdin>:1): Cannot index array with string "services"
Ср 10 июн 2026 07:10:01 UTC: Service db is DOWN! Attempting restart...
Ср 10 июн 2026 07:10:01 UTC: Service backend is DOWN! Attempting restart...
Ср 10 июн 2026 07:10:01 UTC: Service frontend is DOWN! Attempting restart...
 Container fleet_backend  Running
 Container fleet_frontend  Created
 Container fleet_db  Starting
 Container fleet_db  Started
 Container fleet_frontend  Starting
 Container fleet_frontend  Started
Ср 10 июн 2026 07:10:02 UTC: Restart command executed.
jq: error (at <stdin>:1): Cannot index array with string "services"
Ср 10 июн 2026 07:15:01 UTC: Service db is DOWN! Attempting restart...
Ср 10 июн 2026 07:15:01 UTC: Service backend is DOWN! Attempting restart...
Ср 10 июн 2026 07:15:01 UTC: Service frontend is DOWN! Attempting restart...
 Container fleet_backend  Running
 Container fleet_frontend  Created
 Container fleet_db  Starting
 Container fleet_db  Started
 Container fleet_frontend  Starting
 Container fleet_frontend  Started
Ср 10 июн 2026 07:15:02 UTC: Restart command executed.
jq: error (at <stdin>:1): Cannot index array with string "services"
Ср 10 июн 2026 07:20:01 UTC: Service db is DOWN! Attempting restart...
Ср 10 июн 2026 07:20:01 UTC: Service backend is DOWN! Attempting restart...
Ср 10 июн 2026 07:20:01 UTC: Service frontend is DOWN! Attempting restart...
 Container fleet_backend  Running
 Container fleet_frontend  Created
 Container fleet_db  Starting
 Container fleet_db  Started
 Container fleet_frontend  Starting
 Container fleet_frontend  Started
Ср 10 июн 2026 07:20:02 UTC: Restart command executed.
jq: error (at <stdin>:1): Cannot index array with string "services"
Ср 10 июн 2026 07:25:01 UTC: Service db is DOWN! Attempting restart...
Ср 10 июн 2026 07:25:01 UTC: Service backend is DOWN! Attempting restart...
Ср 10 июн 2026 07:25:01 UTC: Service frontend is DOWN! Attempting restart...
 Container fleet_backend  Running
 Container fleet_frontend  Created
 Container fleet_db  Starting
 Container fleet_db  Started
 Container fleet_frontend  Starting
 Container fleet_frontend  Started
Ср 10 июн 2026 07:25:02 UTC: Restart command executed.
jq: error (at <stdin>:1): Cannot index array with string "services"
Ср 10 июн 2026 07:30:01 UTC: Service db is DOWN! Attempting restart...
Ср 10 июн 2026 07:30:01 UTC: Service backend is DOWN! Attempting restart...
Ср 10 июн 2026 07:30:01 UTC: Service frontend is DOWN! Attempting restart...
 Container fleet_backend  Running
 Container fleet_frontend  Created
 Container fleet_db  Starting
 Container fleet_db  Started
 Container fleet_frontend  Starting
 Container fleet_frontend  Started
Ср 10 июн 2026 07:30:02 UTC: Restart command executed.
jq: error (at <stdin>:1): Cannot index array with string "services"
Ср 10 июн 2026 07:35:01 UTC: Service db is DOWN! Attempting restart...
Ср 10 июн 2026 07:35:01 UTC: Service backend is DOWN! Attempting restart...
Ср 10 июн 2026 07:35:01 UTC: Service frontend is DOWN! Attempting restart...
 Container fleet_backend  Running
 Container fleet_frontend  Created
 Container fleet_db  Starting
 Container fleet_db  Started
 Container fleet_frontend  Starting
 Container fleet_frontend  Started
Ср 10 июн 2026 07:35:02 UTC: Restart command executed.
jq: error (at <stdin>:1): Cannot index array with string "services"
Ср 10 июн 2026 07:40:01 UTC: Service db is DOWN! Attempting restart...
Ср 10 июн 2026 07:40:01 UTC: Service backend is DOWN! Attempting restart...
Ср 10 июн 2026 07:40:01 UTC: Service frontend is DOWN! Attempting restart...
 Container fleet_backend  Running
 Container fleet_frontend  Created
 Container fleet_db  Starting
 Container fleet_db  Started
 Container fleet_frontend  Starting
 Container fleet_frontend  Started
Ср 10 июн 2026 07:40:02 UTC: Restart command executed.
jq: error (at <stdin>:1): Cannot index array with string "services"
Ср 10 июн 2026 07:45:02 UTC: Service db is DOWN! Attempting restart...
Ср 10 июн 2026 07:45:02 UTC: Service backend is DOWN! Attempting restart...
Ср 10 июн 2026 07:45:02 UTC: Service frontend is DOWN! Attempting restart...
 Container fleet_backend  Running
 Container fleet_frontend  Created
 Container fleet_db  Starting
 Container fleet_db  Started
 Container fleet_frontend  Starting
 Container fleet_frontend  Started
Ср 10 июн 2026 07:45:03 UTC: Restart command executed.
jq: error (at <stdin>:1): Cannot index array with string "services"
Ср 10 июн 2026 07:50:01 UTC: Service db is DOWN! Attempting restart...
Ср 10 июн 2026 07:50:01 UTC: Service backend is DOWN! Attempting restart...
Ср 10 июн 2026 07:50:01 UTC: Service frontend is DOWN! Attempting restart...
 Container fleet_backend  Running
 Container fleet_frontend  Created
 Container fleet_db  Starting
 Container fleet_db  Started
 Container fleet_frontend  Starting
 Container fleet_frontend  Started
Ср 10 июн 2026 07:50:02 UTC: Restart command executed.
jq: error (at <stdin>:1): Cannot index array with string "services"
Ср 10 июн 2026 07:55:01 UTC: Service db is DOWN! Attempting restart...
Ср 10 июн 2026 07:55:01 UTC: Service backend is DOWN! Attempting restart...
Ср 10 июн 2026 07:55:01 UTC: Service frontend is DOWN! Attempting restart...
 Container fleet_backend  Running
 Container fleet_frontend  Created
 Container fleet_db  Starting
 Container fleet_db  Started
 Container fleet_frontend  Starting
 Container fleet_frontend  Started
Ср 10 июн 2026 07:55:02 UTC: Restart command executed.
jq: error (at <stdin>:1): Cannot index array with string "services"
Ср 10 июн 2026 08:00:01 UTC: Service db is DOWN! Attempting restart...
Ср 10 июн 2026 08:00:01 UTC: Service backend is DOWN! Attempting restart...
Ср 10 июн 2026 08:00:01 UTC: Service frontend is DOWN! Attempting restart...
 Container fleet_backend  Running
 Container fleet_frontend  Created
 Container fleet_db  Starting
 Container fleet_db  Started
 Container fleet_frontend  Starting
 Container fleet_frontend  Started
Ср 10 июн 2026 08:00:02 UTC: Restart command executed.
jq: error (at <stdin>:1): Cannot index array with string "services"
Ср 10 июн 2026 08:05:01 UTC: Service db is DOWN! Attempting restart...
Ср 10 июн 2026 08:05:01 UTC: Service backend is DOWN! Attempting restart...
Ср 10 июн 2026 08:05:01 UTC: Service frontend is DOWN! Attempting restart...
 Container fleet_backend  Running
 Container fleet_frontend  Created
 Container fleet_db  Starting
 Container fleet_db  Started
 Container fleet_frontend  Starting
 Container fleet_frontend  Started
Ср 10 июн 2026 08:05:02 UTC: Restart command executed.
jq: error (at <stdin>:1): Cannot index array with string "services"
Ср 10 июн 2026 08:10:01 UTC: Service db is DOWN! Attempting restart...
Ср 10 июн 2026 08:10:01 UTC: Service backend is DOWN! Attempting restart...
Ср 10 июн 2026 08:10:01 UTC: Service frontend is DOWN! Attempting restart...
 Container fleet_backend  Running
 Container fleet_frontend  Created
 Container fleet_db  Starting
 Container fleet_db  Started
 Container fleet_frontend  Starting
 Container fleet_frontend  Started
Ср 10 июн 2026 08:10:02 UTC: Restart command executed.
jq: error (at <stdin>:1): Cannot index array with string "services"
Ср 10 июн 2026 08:15:01 UTC: Service db is DOWN! Attempting restart...
Ср 10 июн 2026 08:15:01 UTC: Service backend is DOWN! Attempting restart...
Ср 10 июн 2026 08:15:01 UTC: Service frontend is DOWN! Attempting restart...
 Container fleet_backend  Running
 Container fleet_frontend  Created
 Container fleet_db  Starting
 Container fleet_db  Started
 Container fleet_frontend  Starting
 Container fleet_frontend  Started
Ср 10 июн 2026 08:15:02 UTC: Restart command executed.
jq: error (at <stdin>:1): Cannot index array with string "services"
Ср 10 июн 2026 08:20:01 UTC: Service db is DOWN! Attempting restart...
Ср 10 июн 2026 08:20:01 UTC: Service backend is DOWN! Attempting restart...
Ср 10 июн 2026 08:20:01 UTC: Service frontend is DOWN! Attempting restart...
 Container fleet_backend  Running
 Container fleet_frontend  Created
 Container fleet_db  Starting
 Container fleet_db  Started
 Container fleet_frontend  Starting
 Container fleet_frontend  Started
Ср 10 июн 2026 08:20:02 UTC: Restart command executed.
jq: error (at <stdin>:1): Cannot index array with string "services"
Ср 10 июн 2026 08:25:01 UTC: Service db is DOWN! Attempting restart...
Ср 10 июн 2026 08:25:01 UTC: Service backend is DOWN! Attempting restart...
Ср 10 июн 2026 08:25:01 UTC: Service frontend is DOWN! Attempting restart...
 Container fleet_backend  Running
 Container fleet_frontend  Created
 Container fleet_db  Starting
 Container fleet_db  Started
 Container fleet_frontend  Starting
 Container fleet_frontend  Started
Ср 10 июн 2026 08:25:02 UTC: Restart command executed.
jq: error (at <stdin>:1): Cannot index array with string "services"
Ср 10 июн 2026 08:30:01 UTC: Service db is DOWN! Attempting restart...
Ср 10 июн 2026 08:30:01 UTC: Service backend is DOWN! Attempting restart...
Ср 10 июн 2026 08:30:01 UTC: Service frontend is DOWN! Attempting restart...
 Container fleet_backend  Running
 Container fleet_frontend  Created
 Container fleet_db  Starting
 Container fleet_db  Started
 Container fleet_frontend  Starting
 Container fleet_frontend  Started
Ср 10 июн 2026 08:30:02 UTC: Restart command executed.
jq: error (at <stdin>:1): Cannot index array with string "services"
Ср 10 июн 2026 08:35:02 UTC: Service db is DOWN! Attempting restart...
Ср 10 июн 2026 08:35:02 UTC: Service backend is DOWN! Attempting restart...
Ср 10 июн 2026 08:35:02 UTC: Service frontend is DOWN! Attempting restart...
 Container fleet_backend  Running
 Container fleet_frontend  Created
 Container fleet_db  Starting
 Container fleet_db  Started
 Container fleet_frontend  Starting
 Container fleet_frontend  Started
Ср 10 июн 2026 08:35:03 UTC: Restart command executed.
jq: error (at <stdin>:1): Cannot index array with string "services"
Ср 10 июн 2026 08:40:01 UTC: Service db is DOWN! Attempting restart...
Ср 10 июн 2026 08:40:01 UTC: Service backend is DOWN! Attempting restart...
Ср 10 июн 2026 08:40:01 UTC: Service frontend is DOWN! Attempting restart...
 Container fleet_backend  Running
 Container fleet_frontend  Created
 Container fleet_db  Starting
 Container fleet_db  Started
 Container fleet_frontend  Starting
 Container fleet_frontend  Started
Ср 10 июн 2026 08:40:02 UTC: Restart command executed.
jq: error (at <stdin>:1): Cannot index array with string "services"
Ср 10 июн 2026 08:45:01 UTC: Service db is DOWN! Attempting restart...
Ср 10 июн 2026 08:45:01 UTC: Service backend is DOWN! Attempting restart...
Ср 10 июн 2026 08:45:01 UTC: Service frontend is DOWN! Attempting restart...
 Container fleet_backend  Running
 Container fleet_frontend  Created
 Container fleet_db  Starting
 Container fleet_db  Started
 Container fleet_frontend  Starting
 Container fleet_frontend  Started
Ср 10 июн 2026 08:45:02 UTC: Restart command executed.
jq: error (at <stdin>:1): Cannot index array with string "services"
Ср 10 июн 2026 08:50:01 UTC: Service db is DOWN! Attempting restart...
Ср 10 июн 2026 08:50:01 UTC: Service backend is DOWN! Attempting restart...
Ср 10 июн 2026 08:50:01 UTC: Service frontend is DOWN! Attempting restart...
 Container fleet_backend  Running
 Container fleet_frontend  Created
 Container fleet_db  Starting
 Container fleet_db  Started
 Container fleet_frontend  Starting
 Container fleet_frontend  Started
Ср 10 июн 2026 08:50:02 UTC: Restart command executed.
jq: error (at <stdin>:1): Cannot index array with string "services"
Ср 10 июн 2026 08:55:01 UTC: Service db is DOWN! Attempting restart...
Ср 10 июн 2026 08:55:01 UTC: Service backend is DOWN! Attempting restart...
Ср 10 июн 2026 08:55:01 UTC: Service frontend is DOWN! Attempting restart...
 Container fleet_backend  Running
 Container fleet_frontend  Created
 Container fleet_db  Starting
 Container fleet_db  Started
 Container fleet_frontend  Starting
 Container fleet_frontend  Started
Ср 10 июн 2026 08:55:02 UTC: Restart command executed.
jq: error (at <stdin>:1): Cannot index array with string "services"
Ср 10 июн 2026 09:00:01 UTC: Service db is DOWN! Attempting restart...
Ср 10 июн 2026 09:00:01 UTC: Service backend is DOWN! Attempting restart...
Ср 10 июн 2026 09:00:01 UTC: Service frontend is DOWN! Attempting restart...
 Container fleet_backend  Running
 Container fleet_frontend  Created
 Container fleet_db  Starting
 Container fleet_db  Started
 Container fleet_frontend  Starting
 Container fleet_frontend  Started
Ср 10 июн 2026 09:00:02 UTC: Restart command executed.
jq: error (at <stdin>:1): Cannot index array with string "services"
Ср 10 июн 2026 09:05:01 UTC: Service db is DOWN! Attempting restart...
Ср 10 июн 2026 09:05:01 UTC: Service backend is DOWN! Attempting restart...
Ср 10 июн 2026 09:05:01 UTC: Service frontend is DOWN! Attempting restart...
 Container fleet_backend  Running
 Container fleet_frontend  Created
 Container fleet_db  Starting
 Container fleet_db  Started
 Container fleet_frontend  Starting
 Container fleet_frontend  Started
Ср 10 июн 2026 09:05:02 UTC: Restart command executed.
jq: error (at <stdin>:1): Cannot index array with string "services"
Ср 10 июн 2026 09:10:01 UTC: Service db is DOWN! Attempting restart...
Ср 10 июн 2026 09:10:01 UTC: Service backend is DOWN! Attempting restart...
Ср 10 июн 2026 09:10:01 UTC: Service frontend is DOWN! Attempting restart...
 Container fleet_backend  Running
 Container fleet_frontend  Created
 Container fleet_db  Starting
 Container fleet_db  Started
 Container fleet_frontend  Starting
 Container fleet_frontend  Started
Ср 10 июн 2026 09:10:02 UTC: Restart command executed.
jq: error (at <stdin>:1): Cannot index array with string "services"
Ср 10 июн 2026 09:15:01 UTC: Service db is DOWN! Attempting restart...
Ср 10 июн 2026 09:15:01 UTC: Service backend is DOWN! Attempting restart...
Ср 10 июн 2026 09:15:01 UTC: Service frontend is DOWN! Attempting restart...
 Container fleet_backend  Running
 Container fleet_frontend  Created
 Container fleet_db  Starting
 Container fleet_db  Started
 Container fleet_frontend  Starting
 Container fleet_frontend  Started
Ср 10 июн 2026 09:15:02 UTC: Restart command executed.
jq: error (at <stdin>:1): Cannot index array with string "services"
Ср 10 июн 2026 09:20:02 UTC: Service db is DOWN! Attempting restart...
Ср 10 июн 2026 09:20:02 UTC: Service backend is DOWN! Attempting restart...
Ср 10 июн 2026 09:20:02 UTC: Service frontend is DOWN! Attempting restart...
 Container fleet_backend  Running
 Container fleet_frontend  Created
 Container fleet_db  Starting
 Container fleet_db  Started
 Container fleet_frontend  Starting
 Container fleet_frontend  Started
Ср 10 июн 2026 09:20:03 UTC: Restart command executed.
jq: error (at <stdin>:1): Cannot index array with string "services"
Ср 10 июн 2026 09:25:01 UTC: Service db is DOWN! Attempting restart...
Ср 10 июн 2026 09:25:01 UTC: Service backend is DOWN! Attempting restart...
Ср 10 июн 2026 09:25:01 UTC: Service frontend is DOWN! Attempting restart...
 Container fleet_backend  Running
 Container fleet_frontend  Created
 Container fleet_db  Starting
 Container fleet_db  Started
 Container fleet_frontend  Starting
 Container fleet_frontend  Started
Ср 10 июн 2026 09:25:02 UTC: Restart command executed.
jq: error (at <stdin>:1): Cannot index array with string "services"
Ср 10 июн 2026 09:30:01 UTC: Service db is DOWN! Attempting restart...
Ср 10 июн 2026 09:30:01 UTC: Service backend is DOWN! Attempting restart...
Ср 10 июн 2026 09:30:01 UTC: Service frontend is DOWN! Attempting restart...
 Container fleet_backend  Running
 Container fleet_frontend  Created
 Container fleet_db  Starting
 Container fleet_db  Started
 Container fleet_frontend  Starting
 Container fleet_frontend  Started
Ср 10 июн 2026 09:30:02 UTC: Restart command executed.
jq: error (at <stdin>:1): Cannot index array with string "services"
Ср 10 июн 2026 09:35:01 UTC: Service db is DOWN! Attempting restart...
Ср 10 июн 2026 09:35:01 UTC: Service backend is DOWN! Attempting restart...
Ср 10 июн 2026 09:35:01 UTC: Service frontend is DOWN! Attempting restart...
 Container fleet_backend  Running
 Container fleet_frontend  Created
 Container fleet_db  Starting
 Container fleet_db  Started
 Container fleet_frontend  Starting
 Container fleet_frontend  Started
Ср 10 июн 2026 09:35:02 UTC: Restart command executed.
jq: error (at <stdin>:1): Cannot index array with string "services"
Ср 10 июн 2026 09:40:01 UTC: Service db is DOWN! Attempting restart...
Ср 10 июн 2026 09:40:01 UTC: Service backend is DOWN! Attempting restart...
Ср 10 июн 2026 09:40:01 UTC: Service frontend is DOWN! Attempting restart...
 Container fleet_backend  Running
 Container fleet_frontend  Created
 Container fleet_db  Starting
 Container fleet_db  Started
 Container fleet_frontend  Starting
 Container fleet_frontend  Started
Ср 10 июн 2026 09:40:02 UTC: Restart command executed.
jq: error (at <stdin>:1): Cannot index array with string "services"
Ср 10 июн 2026 09:45:01 UTC: Service db is DOWN! Attempting restart...
Ср 10 июн 2026 09:45:01 UTC: Service backend is DOWN! Attempting restart...
Ср 10 июн 2026 09:45:01 UTC: Service frontend is DOWN! Attempting restart...
 Container fleet_backend  Running
 Container fleet_frontend  Created
 Container fleet_db  Starting
 Container fleet_db  Started
 Container fleet_frontend  Starting
 Container fleet_frontend  Started
Ср 10 июн 2026 09:45:02 UTC: Restart command executed.
jq: error (at <stdin>:1): Cannot index array with string "services"
Ср 10 июн 2026 09:50:01 UTC: Service db is DOWN! Attempting restart...
Ср 10 июн 2026 09:50:01 UTC: Service backend is DOWN! Attempting restart...
Ср 10 июн 2026 09:50:01 UTC: Service frontend is DOWN! Attempting restart...
 Container fleet_backend  Running
 Container fleet_frontend  Created
 Container fleet_db  Starting
 Container fleet_db  Started
 Container fleet_frontend  Starting
 Container fleet_frontend  Started
Ср 10 июн 2026 09:50:02 UTC: Restart command executed.
jq: error (at <stdin>:1): Cannot index array with string "services"
Ср 10 июн 2026 09:55:01 UTC: Service db is DOWN! Attempting restart...
Ср 10 июн 2026 09:55:01 UTC: Service backend is DOWN! Attempting restart...
Ср 10 июн 2026 09:55:01 UTC: Service frontend is DOWN! Attempting restart...
 Container fleet_backend  Running
 Container fleet_frontend  Created
 Container fleet_db  Starting
 Container fleet_db  Started
 Container fleet_frontend  Starting
 Container fleet_frontend  Started
Ср 10 июн 2026 09:55:02 UTC: Restart command executed.
jq: error (at <stdin>:1): Cannot index array with string "services"
Ср 10 июн 2026 10:00:01 UTC: Service db is DOWN! Attempting restart...
Ср 10 июн 2026 10:00:01 UTC: Service backend is DOWN! Attempting restart...
Ср 10 июн 2026 10:00:01 UTC: Service frontend is DOWN! Attempting restart...
 Container fleet_backend  Running
 Container fleet_frontend  Created
 Container fleet_db  Starting
 Container fleet_db  Started
 Container fleet_frontend  Starting
 Container fleet_frontend  Started
Ср 10 июн 2026 10:00:02 UTC: Restart command executed.
jq: error (at <stdin>:1): Cannot index array with string "services"
Ср 10 июн 2026 10:05:02 UTC: Service db is DOWN! Attempting restart...
Ср 10 июн 2026 10:05:02 UTC: Service backend is DOWN! Attempting restart...
Ср 10 июн 2026 10:05:02 UTC: Service frontend is DOWN! Attempting restart...
 Container fleet_backend  Running
 Container fleet_frontend  Created
 Container fleet_db  Starting
 Container fleet_db  Started
 Container fleet_frontend  Starting
 Container fleet_frontend  Started
Ср 10 июн 2026 10:05:02 UTC: Restart command executed.
jq: error (at <stdin>:1): Cannot index array with string "services"
Ср 10 июн 2026 10:10:02 UTC: Service db is DOWN! Attempting restart...
Ср 10 июн 2026 10:10:02 UTC: Service backend is DOWN! Attempting restart...
Ср 10 июн 2026 10:10:02 UTC: Service frontend is DOWN! Attempting restart...
 Container fleet_backend  Running
 Container fleet_frontend  Created
 Container fleet_db  Starting
 Container fleet_db  Started
 Container fleet_frontend  Starting
 Container fleet_frontend  Started
Ср 10 июн 2026 10:10:03 UTC: Restart command executed.
jq: error (at <stdin>:1): Cannot index array with string "services"
Ср 10 июн 2026 10:15:01 UTC: Service db is DOWN! Attempting restart...
Ср 10 июн 2026 10:15:01 UTC: Service backend is DOWN! Attempting restart...
Ср 10 июн 2026 10:15:01 UTC: Service frontend is DOWN! Attempting restart...
 Container fleet_backend  Running
 Container fleet_frontend  Created
 Container fleet_db  Starting
 Container fleet_db  Started
 Container fleet_frontend  Starting
 Container fleet_frontend  Started
Ср 10 июн 2026 10:15:02 UTC: Restart command executed.
jq: error (at <stdin>:1): Cannot index array with string "services"
Ср 10 июн 2026 10:20:01 UTC: Service db is DOWN! Attempting restart...
Ср 10 июн 2026 10:20:01 UTC: Service backend is DOWN! Attempting restart...
Ср 10 июн 2026 10:20:01 UTC: Service frontend is DOWN! Attempting restart...
 Container fleet_backend  Running
 Container fleet_frontend  Created
 Container fleet_db  Starting
 Container fleet_db  Started
 Container fleet_frontend  Starting
 Container fleet_frontend  Started
Ср 10 июн 2026 10:20:02 UTC: Restart command executed.
jq: error (at <stdin>:1): Cannot index array with string "services"
Ср 10 июн 2026 10:25:01 UTC: Service db is DOWN! Attempting restart...
Ср 10 июн 2026 10:25:01 UTC: Service backend is DOWN! Attempting restart...
Ср 10 июн 2026 10:25:01 UTC: Service frontend is DOWN! Attempting restart...
 Container fleet_backend  Running
 Container fleet_frontend  Created
 Container fleet_db  Starting
 Container fleet_db  Started
 Container fleet_frontend  Starting
 Container fleet_frontend  Started
Ср 10 июн 2026 10:25:02 UTC: Restart command executed.
jq: error (at <stdin>:1): Cannot index array with string "services"
Ср 10 июн 2026 10:30:01 UTC: Service db is DOWN! Attempting restart...
Ср 10 июн 2026 10:30:01 UTC: Service backend is DOWN! Attempting restart...
Ср 10 июн 2026 10:30:01 UTC: Service frontend is DOWN! Attempting restart...
 Container fleet_backend  Running
 Container fleet_frontend  Created
 Container fleet_db  Starting
 Container fleet_db  Started
 Container fleet_frontend  Starting
 Container fleet_frontend  Started
Ср 10 июн 2026 10:30:02 UTC: Restart command executed.
jq: error (at <stdin>:1): Cannot index array with string "services"
Ср 10 июн 2026 10:35:01 UTC: Service db is DOWN! Attempting restart...
Ср 10 июн 2026 10:35:01 UTC: Service backend is DOWN! Attempting restart...
Ср 10 июн 2026 10:35:01 UTC: Service frontend is DOWN! Attempting restart...
 Container fleet_backend  Running
 Container fleet_frontend  Created
 Container fleet_db  Starting
 Container fleet_db  Started
 Container fleet_frontend  Starting
 Container fleet_frontend  Started
Ср 10 июн 2026 10:35:02 UTC: Restart command executed.
jq: error (at <stdin>:1): Cannot index array with string "services"
Ср 10 июн 2026 10:40:01 UTC: Service db is DOWN! Attempting restart...
Ср 10 июн 2026 10:40:01 UTC: Service backend is DOWN! Attempting restart...
Ср 10 июн 2026 10:40:01 UTC: Service frontend is DOWN! Attempting restart...
 Container fleet_backend  Running
 Container fleet_frontend  Created
 Container fleet_db  Starting
 Container fleet_db  Started
 Container fleet_frontend  Starting
 Container fleet_frontend  Started
Ср 10 июн 2026 10:40:02 UTC: Restart command executed.
jq: error (at <stdin>:1): Cannot index array with string "services"
Ср 10 июн 2026 10:45:01 UTC: Service db is DOWN! Attempting restart...
Ср 10 июн 2026 10:45:01 UTC: Service backend is DOWN! Attempting restart...
Ср 10 июн 2026 10:45:01 UTC: Service frontend is DOWN! Attempting restart...
 Container fleet_backend  Running
 Container fleet_frontend  Created
 Container fleet_db  Starting
 Container fleet_db  Started
 Container fleet_frontend  Starting
 Container fleet_frontend  Started
Ср 10 июн 2026 10:45:02 UTC: Restart command executed.
jq: error (at <stdin>:1): Cannot index array with string "services"
Ср 10 июн 2026 10:50:02 UTC: Service db is DOWN! Attempting restart...
Ср 10 июн 2026 10:50:02 UTC: Service backend is DOWN! Attempting restart...
Ср 10 июн 2026 10:50:02 UTC: Service frontend is DOWN! Attempting restart...
 Container fleet_backend  Running
 Container fleet_frontend  Created
 Container fleet_db  Starting
 Container fleet_db  Started
 Container fleet_frontend  Starting
 Container fleet_frontend  Started
Ср 10 июн 2026 10:50:02 UTC: Restart command executed.
jq: error (at <stdin>:1): Cannot index array with string "services"
Ср 10 июн 2026 10:55:02 UTC: Service db is DOWN! Attempting restart...
Ср 10 июн 2026 10:55:02 UTC: Service backend is DOWN! Attempting restart...
Ср 10 июн 2026 10:55:02 UTC: Service frontend is DOWN! Attempting restart...
 Container fleet_backend  Running
 Container fleet_frontend  Created
 Container fleet_db  Starting
 Container fleet_db  Started
 Container fleet_frontend  Starting
 Container fleet_frontend  Started
Ср 10 июн 2026 10:55:03 UTC: Restart command executed.
jq: error (at <stdin>:1): Cannot index array with string "services"
Ср 10 июн 2026 11:00:01 UTC: Service db is DOWN! Attempting restart...
Ср 10 июн 2026 11:00:01 UTC: Service backend is DOWN! Attempting restart...
Ср 10 июн 2026 11:00:01 UTC: Service frontend is DOWN! Attempting restart...
 Container fleet_backend  Running
 Container fleet_frontend  Created
 Container fleet_db  Starting
 Container fleet_db  Started
 Container fleet_frontend  Starting
 Container fleet_frontend  Started
Ср 10 июн 2026 11:00:02 UTC: Restart command executed.
jq: error (at <stdin>:1): Cannot index array with string "services"
Ср 10 июн 2026 11:05:01 UTC: Service db is DOWN! Attempting restart...
Ср 10 июн 2026 11:05:01 UTC: Service backend is DOWN! Attempting restart...
Ср 10 июн 2026 11:05:01 UTC: Service frontend is DOWN! Attempting restart...
 Container fleet_backend  Running
 Container fleet_frontend  Created
 Container fleet_db  Starting
 Container fleet_db  Started
 Container fleet_frontend  Starting
 Container fleet_frontend  Started
Ср 10 июн 2026 11:05:02 UTC: Restart command executed.
jq: error (at <stdin>:1): Cannot index array with string "services"
Ср 10 июн 2026 11:10:01 UTC: Service db is DOWN! Attempting restart...
Ср 10 июн 2026 11:10:01 UTC: Service backend is DOWN! Attempting restart...
Ср 10 июн 2026 11:10:01 UTC: Service frontend is DOWN! Attempting restart...
 Container fleet_backend  Running
 Container fleet_frontend  Created
 Container fleet_db  Starting
 Container fleet_db  Started
 Container fleet_frontend  Starting
 Container fleet_frontend  Started
Ср 10 июн 2026 11:10:02 UTC: Restart command executed.
jq: error (at <stdin>:1): Cannot index array with string "services"
Ср 10 июн 2026 11:15:01 UTC: Service db is DOWN! Attempting restart...
Ср 10 июн 2026 11:15:01 UTC: Service backend is DOWN! Attempting restart...
Ср 10 июн 2026 11:15:01 UTC: Service frontend is DOWN! Attempting restart...
 Container fleet_backend  Running
 Container fleet_frontend  Created
 Container fleet_db  Starting
 Container fleet_db  Started
 Container fleet_frontend  Starting
 Container fleet_frontend  Started
Ср 10 июн 2026 11:15:02 UTC: Restart command executed.
jq: error (at <stdin>:1): Cannot index array with string "services"
Ср 10 июн 2026 11:20:01 UTC: Service db is DOWN! Attempting restart...
Ср 10 июн 2026 11:20:01 UTC: Service backend is DOWN! Attempting restart...
Ср 10 июн 2026 11:20:01 UTC: Service frontend is DOWN! Attempting restart...
 Container fleet_backend  Running
 Container fleet_frontend  Created
 Container fleet_db  Starting
 Container fleet_db  Started
 Container fleet_frontend  Starting
 Container fleet_frontend  Started
Ср 10 июн 2026 11:20:02 UTC: Restart command executed.
jq: error (at <stdin>:1): Cannot index array with string "services"
Ср 10 июн 2026 11:25:01 UTC: Service db is DOWN! Attempting restart...
Ср 10 июн 2026 11:25:01 UTC: Service backend is DOWN! Attempting restart...
Ср 10 июн 2026 11:25:01 UTC: Service frontend is DOWN! Attempting restart...
 Container fleet_backend  Running
 Container fleet_frontend  Created
 Container fleet_db  Starting
 Container fleet_db  Started
 Container fleet_frontend  Starting
 Container fleet_frontend  Started
Ср 10 июн 2026 11:25:02 UTC: Restart command executed.
jq: error (at <stdin>:1): Cannot index array with string "services"
Ср 10 июн 2026 11:30:01 UTC: Service db is DOWN! Attempting restart...
Ср 10 июн 2026 11:30:01 UTC: Service backend is DOWN! Attempting restart...
Ср 10 июн 2026 11:30:01 UTC: Service frontend is DOWN! Attempting restart...
 Container fleet_backend  Running
 Container fleet_frontend  Created
 Container fleet_db  Starting
 Container fleet_db  Started
 Container fleet_frontend  Starting
 Container fleet_frontend  Started
Ср 10 июн 2026 11:30:02 UTC: Restart command executed.
jq: error (at <stdin>:1): Cannot index array with string "services"
Ср 10 июн 2026 11:35:02 UTC: Service db is DOWN! Attempting restart...
Ср 10 июн 2026 11:35:02 UTC: Service backend is DOWN! Attempting restart...
Ср 10 июн 2026 11:35:02 UTC: Service frontend is DOWN! Attempting restart...
 Container fleet_backend  Running
 Container fleet_frontend  Created
 Container fleet_db  Starting
 Container fleet_db  Started
 Container fleet_frontend  Starting
 Container fleet_frontend  Started
Ср 10 июн 2026 11:35:02 UTC: Restart command executed.
jq: error (at <stdin>:1): Cannot index array with string "services"
Ср 10 июн 2026 11:40:02 UTC: Service db is DOWN! Attempting restart...
Ср 10 июн 2026 11:40:02 UTC: Service backend is DOWN! Attempting restart...
Ср 10 июн 2026 11:40:02 UTC: Service frontend is DOWN! Attempting restart...
 Container fleet_backend  Running
 Container fleet_frontend  Created
 Container fleet_db  Starting
 Container fleet_db  Started
 Container fleet_frontend  Starting
 Container fleet_frontend  Started
Ср 10 июн 2026 11:40:02 UTC: Restart command executed.
jq: error (at <stdin>:1): Cannot index array with string "services"
Ср 10 июн 2026 11:45:02 UTC: Service db is DOWN! Attempting restart...
Ср 10 июн 2026 11:45:02 UTC: Service backend is DOWN! Attempting restart...
Ср 10 июн 2026 11:45:02 UTC: Service frontend is DOWN! Attempting restart...
 Container fleet_backend  Running
 Container fleet_frontend  Created
 Container fleet_db  Starting
 Container fleet_db  Started
 Container fleet_frontend  Starting
 Container fleet_frontend  Started
Ср 10 июн 2026 11:45:03 UTC: Restart command executed.
jq: error (at <stdin>:1): Cannot index array with string "services"
Ср 10 июн 2026 11:50:01 UTC: Service db is DOWN! Attempting restart...
Ср 10 июн 2026 11:50:01 UTC: Service backend is DOWN! Attempting restart...
Ср 10 июн 2026 11:50:01 UTC: Service frontend is DOWN! Attempting restart...
 Container fleet_backend  Running
 Container fleet_frontend  Created
 Container fleet_db  Starting
 Container fleet_db  Started
 Container fleet_frontend  Starting
 Container fleet_frontend  Started
Ср 10 июн 2026 11:50:02 UTC: Restart command executed.
jq: error (at <stdin>:1): Cannot index array with string "services"
Ср 10 июн 2026 11:55:01 UTC: Service db is DOWN! Attempting restart...
Ср 10 июн 2026 11:55:01 UTC: Service backend is DOWN! Attempting restart...
Ср 10 июн 2026 11:55:01 UTC: Service frontend is DOWN! Attempting restart...
 Container fleet_backend  Running
 Container fleet_frontend  Created
 Container fleet_db  Starting
 Container fleet_db  Started
 Container fleet_frontend  Starting
 Container fleet_frontend  Started
Ср 10 июн 2026 11:55:02 UTC: Restart command executed.
jq: error (at <stdin>:1): Cannot index array with string "services"
Ср 10 июн 2026 12:00:01 UTC: Service db is DOWN! Attempting restart...
Ср 10 июн 2026 12:00:01 UTC: Service backend is DOWN! Attempting restart...
Ср 10 июн 2026 12:00:01 UTC: Service frontend is DOWN! Attempting restart...
 Container fleet_backend  Running
 Container fleet_frontend  Created
 Container fleet_db  Starting
 Container fleet_db  Started
 Container fleet_frontend  Starting
 Container fleet_frontend  Started
Ср 10 июн 2026 12:00:02 UTC: Restart command executed.
jq: error (at <stdin>:1): Cannot index array with string "services"
Ср 10 июн 2026 12:05:01 UTC: Service db is DOWN! Attempting restart...
Ср 10 июн 2026 12:05:01 UTC: Service backend is DOWN! Attempting restart...
Ср 10 июн 2026 12:05:01 UTC: Service frontend is DOWN! Attempting restart...
 Container fleet_backend  Running
 Container fleet_frontend  Created
 Container fleet_db  Starting
 Container fleet_db  Started
 Container fleet_frontend  Starting
 Container fleet_frontend  Started
Ср 10 июн 2026 12:05:02 UTC: Restart command executed.
jq: error (at <stdin>:1): Cannot index array with string "services"
Ср 10 июн 2026 12:10:01 UTC: Service db is DOWN! Attempting restart...
Ср 10 июн 2026 12:10:01 UTC: Service backend is DOWN! Attempting restart...
Ср 10 июн 2026 12:10:01 UTC: Service frontend is DOWN! Attempting restart...
 Container fleet_backend  Running
 Container fleet_frontend  Created
 Container fleet_db  Starting
 Container fleet_db  Started
 Container fleet_frontend  Starting
 Container fleet_frontend  Started
Ср 10 июн 2026 12:10:02 UTC: Restart command executed.
jq: error (at <stdin>:1): Cannot index array with string "services"
Ср 10 июн 2026 12:15:01 UTC: Service db is DOWN! Attempting restart...
Ср 10 июн 2026 12:15:01 UTC: Service backend is DOWN! Attempting restart...
Ср 10 июн 2026 12:15:01 UTC: Service frontend is DOWN! Attempting restart...
 Container fleet_backend  Running
 Container fleet_frontend  Created
 Container fleet_db  Starting
 Container fleet_db  Started
 Container fleet_frontend  Starting
 Container fleet_frontend  Started
Ср 10 июн 2026 12:15:02 UTC: Restart command executed.
jq: error (at <stdin>:1): Cannot index array with string "services"
Ср 10 июн 2026 12:20:02 UTC: Service db is DOWN! Attempting restart...
Ср 10 июн 2026 12:20:02 UTC: Service backend is DOWN! Attempting restart...
Ср 10 июн 2026 12:20:02 UTC: Service frontend is DOWN! Attempting restart...
 Container fleet_backend  Running
 Container fleet_frontend  Created
 Container fleet_db  Starting
 Container fleet_db  Started
 Container fleet_frontend  Starting
 Container fleet_frontend  Started
Ср 10 июн 2026 12:20:02 UTC: Restart command executed.
jq: error (at <stdin>:1): Cannot index array with string "services"
Ср 10 июн 2026 12:25:02 UTC: Service db is DOWN! Attempting restart...
Ср 10 июн 2026 12:25:02 UTC: Service backend is DOWN! Attempting restart...
Ср 10 июн 2026 12:25:02 UTC: Service frontend is DOWN! Attempting restart...
 Container fleet_backend  Running
 Container fleet_frontend  Created
 Container fleet_db  Starting
 Container fleet_db  Started
 Container fleet_frontend  Starting
 Container fleet_frontend  Started
Ср 10 июн 2026 12:25:03 UTC: Restart command executed.
jq: error (at <stdin>:1): Cannot index array with string "services"
Ср 10 июн 2026 12:30:01 UTC: Service db is DOWN! Attempting restart...
Ср 10 июн 2026 12:30:01 UTC: Service backend is DOWN! Attempting restart...
Ср 10 июн 2026 12:30:01 UTC: Service frontend is DOWN! Attempting restart...
 Container fleet_backend  Running
 Container fleet_frontend  Created
 Container fleet_db  Starting
 Container fleet_db  Started
 Container fleet_frontend  Starting
 Container fleet_frontend  Started
Ср 10 июн 2026 12:30:02 UTC: Restart command executed.
jq: error (at <stdin>:1): Cannot index array with string "services"
Ср 10 июн 2026 12:35:01 UTC: Service db is DOWN! Attempting restart...
Ср 10 июн 2026 12:35:01 UTC: Service backend is DOWN! Attempting restart...
Ср 10 июн 2026 12:35:01 UTC: Service frontend is DOWN! Attempting restart...
 Container fleet_backend  Running
 Container fleet_frontend  Created
 Container fleet_db  Starting
 Container fleet_db  Started
 Container fleet_frontend  Starting
 Container fleet_frontend  Started
Ср 10 июн 2026 12:35:02 UTC: Restart command executed.
jq: error (at <stdin>:1): Cannot index array with string "services"
Ср 10 июн 2026 12:40:01 UTC: Service db is DOWN! Attempting restart...
Ср 10 июн 2026 12:40:01 UTC: Service backend is DOWN! Attempting restart...
Ср 10 июн 2026 12:40:01 UTC: Service frontend is DOWN! Attempting restart...
 Container fleet_backend  Running
 Container fleet_frontend  Created
 Container fleet_db  Starting
 Container fleet_db  Started
 Container fleet_frontend  Starting
 Container fleet_frontend  Started
Ср 10 июн 2026 12:40:02 UTC: Restart command executed.
jq: error (at <stdin>:1): Cannot index array with string "services"
Ср 10 июн 2026 12:45:01 UTC: Service db is DOWN! Attempting restart...
Ср 10 июн 2026 12:45:01 UTC: Service backend is DOWN! Attempting restart...
Ср 10 июн 2026 12:45:01 UTC: Service frontend is DOWN! Attempting restart...
 Container fleet_backend  Running
 Container fleet_frontend  Created
 Container fleet_db  Starting
 Container fleet_db  Started
 Container fleet_frontend  Starting
 Container fleet_frontend  Started
Ср 10 июн 2026 12:45:02 UTC: Restart command executed.
jq: error (at <stdin>:1): Cannot index array with string "services"
Ср 10 июн 2026 12:50:01 UTC: Service db is DOWN! Attempting restart...
Ср 10 июн 2026 12:50:01 UTC: Service backend is DOWN! Attempting restart...
Ср 10 июн 2026 12:50:01 UTC: Service frontend is DOWN! Attempting restart...
 Container fleet_backend  Running
 Container fleet_frontend  Created
 Container fleet_db  Starting
 Container fleet_db  Started
 Container fleet_frontend  Starting
 Container fleet_frontend  Started
Ср 10 июн 2026 12:50:02 UTC: Restart command executed.
jq: error (at <stdin>:1): Cannot index array with string "services"
Ср 10 июн 2026 12:55:01 UTC: Service db is DOWN! Attempting restart...
Ср 10 июн 2026 12:55:01 UTC: Service backend is DOWN! Attempting restart...
Ср 10 июн 2026 12:55:01 UTC: Service frontend is DOWN! Attempting restart...
 Container fleet_backend  Running
 Container fleet_frontend  Created
 Container fleet_db  Starting
 Container fleet_db  Started
 Container fleet_frontend  Starting
 Container fleet_frontend  Started
Ср 10 июн 2026 12:55:02 UTC: Restart command executed.
jq: error (at <stdin>:1): Cannot index array with string "services"
Ср 10 июн 2026 13:00:01 UTC: Service db is DOWN! Attempting restart...
Ср 10 июн 2026 13:00:01 UTC: Service backend is DOWN! Attempting restart...
Ср 10 июн 2026 13:00:01 UTC: Service frontend is DOWN! Attempting restart...
 Container fleet_backend  Running
 Container fleet_frontend  Created
 Container fleet_db  Starting
 Container fleet_db  Started
 Container fleet_frontend  Starting
 Container fleet_frontend  Started
Ср 10 июн 2026 13:00:02 UTC: Restart command executed.
jq: error (at <stdin>:1): Cannot index array with string "services"
Ср 10 июн 2026 13:05:02 UTC: Service db is DOWN! Attempting restart...
Ср 10 июн 2026 13:05:02 UTC: Service backend is DOWN! Attempting restart...
Ср 10 июн 2026 13:05:02 UTC: Service frontend is DOWN! Attempting restart...
 Container fleet_backend  Running
 Container fleet_frontend  Created
 Container fleet_db  Starting
 Container fleet_db  Started
 Container fleet_frontend  Starting
 Container fleet_frontend  Started
Ср 10 июн 2026 13:05:02 UTC: Restart command executed.
jq: error (at <stdin>:1): Cannot index array with string "services"
Ср 10 июн 2026 13:10:02 UTC: Service db is DOWN! Attempting restart...
Ср 10 июн 2026 13:10:02 UTC: Service backend is DOWN! Attempting restart...
Ср 10 июн 2026 13:10:02 UTC: Service frontend is DOWN! Attempting restart...
 Container fleet_backend  Running
 Container fleet_frontend  Created
 Container fleet_db  Starting
 Container fleet_db  Started
 Container fleet_frontend  Starting
 Container fleet_frontend  Started
Ср 10 июн 2026 13:10:03 UTC: Restart command executed.
jq: error (at <stdin>:1): Cannot index array with string "services"
Ср 10 июн 2026 13:15:01 UTC: Service db is DOWN! Attempting restart...
Ср 10 июн 2026 13:15:01 UTC: Service backend is DOWN! Attempting restart...
Ср 10 июн 2026 13:15:01 UTC: Service frontend is DOWN! Attempting restart...
 Container fleet_backend  Running
 Container fleet_frontend  Created
 Container fleet_db  Starting
 Container fleet_db  Started
 Container fleet_frontend  Starting
 Container fleet_frontend  Started
Ср 10 июн 2026 13:15:02 UTC: Restart command executed.
jq: error (at <stdin>:1): Cannot index array with string "services"
Ср 10 июн 2026 13:20:01 UTC: Service db is DOWN! Attempting restart...
Ср 10 июн 2026 13:20:01 UTC: Service backend is DOWN! Attempting restart...
Ср 10 июн 2026 13:20:01 UTC: Service frontend is DOWN! Attempting restart...
 Container fleet_backend  Running
 Container fleet_frontend  Created
 Container fleet_db  Starting
 Container fleet_db  Started
 Container fleet_frontend  Starting
 Container fleet_frontend  Started
Ср 10 июн 2026 13:20:02 UTC: Restart command executed.
jq: error (at <stdin>:1): Cannot index array with string "services"
Ср 10 июн 2026 13:25:01 UTC: Service db is DOWN! Attempting restart...
Ср 10 июн 2026 13:25:01 UTC: Service backend is DOWN! Attempting restart...
Ср 10 июн 2026 13:25:01 UTC: Service frontend is DOWN! Attempting restart...
 Container fleet_backend  Running
 Container fleet_frontend  Created
 Container fleet_db  Starting
 Container fleet_db  Started
 Container fleet_frontend  Starting
 Container fleet_frontend  Started
Ср 10 июн 2026 13:25:02 UTC: Restart command executed.
jq: error (at <stdin>:1): Cannot index array with string "services"
Ср 10 июн 2026 13:30:01 UTC: Service db is DOWN! Attempting restart...
Ср 10 июн 2026 13:30:01 UTC: Service backend is DOWN! Attempting restart...
Ср 10 июн 2026 13:30:01 UTC: Service frontend is DOWN! Attempting restart...
 Container fleet_backend  Running
 Container fleet_frontend  Created
 Container fleet_db  Starting
 Container fleet_db  Started
 Container fleet_frontend  Starting
 Container fleet_frontend  Started
Ср 10 июн 2026 13:30:02 UTC: Restart command executed.
jq: error (at <stdin>:1): Cannot index array with string "services"
Ср 10 июн 2026 13:35:01 UTC: Service db is DOWN! Attempting restart...
Ср 10 июн 2026 13:35:01 UTC: Service backend is DOWN! Attempting restart...
Ср 10 июн 2026 13:35:01 UTC: Service frontend is DOWN! Attempting restart...
 Container fleet_backend  Running
 Container fleet_frontend  Created
 Container fleet_db  Starting
 Container fleet_db  Started
 Container fleet_frontend  Starting
 Container fleet_frontend  Started
Ср 10 июн 2026 13:35:02 UTC: Restart command executed.
jq: error (at <stdin>:1): Cannot index array with string "services"
Ср 10 июн 2026 13:40:01 UTC: Service db is DOWN! Attempting restart...
Ср 10 июн 2026 13:40:01 UTC: Service backend is DOWN! Attempting restart...
Ср 10 июн 2026 13:40:01 UTC: Service frontend is DOWN! Attempting restart...
 Container fleet_backend  Running
 Container fleet_frontend  Created
 Container fleet_db  Starting
 Container fleet_db  Started
 Container fleet_frontend  Starting
 Container fleet_frontend  Started
Ср 10 июн 2026 13:40:02 UTC: Restart command executed.
jq: error (at <stdin>:1): Cannot index array with string "services"
Ср 10 июн 2026 13:45:01 UTC: Service db is DOWN! Attempting restart...
Ср 10 июн 2026 13:45:01 UTC: Service backend is DOWN! Attempting restart...
Ср 10 июн 2026 13:45:01 UTC: Service frontend is DOWN! Attempting restart...
 Container fleet_backend  Running
 Container fleet_frontend  Created
 Container fleet_db  Starting
 Container fleet_db  Started
 Container fleet_frontend  Starting
 Container fleet_frontend  Started
Ср 10 июн 2026 13:45:02 UTC: Restart command executed.
jq: error (at <stdin>:1): Cannot index array with string "services"
Ср 10 июн 2026 13:50:01 UTC: Service db is DOWN! Attempting restart...
Ср 10 июн 2026 13:50:01 UTC: Service backend is DOWN! Attempting restart...
Ср 10 июн 2026 13:50:01 UTC: Service frontend is DOWN! Attempting restart...
 Container fleet_backend  Running
 Container fleet_frontend  Created
 Container fleet_db  Starting
 Container fleet_db  Started
 Container fleet_frontend  Starting
 Container fleet_frontend  Started
Ср 10 июн 2026 13:50:02 UTC: Restart command executed.
jq: error (at <stdin>:1): Cannot index array with string "services"
Ср 10 июн 2026 13:55:02 UTC: Service db is DOWN! Attempting restart...
Ср 10 июн 2026 13:55:02 UTC: Service backend is DOWN! Attempting restart...
Ср 10 июн 2026 13:55:02 UTC: Service frontend is DOWN! Attempting restart...
 Container fleet_backend  Running
 Container fleet_frontend  Created
 Container fleet_db  Starting
 Container fleet_db  Started
 Container fleet_frontend  Starting
 Container fleet_frontend  Started
Ср 10 июн 2026 13:55:02 UTC: Restart command executed.
jq: error (at <stdin>:1): Cannot index array with string "services"
Ср 10 июн 2026 14:00:02 UTC: Service db is DOWN! Attempting restart...
Ср 10 июн 2026 14:00:02 UTC: Service backend is DOWN! Attempting restart...
Ср 10 июн 2026 14:00:02 UTC: Service frontend is DOWN! Attempting restart...
 Container fleet_backend  Running
 Container fleet_frontend  Created
 Container fleet_db  Starting
 Container fleet_db  Started
 Container fleet_frontend  Starting
 Container fleet_frontend  Started
Ср 10 июн 2026 14:00:03 UTC: Restart command executed.
jq: error (at <stdin>:1): Cannot index array with string "services"
Ср 10 июн 2026 14:05:01 UTC: Service db is DOWN! Attempting restart...
Ср 10 июн 2026 14:05:01 UTC: Service backend is DOWN! Attempting restart...
Ср 10 июн 2026 14:05:01 UTC: Service frontend is DOWN! Attempting restart...
 Container fleet_backend  Running
 Container fleet_frontend  Created
 Container fleet_db  Starting
 Container fleet_db  Started
 Container fleet_frontend  Starting
 Container fleet_frontend  Started
Ср 10 июн 2026 14:05:02 UTC: Restart command executed.
jq: error (at <stdin>:1): Cannot index array with string "services"
Ср 10 июн 2026 14:10:01 UTC: Service db is DOWN! Attempting restart...
Ср 10 июн 2026 14:10:01 UTC: Service backend is DOWN! Attempting restart...
Ср 10 июн 2026 14:10:01 UTC: Service frontend is DOWN! Attempting restart...
 Container fleet_backend  Running
 Container fleet_frontend  Created
 Container fleet_db  Starting
 Container fleet_db  Started
 Container fleet_frontend  Starting
 Container fleet_frontend  Started
Ср 10 июн 2026 14:10:02 UTC: Restart command executed.
jq: error (at <stdin>:1): Cannot index array with string "services"
Ср 10 июн 2026 14:15:01 UTC: Service db is DOWN! Attempting restart...
Ср 10 июн 2026 14:15:01 UTC: Service backend is DOWN! Attempting restart...
Ср 10 июн 2026 14:15:01 UTC: Service frontend is DOWN! Attempting restart...
 Container fleet_backend  Running
 Container fleet_frontend  Created
 Container fleet_db  Starting
 Container fleet_db  Started
 Container fleet_frontend  Starting
 Container fleet_frontend  Started
Ср 10 июн 2026 14:15:02 UTC: Restart command executed.
jq: error (at <stdin>:1): Cannot index array with string "services"
Ср 10 июн 2026 14:20:01 UTC: Service db is DOWN! Attempting restart...
Ср 10 июн 2026 14:20:01 UTC: Service backend is DOWN! Attempting restart...
Ср 10 июн 2026 14:20:01 UTC: Service frontend is DOWN! Attempting restart...
 Container fleet_backend  Running
 Container fleet_frontend  Created
 Container fleet_db  Starting
 Container fleet_db  Started
 Container fleet_frontend  Starting
 Container fleet_frontend  Started
Ср 10 июн 2026 14:20:02 UTC: Restart command executed.
jq: error (at <stdin>:1): Cannot index array with string "services"
Ср 10 июн 2026 14:25:01 UTC: Service db is DOWN! Attempting restart...
Ср 10 июн 2026 14:25:01 UTC: Service backend is DOWN! Attempting restart...
Ср 10 июн 2026 14:25:01 UTC: Service frontend is DOWN! Attempting restart...
 Container fleet_backend  Running
 Container fleet_frontend  Created
 Container fleet_db  Starting
 Container fleet_db  Started
 Container fleet_frontend  Starting
 Container fleet_frontend  Started
Ср 10 июн 2026 14:25:02 UTC: Restart command executed.
jq: error (at <stdin>:1): Cannot index array with string "services"
Ср 10 июн 2026 14:30:01 UTC: Service db is DOWN! Attempting restart...
Ср 10 июн 2026 14:30:01 UTC: Service backend is DOWN! Attempting restart...
Ср 10 июн 2026 14:30:01 UTC: Service frontend is DOWN! Attempting restart...
 Container fleet_backend  Running
 Container fleet_frontend  Created
 Container fleet_db  Starting
 Container fleet_db  Started
 Container fleet_frontend  Starting
 Container fleet_frontend  Started
Ср 10 июн 2026 14:30:02 UTC: Restart command executed.
jq: error (at <stdin>:1): Cannot index array with string "services"
Ср 10 июн 2026 14:35:01 UTC: Service db is DOWN! Attempting restart...
Ср 10 июн 2026 14:35:01 UTC: Service backend is DOWN! Attempting restart...
Ср 10 июн 2026 14:35:01 UTC: Service frontend is DOWN! Attempting restart...
 Container fleet_backend  Running
 Container fleet_frontend  Created
 Container fleet_db  Starting
 Container fleet_db  Started
 Container fleet_frontend  Starting
 Container fleet_frontend  Started
Ср 10 июн 2026 14:35:02 UTC: Restart command executed.
jq: error (at <stdin>:1): Cannot index array with string "services"
Ср 10 июн 2026 14:40:02 UTC: Service db is DOWN! Attempting restart...
Ср 10 июн 2026 14:40:02 UTC: Service backend is DOWN! Attempting restart...
Ср 10 июн 2026 14:40:02 UTC: Service frontend is DOWN! Attempting restart...
 Container fleet_backend  Running
 Container fleet_frontend  Created
 Container fleet_db  Starting
 Container fleet_db  Started
 Container fleet_frontend  Starting
 Container fleet_frontend  Started
Ср 10 июн 2026 14:40:02 UTC: Restart command executed.
jq: error (at <stdin>:1): Cannot index array with string "services"
Ср 10 июн 2026 14:45:02 UTC: Service db is DOWN! Attempting restart...
Ср 10 июн 2026 14:45:02 UTC: Service backend is DOWN! Attempting restart...
Ср 10 июн 2026 14:45:02 UTC: Service frontend is DOWN! Attempting restart...
 Container fleet_backend  Running
 Container fleet_frontend  Created
 Container fleet_db  Starting
 Container fleet_db  Started
 Container fleet_frontend  Starting
 Container fleet_frontend  Started
Ср 10 июн 2026 14:45:03 UTC: Restart command executed.
jq: error (at <stdin>:1): Cannot index array with string "services"
Ср 10 июн 2026 14:50:01 UTC: Service db is DOWN! Attempting restart...
Ср 10 июн 2026 14:50:01 UTC: Service backend is DOWN! Attempting restart...
Ср 10 июн 2026 14:50:01 UTC: Service frontend is DOWN! Attempting restart...
 Container fleet_backend  Running
 Container fleet_frontend  Created
 Container fleet_db  Starting
 Container fleet_db  Started
 Container fleet_frontend  Starting
 Container fleet_frontend  Started
Ср 10 июн 2026 14:50:02 UTC: Restart command executed.
jq: error (at <stdin>:1): Cannot index array with string "services"
Ср 10 июн 2026 14:55:01 UTC: Service db is DOWN! Attempting restart...
Ср 10 июн 2026 14:55:01 UTC: Service backend is DOWN! Attempting restart...
Ср 10 июн 2026 14:55:01 UTC: Service frontend is DOWN! Attempting restart...
 Container fleet_backend  Running
 Container fleet_frontend  Created
 Container fleet_db  Starting
 Container fleet_db  Started
 Container fleet_frontend  Starting
 Container fleet_frontend  Started
Ср 10 июн 2026 14:55:02 UTC: Restart command executed.
jq: error (at <stdin>:1): Cannot index array with string "services"
Ср 10 июн 2026 15:00:01 UTC: Service db is DOWN! Attempting restart...
Ср 10 июн 2026 15:00:01 UTC: Service backend is DOWN! Attempting restart...
Ср 10 июн 2026 15:00:01 UTC: Service frontend is DOWN! Attempting restart...
 Container fleet_backend  Running
 Container fleet_frontend  Created
 Container fleet_db  Starting
 Container fleet_db  Started
 Container fleet_frontend  Starting
 Container fleet_frontend  Started
Ср 10 июн 2026 15:00:02 UTC: Restart command executed.
jq: error (at <stdin>:1): Cannot index array with string "services"
Ср 10 июн 2026 15:05:01 UTC: Service db is DOWN! Attempting restart...
Ср 10 июн 2026 15:05:01 UTC: Service backend is DOWN! Attempting restart...
Ср 10 июн 2026 15:05:01 UTC: Service frontend is DOWN! Attempting restart...
 Container fleet_backend  Running
 Container fleet_frontend  Created
 Container fleet_db  Starting
 Container fleet_db  Started
 Container fleet_frontend  Starting
 Container fleet_frontend  Started
Ср 10 июн 2026 15:05:02 UTC: Restart command executed.
jq: error (at <stdin>:1): Cannot index array with string "services"
Ср 10 июн 2026 15:10:01 UTC: Service db is DOWN! Attempting restart...
Ср 10 июн 2026 15:10:01 UTC: Service backend is DOWN! Attempting restart...
Ср 10 июн 2026 15:10:01 UTC: Service frontend is DOWN! Attempting restart...
 Container fleet_backend  Running
 Container fleet_frontend  Created
 Container fleet_db  Starting
 Container fleet_db  Started
 Container fleet_frontend  Starting
 Container fleet_frontend  Started
Ср 10 июн 2026 15:10:02 UTC: Restart command executed.
jq: error (at <stdin>:1): Cannot index array with string "services"
Ср 10 июн 2026 15:15:01 UTC: Service db is DOWN! Attempting restart...
Ср 10 июн 2026 15:15:01 UTC: Service backend is DOWN! Attempting restart...
Ср 10 июн 2026 15:15:01 UTC: Service frontend is DOWN! Attempting restart...
 Container fleet_backend  Running
 Container fleet_frontend  Created
 Container fleet_db  Starting
 Container fleet_db  Started
 Container fleet_frontend  Starting
 Container fleet_frontend  Started
Ср 10 июн 2026 15:15:02 UTC: Restart command executed.
jq: error (at <stdin>:1): Cannot index array with string "services"
Ср 10 июн 2026 15:20:01 UTC: Service db is DOWN! Attempting restart...
Ср 10 июн 2026 15:20:01 UTC: Service backend is DOWN! Attempting restart...
Ср 10 июн 2026 15:20:01 UTC: Service frontend is DOWN! Attempting restart...
 Container fleet_backend  Running
 Container fleet_frontend  Created
 Container fleet_db  Starting
 Container fleet_db  Started
 Container fleet_frontend  Starting
 Container fleet_frontend  Started
Ср 10 июн 2026 15:20:02 UTC: Restart command executed.
jq: error (at <stdin>:1): Cannot index array with string "services"
Ср 10 июн 2026 15:25:02 UTC: Service db is DOWN! Attempting restart...
Ср 10 июн 2026 15:25:02 UTC: Service backend is DOWN! Attempting restart...
Ср 10 июн 2026 15:25:02 UTC: Service frontend is DOWN! Attempting restart...
 Container fleet_backend  Running
 Container fleet_frontend  Created
 Container fleet_db  Starting
 Container fleet_db  Started
 Container fleet_frontend  Starting
 Container fleet_frontend  Started
Ср 10 июн 2026 15:25:02 UTC: Restart command executed.
jq: error (at <stdin>:1): Cannot index array with string "services"
Ср 10 июн 2026 15:30:02 UTC: Service db is DOWN! Attempting restart...
Ср 10 июн 2026 15:30:02 UTC: Service backend is DOWN! Attempting restart...
Ср 10 июн 2026 15:30:02 UTC: Service frontend is DOWN! Attempting restart...
 Container fleet_backend  Running
 Container fleet_frontend  Created
 Container fleet_db  Starting
 Container fleet_db  Started
 Container fleet_frontend  Starting
 Container fleet_frontend  Started
Ср 10 июн 2026 15:30:03 UTC: Restart command executed.
jq: error (at <stdin>:1): Cannot index array with string "services"
Ср 10 июн 2026 15:35:01 UTC: Service db is DOWN! Attempting restart...
Ср 10 июн 2026 15:35:01 UTC: Service backend is DOWN! Attempting restart...
Ср 10 июн 2026 15:35:01 UTC: Service frontend is DOWN! Attempting restart...
 Container fleet_backend  Running
 Container fleet_frontend  Created
 Container fleet_db  Starting
 Container fleet_db  Started
 Container fleet_frontend  Starting
 Container fleet_frontend  Started
Ср 10 июн 2026 15:35:02 UTC: Restart command executed.
jq: error (at <stdin>:1): Cannot index array with string "services"
Ср 10 июн 2026 15:40:01 UTC: Service db is DOWN! Attempting restart...
Ср 10 июн 2026 15:40:01 UTC: Service backend is DOWN! Attempting restart...
Ср 10 июн 2026 15:40:01 UTC: Service frontend is DOWN! Attempting restart...
 Container fleet_backend  Running
 Container fleet_frontend  Created
 Container fleet_db  Starting
 Container fleet_db  Started
 Container fleet_frontend  Starting
 Container fleet_frontend  Started
Ср 10 июн 2026 15:40:02 UTC: Restart command executed.
jq: error (at <stdin>:1): Cannot index array with string "services"
Ср 10 июн 2026 15:45:01 UTC: Service db is DOWN! Attempting restart...
Ср 10 июн 2026 15:45:01 UTC: Service backend is DOWN! Attempting restart...
Ср 10 июн 2026 15:45:01 UTC: Service frontend is DOWN! Attempting restart...
 Container fleet_backend  Running
 Container fleet_frontend  Created
 Container fleet_db  Starting
 Container fleet_db  Started
 Container fleet_frontend  Starting
 Container fleet_frontend  Started
Ср 10 июн 2026 15:45:02 UTC: Restart command executed.
jq: error (at <stdin>:1): Cannot index array with string "services"
Ср 10 июн 2026 15:50:01 UTC: Service db is DOWN! Attempting restart...
Ср 10 июн 2026 15:50:01 UTC: Service backend is DOWN! Attempting restart...
Ср 10 июн 2026 15:50:01 UTC: Service frontend is DOWN! Attempting restart...
 Container fleet_backend  Running
 Container fleet_frontend  Created
 Container fleet_db  Starting
 Container fleet_db  Started
 Container fleet_frontend  Starting
 Container fleet_frontend  Started
Ср 10 июн 2026 15:50:02 UTC: Restart command executed.
jq: error (at <stdin>:1): Cannot index array with string "services"
Ср 10 июн 2026 15:55:01 UTC: Service db is DOWN! Attempting restart...
Ср 10 июн 2026 15:55:01 UTC: Service backend is DOWN! Attempting restart...
Ср 10 июн 2026 15:55:01 UTC: Service frontend is DOWN! Attempting restart...
 Container fleet_backend  Running
 Container fleet_frontend  Created
 Container fleet_db  Starting
 Container fleet_db  Started
 Container fleet_frontend  Starting
 Container fleet_frontend  Started
Ср 10 июн 2026 15:55:02 UTC: Restart command executed.
jq: error (at <stdin>:1): Cannot index array with string "services"
Ср 10 июн 2026 16:00:01 UTC: Service db is DOWN! Attempting restart...
Ср 10 июн 2026 16:00:01 UTC: Service backend is DOWN! Attempting restart...
Ср 10 июн 2026 16:00:01 UTC: Service frontend is DOWN! Attempting restart...
 Container fleet_backend  Running
 Container fleet_frontend  Created
 Container fleet_db  Starting
 Container fleet_db  Started
 Container fleet_frontend  Starting
 Container fleet_frontend  Started
Ср 10 июн 2026 16:00:02 UTC: Restart command executed.
jq: error (at <stdin>:1): Cannot index array with string "services"
Ср 10 июн 2026 16:05:01 UTC: Service db is DOWN! Attempting restart...
Ср 10 июн 2026 16:05:01 UTC: Service backend is DOWN! Attempting restart...
Ср 10 июн 2026 16:05:01 UTC: Service frontend is DOWN! Attempting restart...
 Container fleet_backend  Running
 Container fleet_frontend  Created
 Container fleet_db  Starting
 Container fleet_db  Started
 Container fleet_frontend  Starting
 Container fleet_frontend  Started
Ср 10 июн 2026 16:05:02 UTC: Restart command executed.
jq: error (at <stdin>:1): Cannot index array with string "services"
Ср 10 июн 2026 16:10:01 UTC: Service db is DOWN! Attempting restart...
Ср 10 июн 2026 16:10:01 UTC: Service backend is DOWN! Attempting restart...
Ср 10 июн 2026 16:10:01 UTC: Service frontend is DOWN! Attempting restart...
 Container fleet_backend  Running
 Container fleet_frontend  Created
 Container fleet_db  Starting
 Container fleet_db  Started
 Container fleet_frontend  Starting
 Container fleet_frontend  Started
Ср 10 июн 2026 16:10:02 UTC: Restart command executed.
jq: error (at <stdin>:1): Cannot index array with string "services"
Ср 10 июн 2026 16:15:02 UTC: Service db is DOWN! Attempting restart...
Ср 10 июн 2026 16:15:02 UTC: Service backend is DOWN! Attempting restart...
Ср 10 июн 2026 16:15:02 UTC: Service frontend is DOWN! Attempting restart...
 Container fleet_backend  Running
 Container fleet_frontend  Created
 Container fleet_db  Starting
 Container fleet_db  Started
 Container fleet_frontend  Starting
 Container fleet_frontend  Started
Ср 10 июн 2026 16:15:03 UTC: Restart command executed.
jq: error (at <stdin>:1): Cannot index array with string "services"
Ср 10 июн 2026 16:20:01 UTC: Service db is DOWN! Attempting restart...
Ср 10 июн 2026 16:20:01 UTC: Service backend is DOWN! Attempting restart...
Ср 10 июн 2026 16:20:01 UTC: Service frontend is DOWN! Attempting restart...
 Container fleet_backend  Running
 Container fleet_frontend  Created
 Container fleet_db  Starting
 Container fleet_db  Started
 Container fleet_frontend  Starting
 Container fleet_frontend  Started
Ср 10 июн 2026 16:20:02 UTC: Restart command executed.
jq: error (at <stdin>:1): Cannot index array with string "services"
Ср 10 июн 2026 16:25:01 UTC: Service db is DOWN! Attempting restart...
Ср 10 июн 2026 16:25:01 UTC: Service backend is DOWN! Attempting restart...
Ср 10 июн 2026 16:25:01 UTC: Service frontend is DOWN! Attempting restart...
 Container fleet_backend  Running
 Container fleet_frontend  Created
 Container fleet_db  Starting
 Container fleet_db  Started
 Container fleet_frontend  Starting
 Container fleet_frontend  Started
Ср 10 июн 2026 16:25:02 UTC: Restart command executed.
jq: error (at <stdin>:1): Cannot index array with string "services"
Ср 10 июн 2026 16:30:01 UTC: Service db is DOWN! Attempting restart...
Ср 10 июн 2026 16:30:01 UTC: Service backend is DOWN! Attempting restart...
Ср 10 июн 2026 16:30:01 UTC: Service frontend is DOWN! Attempting restart...
 Container fleet_backend  Running
 Container fleet_frontend  Created
 Container fleet_db  Starting
 Container fleet_db  Started
 Container fleet_frontend  Starting
 Container fleet_frontend  Started
Ср 10 июн 2026 16:30:02 UTC: Restart command executed.
jq: error (at <stdin>:1): Cannot index array with string "services"
Ср 10 июн 2026 16:35:01 UTC: Service db is DOWN! Attempting restart...
Ср 10 июн 2026 16:35:01 UTC: Service backend is DOWN! Attempting restart...
Ср 10 июн 2026 16:35:01 UTC: Service frontend is DOWN! Attempting restart...
 Container fleet_backend  Running
 Container fleet_frontend  Created
 Container fleet_db  Starting
 Container fleet_db  Started
 Container fleet_frontend  Starting
 Container fleet_frontend  Started
Ср 10 июн 2026 16:35:02 UTC: Restart command executed.
jq: error (at <stdin>:1): Cannot index array with string "services"
Ср 10 июн 2026 16:40:01 UTC: Service db is DOWN! Attempting restart...
Ср 10 июн 2026 16:40:01 UTC: Service backend is DOWN! Attempting restart...
Ср 10 июн 2026 16:40:01 UTC: Service frontend is DOWN! Attempting restart...
 Container fleet_backend  Running
 Container fleet_frontend  Created
 Container fleet_db  Starting
 Container fleet_db  Started
 Container fleet_frontend  Starting
 Container fleet_frontend  Started
Ср 10 июн 2026 16:40:02 UTC: Restart command executed.
jq: error (at <stdin>:1): Cannot index array with string "services"
Ср 10 июн 2026 16:45:01 UTC: Service db is DOWN! Attempting restart...
Ср 10 июн 2026 16:45:01 UTC: Service backend is DOWN! Attempting restart...
Ср 10 июн 2026 16:45:01 UTC: Service frontend is DOWN! Attempting restart...
 Container fleet_backend  Running
 Container fleet_frontend  Created
 Container fleet_db  Starting
 Container fleet_db  Started
 Container fleet_frontend  Starting
 Container fleet_frontend  Started
Ср 10 июн 2026 16:45:02 UTC: Restart command executed.
jq: error (at <stdin>:1): Cannot index array with string "services"
Ср 10 июн 2026 16:50:01 UTC: Service db is DOWN! Attempting restart...
Ср 10 июн 2026 16:50:01 UTC: Service backend is DOWN! Attempting restart...
Ср 10 июн 2026 16:50:01 UTC: Service frontend is DOWN! Attempting restart...
 Container fleet_backend  Running
 Container fleet_frontend  Created
 Container fleet_db  Starting
 Container fleet_db  Started
 Container fleet_frontend  Starting
 Container fleet_frontend  Started
Ср 10 июн 2026 16:50:02 UTC: Restart command executed.
jq: error (at <stdin>:1): Cannot index array with string "services"
Ср 10 июн 2026 16:55:01 UTC: Service db is DOWN! Attempting restart...
Ср 10 июн 2026 16:55:01 UTC: Service backend is DOWN! Attempting restart...
Ср 10 июн 2026 16:55:01 UTC: Service frontend is DOWN! Attempting restart...
 Container fleet_backend  Running
 Container fleet_frontend  Created
 Container fleet_db  Starting
 Container fleet_db  Started
 Container fleet_frontend  Starting
 Container fleet_frontend  Started
Ср 10 июн 2026 16:55:02 UTC: Restart command executed.
jq: error (at <stdin>:1): Cannot index array with string "services"
Ср 10 июн 2026 17:00:02 UTC: Service db is DOWN! Attempting restart...
Ср 10 июн 2026 17:00:02 UTC: Service backend is DOWN! Attempting restart...
Ср 10 июн 2026 17:00:02 UTC: Service frontend is DOWN! Attempting restart...
 Container fleet_backend  Running
 Container fleet_frontend  Created
 Container fleet_db  Starting
 Container fleet_db  Started
 Container fleet_frontend  Starting
 Container fleet_frontend  Started
Ср 10 июн 2026 17:00:02 UTC: Restart command executed.
jq: error (at <stdin>:1): Cannot index array with string "services"
Ср 10 июн 2026 17:05:02 UTC: Service db is DOWN! Attempting restart...
Ср 10 июн 2026 17:05:02 UTC: Service backend is DOWN! Attempting restart...
Ср 10 июн 2026 17:05:02 UTC: Service frontend is DOWN! Attempting restart...
 Container fleet_backend  Running
 Container fleet_frontend  Created
 Container fleet_db  Starting
 Container fleet_db  Started
 Container fleet_frontend  Starting
 Container fleet_frontend  Started
Ср 10 июн 2026 17:05:03 UTC: Restart command executed.
jq: error (at <stdin>:1): Cannot index array with string "services"
Ср 10 июн 2026 17:10:01 UTC: Service db is DOWN! Attempting restart...
Ср 10 июн 2026 17:10:01 UTC: Service backend is DOWN! Attempting restart...
Ср 10 июн 2026 17:10:01 UTC: Service frontend is DOWN! Attempting restart...
 Container fleet_backend  Running
 Container fleet_frontend  Created
 Container fleet_db  Starting
 Container fleet_db  Started
 Container fleet_frontend  Starting
 Container fleet_frontend  Started
Ср 10 июн 2026 17:10:02 UTC: Restart command executed.
jq: error (at <stdin>:1): Cannot index array with string "services"
Ср 10 июн 2026 17:15:01 UTC: Service db is DOWN! Attempting restart...
Ср 10 июн 2026 17:15:01 UTC: Service backend is DOWN! Attempting restart...
Ср 10 июн 2026 17:15:01 UTC: Service frontend is DOWN! Attempting restart...
 Container fleet_backend  Running
 Container fleet_frontend  Created
 Container fleet_db  Starting
 Container fleet_db  Started
 Container fleet_frontend  Starting
 Container fleet_frontend  Started
Ср 10 июн 2026 17:15:02 UTC: Restart command executed.
jq: error (at <stdin>:1): Cannot index array with string "services"
Ср 10 июн 2026 17:20:01 UTC: Service db is DOWN! Attempting restart...
Ср 10 июн 2026 17:20:01 UTC: Service backend is DOWN! Attempting restart...
Ср 10 июн 2026 17:20:01 UTC: Service frontend is DOWN! Attempting restart...
 Container fleet_backend  Running
 Container fleet_frontend  Created
 Container fleet_db  Starting
 Container fleet_db  Started
 Container fleet_frontend  Starting
 Container fleet_frontend  Started
Ср 10 июн 2026 17:20:02 UTC: Restart command executed.
jq: error (at <stdin>:1): Cannot index array with string "services"
Ср 10 июн 2026 17:25:01 UTC: Service db is DOWN! Attempting restart...
Ср 10 июн 2026 17:25:01 UTC: Service backend is DOWN! Attempting restart...
Ср 10 июн 2026 17:25:01 UTC: Service frontend is DOWN! Attempting restart...
 Container fleet_backend  Running
 Container fleet_frontend  Created
 Container fleet_db  Starting
 Container fleet_db  Started
 Container fleet_frontend  Starting
 Container fleet_frontend  Started
Ср 10 июн 2026 17:25:02 UTC: Restart command executed.
jq: error (at <stdin>:1): Cannot index array with string "services"
Ср 10 июн 2026 17:30:01 UTC: Service db is DOWN! Attempting restart...
Ср 10 июн 2026 17:30:01 UTC: Service backend is DOWN! Attempting restart...
Ср 10 июн 2026 17:30:01 UTC: Service frontend is DOWN! Attempting restart...
 Container fleet_backend  Running
 Container fleet_frontend  Created
 Container fleet_db  Starting
 Container fleet_db  Started
 Container fleet_frontend  Starting
 Container fleet_frontend  Started
Ср 10 июн 2026 17:30:02 UTC: Restart command executed.
jq: error (at <stdin>:1): Cannot index array with string "services"
Ср 10 июн 2026 17:35:01 UTC: Service db is DOWN! Attempting restart...
Ср 10 июн 2026 17:35:01 UTC: Service backend is DOWN! Attempting restart...
Ср 10 июн 2026 17:35:01 UTC: Service frontend is DOWN! Attempting restart...
 Container fleet_backend  Running
 Container fleet_frontend  Created
 Container fleet_db  Starting
 Container fleet_db  Started
 Container fleet_frontend  Starting
 Container fleet_frontend  Started
Ср 10 июн 2026 17:35:02 UTC: Restart command executed.
jq: error (at <stdin>:1): Cannot index array with string "services"
Ср 10 июн 2026 17:40:01 UTC: Service db is DOWN! Attempting restart...
Ср 10 июн 2026 17:40:01 UTC: Service backend is DOWN! Attempting restart...
Ср 10 июн 2026 17:40:01 UTC: Service frontend is DOWN! Attempting restart...
 Container fleet_backend  Running
 Container fleet_frontend  Created
 Container fleet_db  Starting
 Container fleet_db  Started
 Container fleet_frontend  Starting
 Container fleet_frontend  Started
Ср 10 июн 2026 17:40:02 UTC: Restart command executed.
jq: error (at <stdin>:1): Cannot index array with string "services"
Ср 10 июн 2026 17:45:02 UTC: Service db is DOWN! Attempting restart...
Ср 10 июн 2026 17:45:02 UTC: Service backend is DOWN! Attempting restart...
Ср 10 июн 2026 17:45:02 UTC: Service frontend is DOWN! Attempting restart...
 Container fleet_backend  Running
 Container fleet_frontend  Created
 Container fleet_db  Starting
 Container fleet_db  Started
 Container fleet_frontend  Starting
 Container fleet_frontend  Started
Ср 10 июн 2026 17:45:02 UTC: Restart command executed.
jq: error (at <stdin>:1): Cannot index array with string "services"
Ср 10 июн 2026 17:50:02 UTC: Service db is DOWN! Attempting restart...
Ср 10 июн 2026 17:50:02 UTC: Service backend is DOWN! Attempting restart...
Ср 10 июн 2026 17:50:02 UTC: Service frontend is DOWN! Attempting restart...
 Container fleet_backend  Running
 Container fleet_frontend  Created
 Container fleet_db  Starting
 Container fleet_db  Started
 Container fleet_frontend  Starting
 Container fleet_frontend  Started
Ср 10 июн 2026 17:50:03 UTC: Restart command executed.
jq: error (at <stdin>:1): Cannot index array with string "services"
Ср 10 июн 2026 17:55:01 UTC: Service db is DOWN! Attempting restart...
Ср 10 июн 2026 17:55:01 UTC: Service backend is DOWN! Attempting restart...
Ср 10 июн 2026 17:55:01 UTC: Service frontend is DOWN! Attempting restart...
 Container fleet_backend  Running
 Container fleet_frontend  Created
 Container fleet_db  Starting
 Container fleet_db  Started
 Container fleet_frontend  Starting
 Container fleet_frontend  Started
Ср 10 июн 2026 17:55:02 UTC: Restart command executed.
jq: error (at <stdin>:1): Cannot index array with string "services"
Ср 10 июн 2026 18:00:01 UTC: Service db is DOWN! Attempting restart...
Ср 10 июн 2026 18:00:01 UTC: Service backend is DOWN! Attempting restart...
Ср 10 июн 2026 18:00:01 UTC: Service frontend is DOWN! Attempting restart...
 Container fleet_backend  Running
 Container fleet_frontend  Created
 Container fleet_db  Starting
 Container fleet_db  Started
 Container fleet_frontend  Starting
 Container fleet_frontend  Started
Ср 10 июн 2026 18:00:02 UTC: Restart command executed.
jq: error (at <stdin>:1): Cannot index array with string "services"
Ср 10 июн 2026 18:05:01 UTC: Service db is DOWN! Attempting restart...
Ср 10 июн 2026 18:05:01 UTC: Service backend is DOWN! Attempting restart...
Ср 10 июн 2026 18:05:01 UTC: Service frontend is DOWN! Attempting restart...
 Container fleet_backend  Running
 Container fleet_frontend  Created
 Container fleet_db  Starting
 Container fleet_db  Started
 Container fleet_frontend  Starting
 Container fleet_frontend  Started
Ср 10 июн 2026 18:05:02 UTC: Restart command executed.
jq: error (at <stdin>:1): Cannot index array with string "services"
Ср 10 июн 2026 18:10:01 UTC: Service db is DOWN! Attempting restart...
Ср 10 июн 2026 18:10:01 UTC: Service backend is DOWN! Attempting restart...
Ср 10 июн 2026 18:10:01 UTC: Service frontend is DOWN! Attempting restart...
 Container fleet_backend  Running
 Container fleet_frontend  Created
 Container fleet_db  Starting
 Container fleet_db  Started
 Container fleet_frontend  Starting
 Container fleet_frontend  Started
Ср 10 июн 2026 18:10:02 UTC: Restart command executed.
jq: error (at <stdin>:1): Cannot index array with string "services"
Ср 10 июн 2026 18:15:01 UTC: Service db is DOWN! Attempting restart...
Ср 10 июн 2026 18:15:01 UTC: Service backend is DOWN! Attempting restart...
Ср 10 июн 2026 18:15:01 UTC: Service frontend is DOWN! Attempting restart...
 Container fleet_backend  Running
 Container fleet_frontend  Created
 Container fleet_db  Starting
 Container fleet_db  Started
 Container fleet_frontend  Starting
 Container fleet_frontend  Started
Ср 10 июн 2026 18:15:02 UTC: Restart command executed.
jq: error (at <stdin>:1): Cannot index array with string "services"
Ср 10 июн 2026 18:20:01 UTC: Service db is DOWN! Attempting restart...
Ср 10 июн 2026 18:20:01 UTC: Service backend is DOWN! Attempting restart...
Ср 10 июн 2026 18:20:01 UTC: Service frontend is DOWN! Attempting restart...
 Container fleet_backend  Running
 Container fleet_frontend  Created
 Container fleet_db  Starting
 Container fleet_db  Started
 Container fleet_frontend  Starting
 Container fleet_frontend  Started
Ср 10 июн 2026 18:20:02 UTC: Restart command executed.
jq: error (at <stdin>:1): Cannot index array with string "services"
Ср 10 июн 2026 18:25:01 UTC: Service db is DOWN! Attempting restart...
Ср 10 июн 2026 18:25:01 UTC: Service backend is DOWN! Attempting restart...
Ср 10 июн 2026 18:25:01 UTC: Service frontend is DOWN! Attempting restart...
 Container fleet_backend  Running
 Container fleet_frontend  Created
 Container fleet_db  Starting
 Container fleet_db  Started
 Container fleet_frontend  Starting
 Container fleet_frontend  Started
Ср 10 июн 2026 18:25:02 UTC: Restart command executed.
jq: error (at <stdin>:1): Cannot index array with string "services"
Ср 10 июн 2026 18:30:01 UTC: Service db is DOWN! Attempting restart...
Ср 10 июн 2026 18:30:01 UTC: Service backend is DOWN! Attempting restart...
Ср 10 июн 2026 18:30:01 UTC: Service frontend is DOWN! Attempting restart...
 Container fleet_backend  Running
 Container fleet_frontend  Created
 Container fleet_db  Starting
 Container fleet_db  Started
 Container fleet_frontend  Starting
 Container fleet_frontend  Started
Ср 10 июн 2026 18:30:02 UTC: Restart command executed.
jq: error (at <stdin>:1): Cannot index array with string "services"
Ср 10 июн 2026 18:35:02 UTC: Service db is DOWN! Attempting restart...
Ср 10 июн 2026 18:35:02 UTC: Service backend is DOWN! Attempting restart...
Ср 10 июн 2026 18:35:02 UTC: Service frontend is DOWN! Attempting restart...
 Container fleet_backend  Running
 Container fleet_frontend  Created
 Container fleet_db  Starting
 Container fleet_db  Started
 Container fleet_frontend  Starting
 Container fleet_frontend  Started
Ср 10 июн 2026 18:35:02 UTC: Restart command executed.
jq: error (at <stdin>:1): Cannot index array with string "services"
Ср 10 июн 2026 18:40:02 UTC: Service db is DOWN! Attempting restart...
Ср 10 июн 2026 18:40:02 UTC: Service backend is DOWN! Attempting restart...
Ср 10 июн 2026 18:40:02 UTC: Service frontend is DOWN! Attempting restart...
 Container fleet_backend  Running
 Container fleet_frontend  Created
 Container fleet_db  Starting
 Container fleet_db  Started
 Container fleet_frontend  Starting
 Container fleet_frontend  Started
Ср 10 июн 2026 18:40:03 UTC: Restart command executed.
jq: error (at <stdin>:1): Cannot index array with string "services"
Ср 10 июн 2026 18:45:01 UTC: Service db is DOWN! Attempting restart...
Ср 10 июн 2026 18:45:01 UTC: Service backend is DOWN! Attempting restart...
Ср 10 июн 2026 18:45:01 UTC: Service frontend is DOWN! Attempting restart...
 Container fleet_backend  Running
 Container fleet_frontend  Created
 Container fleet_db  Starting
 Container fleet_db  Started
 Container fleet_frontend  Starting
 Container fleet_frontend  Started
Ср 10 июн 2026 18:45:02 UTC: Restart command executed.
jq: error (at <stdin>:1): Cannot index array with string "services"
Ср 10 июн 2026 18:50:01 UTC: Service db is DOWN! Attempting restart...
Ср 10 июн 2026 18:50:01 UTC: Service backend is DOWN! Attempting restart...
Ср 10 июн 2026 18:50:01 UTC: Service frontend is DOWN! Attempting restart...
 Container fleet_backend  Running
 Container fleet_frontend  Created
 Container fleet_db  Starting
 Container fleet_db  Started
 Container fleet_frontend  Starting
 Container fleet_frontend  Started
Ср 10 июн 2026 18:50:02 UTC: Restart command executed.
jq: error (at <stdin>:1): Cannot index array with string "services"
Ср 10 июн 2026 18:55:01 UTC: Service db is DOWN! Attempting restart...
Ср 10 июн 2026 18:55:01 UTC: Service backend is DOWN! Attempting restart...
Ср 10 июн 2026 18:55:01 UTC: Service frontend is DOWN! Attempting restart...
 Container fleet_backend  Running
 Container fleet_frontend  Created
 Container fleet_db  Starting
 Container fleet_db  Started
 Container fleet_frontend  Starting
 Container fleet_frontend  Started
Ср 10 июн 2026 18:55:02 UTC: Restart command executed.
jq: error (at <stdin>:1): Cannot index array with string "services"
Ср 10 июн 2026 19:00:01 UTC: Service db is DOWN! Attempting restart...
Ср 10 июн 2026 19:00:01 UTC: Service backend is DOWN! Attempting restart...
Ср 10 июн 2026 19:00:01 UTC: Service frontend is DOWN! Attempting restart...
 Container fleet_backend  Running
 Container fleet_frontend  Created
 Container fleet_db  Starting
 Container fleet_db  Started
 Container fleet_frontend  Starting
 Container fleet_frontend  Started
Ср 10 июн 2026 19:00:02 UTC: Restart command executed.
jq: error (at <stdin>:1): Cannot index array with string "services"
Ср 10 июн 2026 19:05:01 UTC: Service db is DOWN! Attempting restart...
Ср 10 июн 2026 19:05:01 UTC: Service backend is DOWN! Attempting restart...
Ср 10 июн 2026 19:05:01 UTC: Service frontend is DOWN! Attempting restart...
 Container fleet_backend  Running
 Container fleet_frontend  Created
 Container fleet_db  Starting
 Container fleet_db  Started
 Container fleet_frontend  Starting
 Container fleet_frontend  Started
Ср 10 июн 2026 19:05:02 UTC: Restart command executed.
jq: error (at <stdin>:1): Cannot index array with string "services"
Ср 10 июн 2026 19:10:01 UTC: Service db is DOWN! Attempting restart...
Ср 10 июн 2026 19:10:01 UTC: Service backend is DOWN! Attempting restart...
Ср 10 июн 2026 19:10:01 UTC: Service frontend is DOWN! Attempting restart...
 Container fleet_backend  Running
 Container fleet_frontend  Created
 Container fleet_db  Starting
 Container fleet_db  Started
 Container fleet_frontend  Starting
 Container fleet_frontend  Started
Ср 10 июн 2026 19:10:02 UTC: Restart command executed.
jq: error (at <stdin>:1): Cannot index array with string "services"
Ср 10 июн 2026 19:15:01 UTC: Service db is DOWN! Attempting restart...
Ср 10 июн 2026 19:15:01 UTC: Service backend is DOWN! Attempting restart...
Ср 10 июн 2026 19:15:01 UTC: Service frontend is DOWN! Attempting restart...
 Container fleet_backend  Running
 Container fleet_frontend  Created
 Container fleet_db  Starting
 Container fleet_db  Started
 Container fleet_frontend  Starting
 Container fleet_frontend  Started
Ср 10 июн 2026 19:15:02 UTC: Restart command executed.
jq: error (at <stdin>:1): Cannot index array with string "services"
Ср 10 июн 2026 19:20:02 UTC: Service db is DOWN! Attempting restart...
Ср 10 июн 2026 19:20:02 UTC: Service backend is DOWN! Attempting restart...
Ср 10 июн 2026 19:20:02 UTC: Service frontend is DOWN! Attempting restart...
 Container fleet_backend  Running
 Container fleet_frontend  Created
 Container fleet_db  Starting
 Container fleet_db  Started
 Container fleet_frontend  Starting
 Container fleet_frontend  Started
Ср 10 июн 2026 19:20:02 UTC: Restart command executed.
jq: error (at <stdin>:1): Cannot index array with string "services"
Ср 10 июн 2026 19:25:02 UTC: Service db is DOWN! Attempting restart...
Ср 10 июн 2026 19:25:02 UTC: Service backend is DOWN! Attempting restart...
Ср 10 июн 2026 19:25:02 UTC: Service frontend is DOWN! Attempting restart...
 Container fleet_backend  Running
 Container fleet_frontend  Created
 Container fleet_db  Starting
 Container fleet_db  Started
 Container fleet_frontend  Starting
 Container fleet_frontend  Started
Ср 10 июн 2026 19:25:02 UTC: Restart command executed.
jq: error (at <stdin>:1): Cannot index array with string "services"
Ср 10 июн 2026 19:30:02 UTC: Service db is DOWN! Attempting restart...
Ср 10 июн 2026 19:30:02 UTC: Service backend is DOWN! Attempting restart...
Ср 10 июн 2026 19:30:02 UTC: Service frontend is DOWN! Attempting restart...
 Container fleet_backend  Running
 Container fleet_frontend  Created
 Container fleet_db  Starting
 Container fleet_db  Started
 Container fleet_frontend  Starting
 Container fleet_frontend  Started
Ср 10 июн 2026 19:30:03 UTC: Restart command executed.
jq: error (at <stdin>:1): Cannot index array with string "services"
Ср 10 июн 2026 19:35:01 UTC: Service db is DOWN! Attempting restart...
Ср 10 июн 2026 19:35:01 UTC: Service backend is DOWN! Attempting restart...
Ср 10 июн 2026 19:35:01 UTC: Service frontend is DOWN! Attempting restart...
 Container fleet_backend  Running
 Container fleet_frontend  Created
 Container fleet_db  Starting
 Container fleet_db  Started
 Container fleet_frontend  Starting
 Container fleet_frontend  Started
Ср 10 июн 2026 19:35:02 UTC: Restart command executed.
jq: error (at <stdin>:1): Cannot index array with string "services"
Ср 10 июн 2026 19:40:01 UTC: Service db is DOWN! Attempting restart...
Ср 10 июн 2026 19:40:01 UTC: Service backend is DOWN! Attempting restart...
Ср 10 июн 2026 19:40:01 UTC: Service frontend is DOWN! Attempting restart...
 Container fleet_backend  Running
 Container fleet_frontend  Created
 Container fleet_db  Starting
 Container fleet_db  Started
 Container fleet_frontend  Starting
 Container fleet_frontend  Started
Ср 10 июн 2026 19:40:02 UTC: Restart command executed.
jq: error (at <stdin>:1): Cannot index array with string "services"
Ср 10 июн 2026 19:45:01 UTC: Service db is DOWN! Attempting restart...
Ср 10 июн 2026 19:45:01 UTC: Service backend is DOWN! Attempting restart...
Ср 10 июн 2026 19:45:01 UTC: Service frontend is DOWN! Attempting restart...
 Container fleet_backend  Running
 Container fleet_frontend  Created
 Container fleet_db  Starting
 Container fleet_db  Started
 Container fleet_frontend  Starting
 Container fleet_frontend  Started
Ср 10 июн 2026 19:45:02 UTC: Restart command executed.
jq: error (at <stdin>:1): Cannot index array with string "services"
Ср 10 июн 2026 19:50:01 UTC: Service db is DOWN! Attempting restart...
Ср 10 июн 2026 19:50:01 UTC: Service backend is DOWN! Attempting restart...
Ср 10 июн 2026 19:50:01 UTC: Service frontend is DOWN! Attempting restart...
 Container fleet_backend  Running
 Container fleet_frontend  Created
 Container fleet_db  Starting
 Container fleet_db  Started
 Container fleet_frontend  Starting
 Container fleet_frontend  Started
Ср 10 июн 2026 19:50:02 UTC: Restart command executed.
jq: error (at <stdin>:1): Cannot index array with string "services"
Ср 10 июн 2026 19:55:01 UTC: Service db is DOWN! Attempting restart...
Ср 10 июн 2026 19:55:01 UTC: Service backend is DOWN! Attempting restart...
Ср 10 июн 2026 19:55:01 UTC: Service frontend is DOWN! Attempting restart...
 Container fleet_backend  Running
 Container fleet_frontend  Created
 Container fleet_db  Starting
 Container fleet_db  Started
 Container fleet_frontend  Starting
 Container fleet_frontend  Started
Ср 10 июн 2026 19:55:02 UTC: Restart command executed.
jq: error (at <stdin>:1): Cannot index array with string "services"
Ср 10 июн 2026 20:00:01 UTC: Service db is DOWN! Attempting restart...
Ср 10 июн 2026 20:00:01 UTC: Service backend is DOWN! Attempting restart...
Ср 10 июн 2026 20:00:01 UTC: Service frontend is DOWN! Attempting restart...
 Container fleet_backend  Running
 Container fleet_frontend  Created
 Container fleet_db  Starting
 Container fleet_db  Started
 Container fleet_frontend  Starting
 Container fleet_frontend  Started
Ср 10 июн 2026 20:00:02 UTC: Restart command executed.
jq: error (at <stdin>:1): Cannot index array with string "services"
Ср 10 июн 2026 20:05:01 UTC: Service db is DOWN! Attempting restart...
Ср 10 июн 2026 20:05:01 UTC: Service backend is DOWN! Attempting restart...
Ср 10 июн 2026 20:05:01 UTC: Service frontend is DOWN! Attempting restart...
 Container fleet_backend  Running
 Container fleet_frontend  Created
 Container fleet_db  Starting
 Container fleet_db  Started
 Container fleet_frontend  Starting
 Container fleet_frontend  Started
Ср 10 июн 2026 20:05:02 UTC: Restart command executed.
jq: error (at <stdin>:1): Cannot index array with string "services"
Ср 10 июн 2026 20:10:02 UTC: Service db is DOWN! Attempting restart...
Ср 10 июн 2026 20:10:02 UTC: Service backend is DOWN! Attempting restart...
Ср 10 июн 2026 20:10:02 UTC: Service frontend is DOWN! Attempting restart...
 Container fleet_backend  Running
 Container fleet_frontend  Created
 Container fleet_db  Starting
 Container fleet_db  Started
 Container fleet_frontend  Starting
 Container fleet_frontend  Started
Ср 10 июн 2026 20:10:02 UTC: Restart command executed.
jq: error (at <stdin>:1): Cannot index array with string "services"
Ср 10 июн 2026 20:15:02 UTC: Service db is DOWN! Attempting restart...
Ср 10 июн 2026 20:15:02 UTC: Service backend is DOWN! Attempting restart...
Ср 10 июн 2026 20:15:02 UTC: Service frontend is DOWN! Attempting restart...
 Container fleet_backend  Running
 Container fleet_frontend  Created
 Container fleet_db  Starting
 Container fleet_db  Started
 Container fleet_frontend  Starting
 Container fleet_frontend  Started
Ср 10 июн 2026 20:15:03 UTC: Restart command executed.
jq: error (at <stdin>:1): Cannot index array with string "services"
Ср 10 июн 2026 20:20:01 UTC: Service db is DOWN! Attempting restart...
Ср 10 июн 2026 20:20:01 UTC: Service backend is DOWN! Attempting restart...
Ср 10 июн 2026 20:20:01 UTC: Service frontend is DOWN! Attempting restart...
 Container fleet_backend  Running
 Container fleet_frontend  Created
 Container fleet_db  Starting
 Container fleet_db  Started
 Container fleet_frontend  Starting
 Container fleet_frontend  Started
Ср 10 июн 2026 20:20:02 UTC: Restart command executed.
jq: error (at <stdin>:1): Cannot index array with string "services"
Ср 10 июн 2026 20:25:01 UTC: Service db is DOWN! Attempting restart...
Ср 10 июн 2026 20:25:01 UTC: Service backend is DOWN! Attempting restart...
Ср 10 июн 2026 20:25:01 UTC: Service frontend is DOWN! Attempting restart...
 Container fleet_backend  Running
 Container fleet_frontend  Created
 Container fleet_db  Starting
 Container fleet_db  Started
 Container fleet_frontend  Starting
 Container fleet_frontend  Started
Ср 10 июн 2026 20:25:02 UTC: Restart command executed.
jq: error (at <stdin>:1): Cannot index array with string "services"
Ср 10 июн 2026 20:30:01 UTC: Service db is DOWN! Attempting restart...
Ср 10 июн 2026 20:30:01 UTC: Service backend is DOWN! Attempting restart...
Ср 10 июн 2026 20:30:01 UTC: Service frontend is DOWN! Attempting restart...
 Container fleet_backend  Running
 Container fleet_frontend  Created
 Container fleet_db  Starting
 Container fleet_db  Started
 Container fleet_frontend  Starting
 Container fleet_frontend  Started
Ср 10 июн 2026 20:30:02 UTC: Restart command executed.
jq: error (at <stdin>:1): Cannot index array with string "services"
Ср 10 июн 2026 20:35:01 UTC: Service db is DOWN! Attempting restart...
Ср 10 июн 2026 20:35:01 UTC: Service backend is DOWN! Attempting restart...
Ср 10 июн 2026 20:35:01 UTC: Service frontend is DOWN! Attempting restart...
 Container fleet_backend  Running
 Container fleet_frontend  Created
 Container fleet_db  Starting
 Container fleet_db  Started
 Container fleet_frontend  Starting
 Container fleet_frontend  Started
Ср 10 июн 2026 20:35:02 UTC: Restart command executed.
jq: error (at <stdin>:1): Cannot index array with string "services"
Ср 10 июн 2026 20:40:01 UTC: Service db is DOWN! Attempting restart...
Ср 10 июн 2026 20:40:01 UTC: Service backend is DOWN! Attempting restart...
Ср 10 июн 2026 20:40:01 UTC: Service frontend is DOWN! Attempting restart...
 Container fleet_backend  Running
 Container fleet_frontend  Created
 Container fleet_db  Starting
 Container fleet_db  Started
 Container fleet_frontend  Starting
 Container fleet_frontend  Started
Ср 10 июн 2026 20:40:02 UTC: Restart command executed.
jq: error (at <stdin>:1): Cannot index array with string "services"
Ср 10 июн 2026 20:45:01 UTC: Service db is DOWN! Attempting restart...
Ср 10 июн 2026 20:45:01 UTC: Service backend is DOWN! Attempting restart...
Ср 10 июн 2026 20:45:01 UTC: Service frontend is DOWN! Attempting restart...
 Container fleet_backend  Running
 Container fleet_frontend  Created
 Container fleet_db  Starting
 Container fleet_db  Started
 Container fleet_frontend  Starting
 Container fleet_frontend  Started
Ср 10 июн 2026 20:45:02 UTC: Restart command executed.
jq: error (at <stdin>:1): Cannot index array with string "services"
Ср 10 июн 2026 20:50:02 UTC: Service db is DOWN! Attempting restart...
Ср 10 июн 2026 20:50:02 UTC: Service backend is DOWN! Attempting restart...
Ср 10 июн 2026 20:50:02 UTC: Service frontend is DOWN! Attempting restart...
 Container fleet_backend  Running
 Container fleet_frontend  Created
 Container fleet_db  Starting
 Container fleet_db  Started
 Container fleet_frontend  Starting
 Container fleet_frontend  Started
Ср 10 июн 2026 20:50:02 UTC: Restart command executed.
jq: error (at <stdin>:1): Cannot index array with string "services"
Ср 10 июн 2026 20:55:02 UTC: Service db is DOWN! Attempting restart...
Ср 10 июн 2026 20:55:02 UTC: Service backend is DOWN! Attempting restart...
Ср 10 июн 2026 20:55:02 UTC: Service frontend is DOWN! Attempting restart...
 Container fleet_backend  Running
 Container fleet_frontend  Created
 Container fleet_db  Starting
 Container fleet_db  Started
 Container fleet_frontend  Starting
 Container fleet_frontend  Started
Ср 10 июн 2026 20:55:02 UTC: Restart command executed.
jq: error (at <stdin>:1): Cannot index array with string "services"
Ср 10 июн 2026 21:00:02 UTC: Service db is DOWN! Attempting restart...
Ср 10 июн 2026 21:00:02 UTC: Service backend is DOWN! Attempting restart...
Ср 10 июн 2026 21:00:02 UTC: Service frontend is DOWN! Attempting restart...
 Container fleet_backend  Running
 Container fleet_frontend  Created
 Container fleet_db  Starting
 Container fleet_db  Started
 Container fleet_frontend  Starting
 Container fleet_frontend  Started
Ср 10 июн 2026 21:00:03 UTC: Restart command executed.
jq: error (at <stdin>:1): Cannot index array with string "services"
Ср 10 июн 2026 21:05:01 UTC: Service db is DOWN! Attempting restart...
Ср 10 июн 2026 21:05:01 UTC: Service backend is DOWN! Attempting restart...
Ср 10 июн 2026 21:05:01 UTC: Service frontend is DOWN! Attempting restart...
 Container fleet_backend  Running
 Container fleet_frontend  Created
 Container fleet_db  Starting
 Container fleet_db  Started
 Container fleet_frontend  Starting
 Container fleet_frontend  Started
Ср 10 июн 2026 21:05:02 UTC: Restart command executed.
jq: error (at <stdin>:1): Cannot index array with string "services"
Ср 10 июн 2026 21:10:01 UTC: Service db is DOWN! Attempting restart...
Ср 10 июн 2026 21:10:01 UTC: Service backend is DOWN! Attempting restart...
Ср 10 июн 2026 21:10:01 UTC: Service frontend is DOWN! Attempting restart...
 Container fleet_backend  Running
 Container fleet_frontend  Created
 Container fleet_db  Starting
 Container fleet_db  Started
 Container fleet_frontend  Starting
 Container fleet_frontend  Started
Ср 10 июн 2026 21:10:02 UTC: Restart command executed.
jq: error (at <stdin>:1): Cannot index array with string "services"
Ср 10 июн 2026 21:15:01 UTC: Service db is DOWN! Attempting restart...
Ср 10 июн 2026 21:15:01 UTC: Service backend is DOWN! Attempting restart...
Ср 10 июн 2026 21:15:01 UTC: Service frontend is DOWN! Attempting restart...
 Container fleet_backend  Running
 Container fleet_frontend  Created
 Container fleet_db  Starting
 Container fleet_db  Started
 Container fleet_frontend  Starting
 Container fleet_frontend  Started
Ср 10 июн 2026 21:15:02 UTC: Restart command executed.
jq: error (at <stdin>:1): Cannot index array with string "services"
Ср 10 июн 2026 21:20:01 UTC: Service db is DOWN! Attempting restart...
Ср 10 июн 2026 21:20:01 UTC: Service backend is DOWN! Attempting restart...
Ср 10 июн 2026 21:20:01 UTC: Service frontend is DOWN! Attempting restart...
 Container fleet_backend  Running
 Container fleet_frontend  Created
 Container fleet_db  Starting
 Container fleet_db  Started
 Container fleet_frontend  Starting
 Container fleet_frontend  Started
Ср 10 июн 2026 21:20:02 UTC: Restart command executed.
jq: error (at <stdin>:1): Cannot index array with string "services"
Ср 10 июн 2026 21:25:01 UTC: Service db is DOWN! Attempting restart...
Ср 10 июн 2026 21:25:01 UTC: Service backend is DOWN! Attempting restart...
Ср 10 июн 2026 21:25:01 UTC: Service frontend is DOWN! Attempting restart...
 Container fleet_backend  Running
 Container fleet_frontend  Created
 Container fleet_db  Starting
 Container fleet_db  Started
 Container fleet_frontend  Starting
 Container fleet_frontend  Started
Ср 10 июн 2026 21:25:02 UTC: Restart command executed.
jq: error (at <stdin>:1): Cannot index array with string "services"
Ср 10 июн 2026 21:30:01 UTC: Service db is DOWN! Attempting restart...
Ср 10 июн 2026 21:30:01 UTC: Service backend is DOWN! Attempting restart...
Ср 10 июн 2026 21:30:01 UTC: Service frontend is DOWN! Attempting restart...
 Container fleet_backend  Running
 Container fleet_frontend  Created
 Container fleet_db  Starting
 Container fleet_db  Started
 Container fleet_frontend  Starting
 Container fleet_frontend  Started
Ср 10 июн 2026 21:30:02 UTC: Restart command executed.
jq: error (at <stdin>:1): Cannot index array with string "services"
Ср 10 июн 2026 21:35:01 UTC: Service db is DOWN! Attempting restart...
Ср 10 июн 2026 21:35:01 UTC: Service backend is DOWN! Attempting restart...
Ср 10 июн 2026 21:35:01 UTC: Service frontend is DOWN! Attempting restart...
 Container fleet_backend  Running
 Container fleet_frontend  Created
 Container fleet_db  Starting
 Container fleet_db  Started
 Container fleet_frontend  Starting
 Container fleet_frontend  Started
Ср 10 июн 2026 21:35:02 UTC: Restart command executed.
jq: error (at <stdin>:1): Cannot index array with string "services"
Ср 10 июн 2026 21:40:02 UTC: Service db is DOWN! Attempting restart...
Ср 10 июн 2026 21:40:02 UTC: Service backend is DOWN! Attempting restart...
Ср 10 июн 2026 21:40:02 UTC: Service frontend is DOWN! Attempting restart...
 Container fleet_backend  Running
 Container fleet_frontend  Created
 Container fleet_db  Starting
 Container fleet_db  Started
 Container fleet_frontend  Starting
 Container fleet_frontend  Started
Ср 10 июн 2026 21:40:02 UTC: Restart command executed.
jq: error (at <stdin>:1): Cannot index array with string "services"
Ср 10 июн 2026 21:45:02 UTC: Service db is DOWN! Attempting restart...
Ср 10 июн 2026 21:45:02 UTC: Service backend is DOWN! Attempting restart...
Ср 10 июн 2026 21:45:02 UTC: Service frontend is DOWN! Attempting restart...
 Container fleet_backend  Running
 Container fleet_frontend  Created
 Container fleet_db  Starting
 Container fleet_db  Started
 Container fleet_frontend  Starting
 Container fleet_frontend  Started
Ср 10 июн 2026 21:45:03 UTC: Restart command executed.
jq: error (at <stdin>:1): Cannot index array with string "services"
Ср 10 июн 2026 21:50:01 UTC: Service db is DOWN! Attempting restart...
Ср 10 июн 2026 21:50:01 UTC: Service backend is DOWN! Attempting restart...
Ср 10 июн 2026 21:50:01 UTC: Service frontend is DOWN! Attempting restart...
 Container fleet_backend  Running
 Container fleet_frontend  Created
 Container fleet_db  Starting
 Container fleet_db  Started
 Container fleet_frontend  Starting
 Container fleet_frontend  Started
Ср 10 июн 2026 21:50:02 UTC: Restart command executed.
jq: error (at <stdin>:1): Cannot index array with string "services"
Ср 10 июн 2026 21:55:01 UTC: Service db is DOWN! Attempting restart...
Ср 10 июн 2026 21:55:01 UTC: Service backend is DOWN! Attempting restart...
Ср 10 июн 2026 21:55:01 UTC: Service frontend is DOWN! Attempting restart...
 Container fleet_backend  Running
 Container fleet_frontend  Created
 Container fleet_db  Starting
 Container fleet_db  Started
 Container fleet_frontend  Starting
 Container fleet_frontend  Started
Ср 10 июн 2026 21:55:02 UTC: Restart command executed.
jq: error (at <stdin>:1): Cannot index array with string "services"
Ср 10 июн 2026 22:00:01 UTC: Service db is DOWN! Attempting restart...
Ср 10 июн 2026 22:00:01 UTC: Service backend is DOWN! Attempting restart...
Ср 10 июн 2026 22:00:01 UTC: Service frontend is DOWN! Attempting restart...
 Container fleet_backend  Running
 Container fleet_frontend  Created
 Container fleet_db  Starting
 Container fleet_db  Started
 Container fleet_frontend  Starting
 Container fleet_frontend  Started
Ср 10 июн 2026 22:00:02 UTC: Restart command executed.
jq: error (at <stdin>:1): Cannot index array with string "services"
Ср 10 июн 2026 22:05:01 UTC: Service db is DOWN! Attempting restart...
Ср 10 июн 2026 22:05:01 UTC: Service backend is DOWN! Attempting restart...
Ср 10 июн 2026 22:05:01 UTC: Service frontend is DOWN! Attempting restart...
 Container fleet_backend  Running
 Container fleet_frontend  Created
 Container fleet_db  Starting
 Container fleet_db  Started
 Container fleet_frontend  Starting
 Container fleet_frontend  Started
Ср 10 июн 2026 22:05:02 UTC: Restart command executed.
jq: error (at <stdin>:1): Cannot index array with string "services"
Ср 10 июн 2026 22:10:01 UTC: Service db is DOWN! Attempting restart...
Ср 10 июн 2026 22:10:01 UTC: Service backend is DOWN! Attempting restart...
Ср 10 июн 2026 22:10:01 UTC: Service frontend is DOWN! Attempting restart...
 Container fleet_backend  Running
 Container fleet_frontend  Created
 Container fleet_db  Starting
 Container fleet_db  Started
 Container fleet_frontend  Starting
 Container fleet_frontend  Started
Ср 10 июн 2026 22:10:02 UTC: Restart command executed.
jq: error (at <stdin>:1): Cannot index array with string "services"
Ср 10 июн 2026 22:15:01 UTC: Service db is DOWN! Attempting restart...
Ср 10 июн 2026 22:15:01 UTC: Service backend is DOWN! Attempting restart...
Ср 10 июн 2026 22:15:01 UTC: Service frontend is DOWN! Attempting restart...
 Container fleet_backend  Running
 Container fleet_frontend  Created
 Container fleet_db  Starting
 Container fleet_db  Started
 Container fleet_frontend  Starting
 Container fleet_frontend  Started
Ср 10 июн 2026 22:15:02 UTC: Restart command executed.
jq: error (at <stdin>:1): Cannot index array with string "services"
Ср 10 июн 2026 22:20:01 UTC: Service db is DOWN! Attempting restart...
Ср 10 июн 2026 22:20:01 UTC: Service backend is DOWN! Attempting restart...
Ср 10 июн 2026 22:20:01 UTC: Service frontend is DOWN! Attempting restart...
 Container fleet_backend  Running
 Container fleet_frontend  Created
 Container fleet_db  Starting
 Container fleet_db  Started
 Container fleet_frontend  Starting
 Container fleet_frontend  Started
Ср 10 июн 2026 22:20:02 UTC: Restart command executed.
jq: error (at <stdin>:1): Cannot index array with string "services"
Ср 10 июн 2026 22:25:01 UTC: Service db is DOWN! Attempting restart...
Ср 10 июн 2026 22:25:01 UTC: Service backend is DOWN! Attempting restart...
Ср 10 июн 2026 22:25:01 UTC: Service frontend is DOWN! Attempting restart...
 Container fleet_backend  Running
 Container fleet_frontend  Created
 Container fleet_db  Starting
 Container fleet_db  Started
 Container fleet_frontend  Starting
 Container fleet_frontend  Started
Ср 10 июн 2026 22:25:02 UTC: Restart command executed.
jq: error (at <stdin>:1): Cannot index array with string "services"
Ср 10 июн 2026 22:30:02 UTC: Service db is DOWN! Attempting restart...
Ср 10 июн 2026 22:30:02 UTC: Service backend is DOWN! Attempting restart...
Ср 10 июн 2026 22:30:02 UTC: Service frontend is DOWN! Attempting restart...
 Container fleet_backend  Running
 Container fleet_frontend  Created
 Container fleet_db  Starting
 Container fleet_db  Started
 Container fleet_frontend  Starting
 Container fleet_frontend  Started
Ср 10 июн 2026 22:30:03 UTC: Restart command executed.
jq: error (at <stdin>:1): Cannot index array with string "services"
Ср 10 июн 2026 22:35:01 UTC: Service db is DOWN! Attempting restart...
Ср 10 июн 2026 22:35:01 UTC: Service backend is DOWN! Attempting restart...
Ср 10 июн 2026 22:35:01 UTC: Service frontend is DOWN! Attempting restart...
 Container fleet_backend  Running
 Container fleet_frontend  Created
 Container fleet_db  Starting
 Container fleet_db  Started
 Container fleet_frontend  Starting
 Container fleet_frontend  Started
Ср 10 июн 2026 22:35:02 UTC: Restart command executed.
jq: error (at <stdin>:1): Cannot index array with string "services"
Ср 10 июн 2026 22:40:01 UTC: Service db is DOWN! Attempting restart...
Ср 10 июн 2026 22:40:01 UTC: Service backend is DOWN! Attempting restart...
Ср 10 июн 2026 22:40:01 UTC: Service frontend is DOWN! Attempting restart...
 Container fleet_backend  Running
 Container fleet_frontend  Created
 Container fleet_db  Starting
 Container fleet_db  Started
 Container fleet_frontend  Starting
 Container fleet_frontend  Started
Ср 10 июн 2026 22:40:02 UTC: Restart command executed.
jq: error (at <stdin>:1): Cannot index array with string "services"
Ср 10 июн 2026 22:45:01 UTC: Service db is DOWN! Attempting restart...
Ср 10 июн 2026 22:45:01 UTC: Service backend is DOWN! Attempting restart...
Ср 10 июн 2026 22:45:01 UTC: Service frontend is DOWN! Attempting restart...
 Container fleet_backend  Running
 Container fleet_frontend  Created
 Container fleet_db  Starting
 Container fleet_db  Started
 Container fleet_frontend  Starting
 Container fleet_frontend  Started
Ср 10 июн 2026 22:45:02 UTC: Restart command executed.
jq: error (at <stdin>:1): Cannot index array with string "services"
Ср 10 июн 2026 22:50:01 UTC: Service db is DOWN! Attempting restart...
Ср 10 июн 2026 22:50:01 UTC: Service backend is DOWN! Attempting restart...
Ср 10 июн 2026 22:50:01 UTC: Service frontend is DOWN! Attempting restart...
 Container fleet_backend  Running
 Container fleet_frontend  Created
 Container fleet_db  Starting
 Container fleet_db  Started
 Container fleet_frontend  Starting
 Container fleet_frontend  Started
Ср 10 июн 2026 22:50:02 UTC: Restart command executed.
jq: error (at <stdin>:1): Cannot index array with string "services"
Ср 10 июн 2026 22:55:01 UTC: Service db is DOWN! Attempting restart...
Ср 10 июн 2026 22:55:01 UTC: Service backend is DOWN! Attempting restart...
Ср 10 июн 2026 22:55:01 UTC: Service frontend is DOWN! Attempting restart...
 Container fleet_backend  Running
 Container fleet_frontend  Created
 Container fleet_db  Starting
 Container fleet_db  Started
 Container fleet_frontend  Starting
 Container fleet_frontend  Started
Ср 10 июн 2026 22:55:02 UTC: Restart command executed.
jq: error (at <stdin>:1): Cannot index array with string "services"
Ср 10 июн 2026 23:00:01 UTC: Service db is DOWN! Attempting restart...
Ср 10 июн 2026 23:00:01 UTC: Service backend is DOWN! Attempting restart...
Ср 10 июн 2026 23:00:01 UTC: Service frontend is DOWN! Attempting restart...
 Container fleet_backend  Running
 Container fleet_frontend  Created
 Container fleet_db  Starting
 Container fleet_db  Started
 Container fleet_frontend  Starting
 Container fleet_frontend  Started
Ср 10 июн 2026 23:00:02 UTC: Restart command executed.
jq: error (at <stdin>:1): Cannot index array with string "services"
Ср 10 июн 2026 23:05:01 UTC: Service db is DOWN! Attempting restart...
Ср 10 июн 2026 23:05:01 UTC: Service backend is DOWN! Attempting restart...
Ср 10 июн 2026 23:05:01 UTC: Service frontend is DOWN! Attempting restart...
 Container fleet_backend  Running
 Container fleet_frontend  Created
 Container fleet_db  Starting
 Container fleet_db  Started
 Container fleet_frontend  Starting
 Container fleet_frontend  Started
Ср 10 июн 2026 23:05:02 UTC: Restart command executed.
jq: error (at <stdin>:1): Cannot index array with string "services"
Ср 10 июн 2026 23:10:01 UTC: Service db is DOWN! Attempting restart...
Ср 10 июн 2026 23:10:01 UTC: Service backend is DOWN! Attempting restart...
Ср 10 июн 2026 23:10:01 UTC: Service frontend is DOWN! Attempting restart...
 Container fleet_backend  Running
 Container fleet_frontend  Created
 Container fleet_db  Starting
 Container fleet_db  Started
 Container fleet_frontend  Starting
 Container fleet_frontend  Started
Ср 10 июн 2026 23:10:02 UTC: Restart command executed.
jq: error (at <stdin>:1): Cannot index array with string "services"
Ср 10 июн 2026 23:15:01 UTC: Service db is DOWN! Attempting restart...
Ср 10 июн 2026 23:15:02 UTC: Service backend is DOWN! Attempting restart...
Ср 10 июн 2026 23:15:02 UTC: Service frontend is DOWN! Attempting restart...
 Container fleet_backend  Running
 Container fleet_frontend  Created
 Container fleet_db  Starting
 Container fleet_db  Started
 Container fleet_frontend  Starting
 Container fleet_frontend  Started
Ср 10 июн 2026 23:15:02 UTC: Restart command executed.
jq: error (at <stdin>:1): Cannot index array with string "services"
Ср 10 июн 2026 23:20:02 UTC: Service db is DOWN! Attempting restart...
Ср 10 июн 2026 23:20:02 UTC: Service backend is DOWN! Attempting restart...
Ср 10 июн 2026 23:20:02 UTC: Service frontend is DOWN! Attempting restart...
 Container fleet_backend  Running
 Container fleet_frontend  Created
 Container fleet_db  Starting
 Container fleet_db  Started
 Container fleet_frontend  Starting
 Container fleet_frontend  Started
Ср 10 июн 2026 23:20:03 UTC: Restart command executed.
jq: error (at <stdin>:1): Cannot index array with string "services"
Ср 10 июн 2026 23:25:01 UTC: Service db is DOWN! Attempting restart...
Ср 10 июн 2026 23:25:01 UTC: Service backend is DOWN! Attempting restart...
Ср 10 июн 2026 23:25:01 UTC: Service frontend is DOWN! Attempting restart...
 Container fleet_backend  Running
 Container fleet_frontend  Created
 Container fleet_db  Starting
 Container fleet_db  Started
 Container fleet_frontend  Starting
 Container fleet_frontend  Started
Ср 10 июн 2026 23:25:02 UTC: Restart command executed.
jq: error (at <stdin>:1): Cannot index array with string "services"
Ср 10 июн 2026 23:30:01 UTC: Service db is DOWN! Attempting restart...
Ср 10 июн 2026 23:30:01 UTC: Service backend is DOWN! Attempting restart...
Ср 10 июн 2026 23:30:01 UTC: Service frontend is DOWN! Attempting restart...
 Container fleet_backend  Running
 Container fleet_frontend  Created
 Container fleet_db  Starting
 Container fleet_db  Started
 Container fleet_frontend  Starting
 Container fleet_frontend  Started
Ср 10 июн 2026 23:30:02 UTC: Restart command executed.
jq: error (at <stdin>:1): Cannot index array with string "services"
Ср 10 июн 2026 23:35:01 UTC: Service db is DOWN! Attempting restart...
Ср 10 июн 2026 23:35:01 UTC: Service backend is DOWN! Attempting restart...
Ср 10 июн 2026 23:35:01 UTC: Service frontend is DOWN! Attempting restart...
 Container fleet_backend  Running
 Container fleet_frontend  Created
 Container fleet_db  Starting
 Container fleet_db  Started
 Container fleet_frontend  Starting
 Container fleet_frontend  Started
Ср 10 июн 2026 23:35:02 UTC: Restart command executed.
jq: error (at <stdin>:1): Cannot index array with string "services"
Ср 10 июн 2026 23:40:01 UTC: Service db is DOWN! Attempting restart...
Ср 10 июн 2026 23:40:01 UTC: Service backend is DOWN! Attempting restart...
Ср 10 июн 2026 23:40:01 UTC: Service frontend is DOWN! Attempting restart...
 Container fleet_backend  Running
 Container fleet_frontend  Created
 Container fleet_db  Starting
 Container fleet_db  Started
 Container fleet_frontend  Starting
 Container fleet_frontend  Started
Ср 10 июн 2026 23:40:02 UTC: Restart command executed.
jq: error (at <stdin>:1): Cannot index array with string "services"
Ср 10 июн 2026 23:45:01 UTC: Service db is DOWN! Attempting restart...
Ср 10 июн 2026 23:45:01 UTC: Service backend is DOWN! Attempting restart...
Ср 10 июн 2026 23:45:01 UTC: Service frontend is DOWN! Attempting restart...
 Container fleet_backend  Running
 Container fleet_frontend  Created
 Container fleet_db  Starting
 Container fleet_db  Started
 Container fleet_frontend  Starting
 Container fleet_frontend  Started
Ср 10 июн 2026 23:45:02 UTC: Restart command executed.
jq: error (at <stdin>:1): Cannot index array with string "services"
Ср 10 июн 2026 23:50:01 UTC: Service db is DOWN! Attempting restart...
Ср 10 июн 2026 23:50:01 UTC: Service backend is DOWN! Attempting restart...
Ср 10 июн 2026 23:50:01 UTC: Service frontend is DOWN! Attempting restart...
 Container fleet_backend  Running
 Container fleet_frontend  Created
 Container fleet_db  Starting
 Container fleet_db  Started
 Container fleet_frontend  Starting
 Container fleet_frontend  Started
Ср 10 июн 2026 23:50:02 UTC: Restart command executed.
jq: error (at <stdin>:1): Cannot index array with string "services"
Ср 10 июн 2026 23:55:01 UTC: Service db is DOWN! Attempting restart...
Ср 10 июн 2026 23:55:01 UTC: Service backend is DOWN! Attempting restart...
Ср 10 июн 2026 23:55:01 UTC: Service frontend is DOWN! Attempting restart...
 Container fleet_backend  Running
 Container fleet_frontend  Created
 Container fleet_db  Starting
 Container fleet_db  Started
 Container fleet_frontend  Starting
 Container fleet_frontend  Started
Ср 10 июн 2026 23:55:02 UTC: Restart command executed.
jq: error (at <stdin>:1): Cannot index array with string "services"
Чт 11 июн 2026 00:00:02 UTC: Service db is DOWN! Attempting restart...
Чт 11 июн 2026 00:00:02 UTC: Service backend is DOWN! Attempting restart...
Чт 11 июн 2026 00:00:02 UTC: Service frontend is DOWN! Attempting restart...
 Container fleet_backend  Running
 Container fleet_frontend  Created
 Container fleet_db  Starting
 Container fleet_db  Started
 Container fleet_frontend  Starting
 Container fleet_frontend  Started
Чт 11 июн 2026 00:00:03 UTC: Restart command executed.
jq: error (at <stdin>:1): Cannot index array with string "services"
Чт 11 июн 2026 00:05:01 UTC: Service db is DOWN! Attempting restart...
Чт 11 июн 2026 00:05:01 UTC: Service backend is DOWN! Attempting restart...
Чт 11 июн 2026 00:05:01 UTC: Service frontend is DOWN! Attempting restart...
 Container fleet_backend  Running
 Container fleet_frontend  Created
 Container fleet_db  Starting
 Container fleet_db  Started
 Container fleet_frontend  Starting
 Container fleet_frontend  Started
Чт 11 июн 2026 00:05:02 UTC: Restart command executed.
jq: error (at <stdin>:1): Cannot index array with string "services"
Чт 11 июн 2026 00:10:01 UTC: Service db is DOWN! Attempting restart...
Чт 11 июн 2026 00:10:01 UTC: Service backend is DOWN! Attempting restart...
Чт 11 июн 2026 00:10:01 UTC: Service frontend is DOWN! Attempting restart...
 Container fleet_backend  Running
 Container fleet_frontend  Created
 Container fleet_db  Starting
 Container fleet_db  Started
 Container fleet_frontend  Starting
 Container fleet_frontend  Started
Чт 11 июн 2026 00:10:02 UTC: Restart command executed.
jq: error (at <stdin>:1): Cannot index array with string "services"
Чт 11 июн 2026 00:15:01 UTC: Service db is DOWN! Attempting restart...
Чт 11 июн 2026 00:15:01 UTC: Service backend is DOWN! Attempting restart...
Чт 11 июн 2026 00:15:01 UTC: Service frontend is DOWN! Attempting restart...
 Container fleet_backend  Running
 Container fleet_frontend  Created
 Container fleet_db  Starting
 Container fleet_db  Started
 Container fleet_frontend  Starting
 Container fleet_frontend  Started
Чт 11 июн 2026 00:15:02 UTC: Restart command executed.
jq: error (at <stdin>:1): Cannot index array with string "services"
Чт 11 июн 2026 00:20:01 UTC: Service db is DOWN! Attempting restart...
Чт 11 июн 2026 00:20:01 UTC: Service backend is DOWN! Attempting restart...
Чт 11 июн 2026 00:20:01 UTC: Service frontend is DOWN! Attempting restart...
 Container fleet_backend  Running
 Container fleet_frontend  Created
 Container fleet_db  Starting
 Container fleet_db  Started
 Container fleet_frontend  Starting
 Container fleet_frontend  Started
Чт 11 июн 2026 00:20:02 UTC: Restart command executed.
jq: error (at <stdin>:1): Cannot index array with string "services"
Чт 11 июн 2026 00:25:01 UTC: Service db is DOWN! Attempting restart...
Чт 11 июн 2026 00:25:01 UTC: Service backend is DOWN! Attempting restart...
Чт 11 июн 2026 00:25:01 UTC: Service frontend is DOWN! Attempting restart...
 Container fleet_backend  Running
 Container fleet_frontend  Created
 Container fleet_db  Starting
 Container fleet_db  Started
 Container fleet_frontend  Starting
 Container fleet_frontend  Started
Чт 11 июн 2026 00:25:02 UTC: Restart command executed.
jq: error (at <stdin>:1): Cannot index array with string "services"
Чт 11 июн 2026 00:30:01 UTC: Service db is DOWN! Attempting restart...
Чт 11 июн 2026 00:30:01 UTC: Service backend is DOWN! Attempting restart...
Чт 11 июн 2026 00:30:01 UTC: Service frontend is DOWN! Attempting restart...
 Container fleet_backend  Running
 Container fleet_frontend  Created
 Container fleet_db  Starting
 Container fleet_db  Started
 Container fleet_frontend  Starting
 Container fleet_frontend  Started
Чт 11 июн 2026 00:30:02 UTC: Restart command executed.
jq: error (at <stdin>:1): Cannot index array with string "services"
Чт 11 июн 2026 00:35:02 UTC: Service db is DOWN! Attempting restart...
Чт 11 июн 2026 00:35:02 UTC: Service backend is DOWN! Attempting restart...
Чт 11 июн 2026 00:35:02 UTC: Service frontend is DOWN! Attempting restart...
 Container fleet_backend  Running
 Container fleet_frontend  Created
 Container fleet_db  Starting
 Container fleet_db  Started
 Container fleet_frontend  Starting
 Container fleet_frontend  Started
Чт 11 июн 2026 00:35:02 UTC: Restart command executed.
jq: error (at <stdin>:1): Cannot index array with string "services"
Чт 11 июн 2026 00:40:02 UTC: Service db is DOWN! Attempting restart...
Чт 11 июн 2026 00:40:02 UTC: Service backend is DOWN! Attempting restart...
Чт 11 июн 2026 00:40:02 UTC: Service frontend is DOWN! Attempting restart...
 Container fleet_backend  Running
 Container fleet_frontend  Created
 Container fleet_db  Starting
 Container fleet_db  Started
 Container fleet_frontend  Starting
 Container fleet_frontend  Started
Чт 11 июн 2026 00:40:03 UTC: Restart command executed.
jq: error (at <stdin>:1): Cannot index array with string "services"
Чт 11 июн 2026 00:45:01 UTC: Service db is DOWN! Attempting restart...
Чт 11 июн 2026 00:45:01 UTC: Service backend is DOWN! Attempting restart...
Чт 11 июн 2026 00:45:01 UTC: Service frontend is DOWN! Attempting restart...
 Container fleet_backend  Running
 Container fleet_frontend  Created
 Container fleet_db  Starting
 Container fleet_db  Started
 Container fleet_frontend  Starting
 Container fleet_frontend  Started
Чт 11 июн 2026 00:45:02 UTC: Restart command executed.
jq: error (at <stdin>:1): Cannot index array with string "services"
Чт 11 июн 2026 00:50:01 UTC: Service db is DOWN! Attempting restart...
Чт 11 июн 2026 00:50:01 UTC: Service backend is DOWN! Attempting restart...
Чт 11 июн 2026 00:50:01 UTC: Service frontend is DOWN! Attempting restart...
 Container fleet_backend  Running
 Container fleet_frontend  Created
 Container fleet_db  Starting
 Container fleet_db  Started
 Container fleet_frontend  Starting
 Container fleet_frontend  Started
Чт 11 июн 2026 00:50:02 UTC: Restart command executed.
jq: error (at <stdin>:1): Cannot index array with string "services"
Чт 11 июн 2026 00:55:01 UTC: Service db is DOWN! Attempting restart...
Чт 11 июн 2026 00:55:01 UTC: Service backend is DOWN! Attempting restart...
Чт 11 июн 2026 00:55:01 UTC: Service frontend is DOWN! Attempting restart...
 Container fleet_backend  Running
 Container fleet_frontend  Created
 Container fleet_db  Starting
 Container fleet_db  Started
 Container fleet_frontend  Starting
 Container fleet_frontend  Started
Чт 11 июн 2026 00:55:02 UTC: Restart command executed.
jq: error (at <stdin>:1): Cannot index array with string "services"
Чт 11 июн 2026 01:00:01 UTC: Service db is DOWN! Attempting restart...
Чт 11 июн 2026 01:00:01 UTC: Service backend is DOWN! Attempting restart...
Чт 11 июн 2026 01:00:01 UTC: Service frontend is DOWN! Attempting restart...
 Container fleet_backend  Running
 Container fleet_frontend  Created
 Container fleet_db  Starting
 Container fleet_db  Started
 Container fleet_frontend  Starting
 Container fleet_frontend  Started
Чт 11 июн 2026 01:00:02 UTC: Restart command executed.
jq: error (at <stdin>:1): Cannot index array with string "services"
Чт 11 июн 2026 01:05:01 UTC: Service db is DOWN! Attempting restart...
Чт 11 июн 2026 01:05:01 UTC: Service backend is DOWN! Attempting restart...
Чт 11 июн 2026 01:05:01 UTC: Service frontend is DOWN! Attempting restart...
 Container fleet_backend  Running
 Container fleet_frontend  Created
 Container fleet_db  Starting
 Container fleet_db  Started
 Container fleet_frontend  Starting
 Container fleet_frontend  Started
Чт 11 июн 2026 01:05:02 UTC: Restart command executed.
jq: error (at <stdin>:1): Cannot index array with string "services"
Чт 11 июн 2026 01:10:01 UTC: Service db is DOWN! Attempting restart...
Чт 11 июн 2026 01:10:01 UTC: Service backend is DOWN! Attempting restart...
Чт 11 июн 2026 01:10:01 UTC: Service frontend is DOWN! Attempting restart...
 Container fleet_backend  Running
 Container fleet_frontend  Created
 Container fleet_db  Starting
 Container fleet_db  Started
 Container fleet_frontend  Starting
 Container fleet_frontend  Started
Чт 11 июн 2026 01:10:02 UTC: Restart command executed.
jq: error (at <stdin>:1): Cannot index array with string "services"
Чт 11 июн 2026 01:15:01 UTC: Service db is DOWN! Attempting restart...
Чт 11 июн 2026 01:15:01 UTC: Service backend is DOWN! Attempting restart...
Чт 11 июн 2026 01:15:01 UTC: Service frontend is DOWN! Attempting restart...
 Container fleet_backend  Running
 Container fleet_frontend  Created
 Container fleet_db  Starting
 Container fleet_db  Started
 Container fleet_frontend  Starting
 Container fleet_frontend  Started
Чт 11 июн 2026 01:15:02 UTC: Restart command executed.
jq: error (at <stdin>:1): Cannot index array with string "services"
Чт 11 июн 2026 01:20:02 UTC: Service db is DOWN! Attempting restart...
Чт 11 июн 2026 01:20:02 UTC: Service backend is DOWN! Attempting restart...
Чт 11 июн 2026 01:20:02 UTC: Service frontend is DOWN! Attempting restart...
 Container fleet_backend  Running
 Container fleet_frontend  Created
 Container fleet_db  Starting
 Container fleet_db  Started
 Container fleet_frontend  Starting
 Container fleet_frontend  Started
Чт 11 июн 2026 01:20:02 UTC: Restart command executed.
jq: error (at <stdin>:1): Cannot index array with string "services"
Чт 11 июн 2026 01:25:02 UTC: Service db is DOWN! Attempting restart...
Чт 11 июн 2026 01:25:02 UTC: Service backend is DOWN! Attempting restart...
Чт 11 июн 2026 01:25:02 UTC: Service frontend is DOWN! Attempting restart...
 Container fleet_backend  Running
 Container fleet_frontend  Created
 Container fleet_db  Starting
 Container fleet_db  Started
 Container fleet_frontend  Starting
 Container fleet_frontend  Started
Чт 11 июн 2026 01:25:02 UTC: Restart command executed.
jq: error (at <stdin>:1): Cannot index array with string "services"
Чт 11 июн 2026 01:30:02 UTC: Service db is DOWN! Attempting restart...
Чт 11 июн 2026 01:30:02 UTC: Service backend is DOWN! Attempting restart...
Чт 11 июн 2026 01:30:02 UTC: Service frontend is DOWN! Attempting restart...
 Container fleet_backend  Running
 Container fleet_frontend  Created
 Container fleet_db  Starting
 Container fleet_db  Started
 Container fleet_frontend  Starting
 Container fleet_frontend  Started
Чт 11 июн 2026 01:30:03 UTC: Restart command executed.
jq: error (at <stdin>:1): Cannot index array with string "services"
Чт 11 июн 2026 01:35:01 UTC: Service db is DOWN! Attempting restart...
Чт 11 июн 2026 01:35:01 UTC: Service backend is DOWN! Attempting restart...
Чт 11 июн 2026 01:35:01 UTC: Service frontend is DOWN! Attempting restart...
 Container fleet_backend  Running
 Container fleet_frontend  Created
 Container fleet_db  Starting
 Container fleet_db  Started
 Container fleet_frontend  Starting
 Container fleet_frontend  Started
Чт 11 июн 2026 01:35:02 UTC: Restart command executed.
jq: error (at <stdin>:1): Cannot index array with string "services"
Чт 11 июн 2026 01:40:01 UTC: Service db is DOWN! Attempting restart...
Чт 11 июн 2026 01:40:01 UTC: Service backend is DOWN! Attempting restart...
Чт 11 июн 2026 01:40:01 UTC: Service frontend is DOWN! Attempting restart...
 Container fleet_backend  Running
 Container fleet_frontend  Created
 Container fleet_db  Starting
 Container fleet_db  Started
 Container fleet_frontend  Starting
 Container fleet_frontend  Started
Чт 11 июн 2026 01:40:02 UTC: Restart command executed.
jq: error (at <stdin>:1): Cannot index array with string "services"
Чт 11 июн 2026 01:45:01 UTC: Service db is DOWN! Attempting restart...
Чт 11 июн 2026 01:45:01 UTC: Service backend is DOWN! Attempting restart...
Чт 11 июн 2026 01:45:01 UTC: Service frontend is DOWN! Attempting restart...
 Container fleet_backend  Running
 Container fleet_frontend  Created
 Container fleet_db  Starting
 Container fleet_db  Started
 Container fleet_frontend  Starting
 Container fleet_frontend  Started
Чт 11 июн 2026 01:45:02 UTC: Restart command executed.
jq: error (at <stdin>:1): Cannot index array with string "services"
Чт 11 июн 2026 01:50:01 UTC: Service db is DOWN! Attempting restart...
Чт 11 июн 2026 01:50:01 UTC: Service backend is DOWN! Attempting restart...
Чт 11 июн 2026 01:50:01 UTC: Service frontend is DOWN! Attempting restart...
 Container fleet_backend  Running
 Container fleet_frontend  Created
 Container fleet_db  Starting
 Container fleet_db  Started
 Container fleet_frontend  Starting
 Container fleet_frontend  Started
Чт 11 июн 2026 01:50:02 UTC: Restart command executed.
jq: error (at <stdin>:1): Cannot index array with string "services"
Чт 11 июн 2026 01:55:01 UTC: Service db is DOWN! Attempting restart...
Чт 11 июн 2026 01:55:01 UTC: Service backend is DOWN! Attempting restart...
Чт 11 июн 2026 01:55:01 UTC: Service frontend is DOWN! Attempting restart...
 Container fleet_backend  Running
 Container fleet_frontend  Created
 Container fleet_db  Starting
 Container fleet_db  Started
 Container fleet_frontend  Starting
 Container fleet_frontend  Started
Чт 11 июн 2026 01:55:02 UTC: Restart command executed.
jq: error (at <stdin>:1): Cannot index array with string "services"
Чт 11 июн 2026 02:00:01 UTC: Service db is DOWN! Attempting restart...
Чт 11 июн 2026 02:00:01 UTC: Service backend is DOWN! Attempting restart...
Чт 11 июн 2026 02:00:01 UTC: Service frontend is DOWN! Attempting restart...
 Container fleet_backend  Running
 Container fleet_frontend  Created
 Container fleet_db  Starting
 Container fleet_db  Started
 Container fleet_frontend  Starting
 Container fleet_frontend  Started
Чт 11 июн 2026 02:00:02 UTC: Restart command executed.
jq: error (at <stdin>:1): Cannot index array with string "services"
Чт 11 июн 2026 02:05:01 UTC: Service db is DOWN! Attempting restart...
Чт 11 июн 2026 02:05:01 UTC: Service backend is DOWN! Attempting restart...
Чт 11 июн 2026 02:05:01 UTC: Service frontend is DOWN! Attempting restart...
 Container fleet_backend  Running
 Container fleet_frontend  Created
 Container fleet_db  Starting
 Container fleet_db  Started
 Container fleet_frontend  Starting
 Container fleet_frontend  Started
Чт 11 июн 2026 02:05:02 UTC: Restart command executed.
jq: error (at <stdin>:1): Cannot index array with string "services"
Чт 11 июн 2026 02:10:02 UTC: Service db is DOWN! Attempting restart...
Чт 11 июн 2026 02:10:02 UTC: Service backend is DOWN! Attempting restart...
Чт 11 июн 2026 02:10:02 UTC: Service frontend is DOWN! Attempting restart...
 Container fleet_backend  Running
 Container fleet_frontend  Created
 Container fleet_db  Starting
 Container fleet_db  Started
 Container fleet_frontend  Starting
 Container fleet_frontend  Started
Чт 11 июн 2026 02:10:02 UTC: Restart command executed.
jq: error (at <stdin>:1): Cannot index array with string "services"
Чт 11 июн 2026 02:15:02 UTC: Service db is DOWN! Attempting restart...
Чт 11 июн 2026 02:15:02 UTC: Service backend is DOWN! Attempting restart...
Чт 11 июн 2026 02:15:02 UTC: Service frontend is DOWN! Attempting restart...
 Container fleet_backend  Running
 Container fleet_frontend  Created
 Container fleet_db  Starting
 Container fleet_db  Started
 Container fleet_frontend  Starting
 Container fleet_frontend  Started
Чт 11 июн 2026 02:15:03 UTC: Restart command executed.
jq: error (at <stdin>:1): Cannot index array with string "services"
Чт 11 июн 2026 02:20:01 UTC: Service db is DOWN! Attempting restart...
Чт 11 июн 2026 02:20:01 UTC: Service backend is DOWN! Attempting restart...
Чт 11 июн 2026 02:20:01 UTC: Service frontend is DOWN! Attempting restart...
 Container fleet_backend  Running
 Container fleet_frontend  Created
 Container fleet_db  Starting
 Container fleet_db  Started
 Container fleet_frontend  Starting
 Container fleet_frontend  Started
Чт 11 июн 2026 02:20:02 UTC: Restart command executed.
jq: error (at <stdin>:1): Cannot index array with string "services"
Чт 11 июн 2026 02:25:01 UTC: Service db is DOWN! Attempting restart...
Чт 11 июн 2026 02:25:01 UTC: Service backend is DOWN! Attempting restart...
Чт 11 июн 2026 02:25:01 UTC: Service frontend is DOWN! Attempting restart...
 Container fleet_backend  Running
 Container fleet_frontend  Created
 Container fleet_db  Starting
 Container fleet_db  Started
 Container fleet_frontend  Starting
 Container fleet_frontend  Started
Чт 11 июн 2026 02:25:02 UTC: Restart command executed.
jq: error (at <stdin>:1): Cannot index array with string "services"
Чт 11 июн 2026 02:30:01 UTC: Service db is DOWN! Attempting restart...
Чт 11 июн 2026 02:30:01 UTC: Service backend is DOWN! Attempting restart...
Чт 11 июн 2026 02:30:01 UTC: Service frontend is DOWN! Attempting restart...
 Container fleet_backend  Running
 Container fleet_frontend  Created
 Container fleet_db  Starting
 Container fleet_db  Started
 Container fleet_frontend  Starting
 Container fleet_frontend  Started
Чт 11 июн 2026 02:30:02 UTC: Restart command executed.
jq: error (at <stdin>:1): Cannot index array with string "services"
Чт 11 июн 2026 02:35:01 UTC: Service db is DOWN! Attempting restart...
Чт 11 июн 2026 02:35:01 UTC: Service backend is DOWN! Attempting restart...
Чт 11 июн 2026 02:35:01 UTC: Service frontend is DOWN! Attempting restart...
 Container fleet_backend  Running
 Container fleet_frontend  Created
 Container fleet_db  Starting
 Container fleet_db  Started
 Container fleet_frontend  Starting
 Container fleet_frontend  Started
Чт 11 июн 2026 02:35:02 UTC: Restart command executed.
jq: error (at <stdin>:1): Cannot index array with string "services"
Чт 11 июн 2026 02:40:01 UTC: Service db is DOWN! Attempting restart...
Чт 11 июн 2026 02:40:01 UTC: Service backend is DOWN! Attempting restart...
Чт 11 июн 2026 02:40:01 UTC: Service frontend is DOWN! Attempting restart...
 Container fleet_backend  Running
 Container fleet_frontend  Created
 Container fleet_db  Starting
 Container fleet_db  Started
 Container fleet_frontend  Starting
 Container fleet_frontend  Started
Чт 11 июн 2026 02:40:02 UTC: Restart command executed.
jq: error (at <stdin>:1): Cannot index array with string "services"
Чт 11 июн 2026 02:45:01 UTC: Service db is DOWN! Attempting restart...
Чт 11 июн 2026 02:45:01 UTC: Service backend is DOWN! Attempting restart...
Чт 11 июн 2026 02:45:01 UTC: Service frontend is DOWN! Attempting restart...
 Container fleet_backend  Running
 Container fleet_frontend  Created
 Container fleet_db  Starting
 Container fleet_db  Started
 Container fleet_frontend  Starting
 Container fleet_frontend  Started
Чт 11 июн 2026 02:45:02 UTC: Restart command executed.
jq: error (at <stdin>:1): Cannot index array with string "services"
Чт 11 июн 2026 02:50:01 UTC: Service db is DOWN! Attempting restart...
Чт 11 июн 2026 02:50:01 UTC: Service backend is DOWN! Attempting restart...
Чт 11 июн 2026 02:50:01 UTC: Service frontend is DOWN! Attempting restart...
 Container fleet_backend  Running
 Container fleet_frontend  Created
 Container fleet_db  Starting
 Container fleet_db  Started
 Container fleet_frontend  Starting
 Container fleet_frontend  Started
Чт 11 июн 2026 02:50:02 UTC: Restart command executed.
jq: error (at <stdin>:1): Cannot index array with string "services"
Чт 11 июн 2026 02:55:01 UTC: Service db is DOWN! Attempting restart...
Чт 11 июн 2026 02:55:01 UTC: Service backend is DOWN! Attempting restart...
Чт 11 июн 2026 02:55:01 UTC: Service frontend is DOWN! Attempting restart...
 Container fleet_backend  Running
 Container fleet_frontend  Created
 Container fleet_db  Starting
 Container fleet_db  Started
 Container fleet_frontend  Starting
 Container fleet_frontend  Started
Чт 11 июн 2026 02:55:02 UTC: Restart command executed.
jq: error (at <stdin>:1): Cannot index array with string "services"
Чт 11 июн 2026 03:00:02 UTC: Service db is DOWN! Attempting restart...
Чт 11 июн 2026 03:00:02 UTC: Service backend is DOWN! Attempting restart...
Чт 11 июн 2026 03:00:02 UTC: Service frontend is DOWN! Attempting restart...
 Container fleet_backend  Running
 Container fleet_frontend  Created
 Container fleet_db  Starting
 Container fleet_db  Started
 Container fleet_frontend  Starting
 Container fleet_frontend  Started
Чт 11 июн 2026 03:00:03 UTC: Restart command executed.
jq: error (at <stdin>:1): Cannot index array with string "services"
Чт 11 июн 2026 03:05:01 UTC: Service db is DOWN! Attempting restart...
Чт 11 июн 2026 03:05:01 UTC: Service backend is DOWN! Attempting restart...
Чт 11 июн 2026 03:05:01 UTC: Service frontend is DOWN! Attempting restart...
 Container fleet_backend  Running
 Container fleet_frontend  Created
 Container fleet_db  Starting
 Container fleet_db  Started
 Container fleet_frontend  Starting
 Container fleet_frontend  Started
Чт 11 июн 2026 03:05:02 UTC: Restart command executed.
jq: error (at <stdin>:1): Cannot index array with string "services"
Чт 11 июн 2026 03:10:01 UTC: Service db is DOWN! Attempting restart...
Чт 11 июн 2026 03:10:01 UTC: Service backend is DOWN! Attempting restart...
Чт 11 июн 2026 03:10:01 UTC: Service frontend is DOWN! Attempting restart...
 Container fleet_backend  Running
 Container fleet_frontend  Created
 Container fleet_db  Starting
 Container fleet_db  Started
 Container fleet_frontend  Starting
 Container fleet_frontend  Started
Чт 11 июн 2026 03:10:02 UTC: Restart command executed.
jq: error (at <stdin>:1): Cannot index array with string "services"
Чт 11 июн 2026 03:15:01 UTC: Service db is DOWN! Attempting restart...
Чт 11 июн 2026 03:15:01 UTC: Service backend is DOWN! Attempting restart...
Чт 11 июн 2026 03:15:01 UTC: Service frontend is DOWN! Attempting restart...
 Container fleet_backend  Running
 Container fleet_frontend  Created
 Container fleet_db  Starting
 Container fleet_db  Started
 Container fleet_frontend  Starting
 Container fleet_frontend  Started
Чт 11 июн 2026 03:15:02 UTC: Restart command executed.
jq: error (at <stdin>:1): Cannot index array with string "services"
Чт 11 июн 2026 03:20:01 UTC: Service db is DOWN! Attempting restart...
Чт 11 июн 2026 03:20:01 UTC: Service backend is DOWN! Attempting restart...
Чт 11 июн 2026 03:20:01 UTC: Service frontend is DOWN! Attempting restart...
 Container fleet_backend  Running
 Container fleet_frontend  Created
 Container fleet_db  Starting
 Container fleet_db  Started
 Container fleet_frontend  Starting
 Container fleet_frontend  Started
Чт 11 июн 2026 03:20:02 UTC: Restart command executed.
jq: error (at <stdin>:1): Cannot index array with string "services"
Чт 11 июн 2026 03:25:01 UTC: Service db is DOWN! Attempting restart...
Чт 11 июн 2026 03:25:01 UTC: Service backend is DOWN! Attempting restart...
Чт 11 июн 2026 03:25:01 UTC: Service frontend is DOWN! Attempting restart...
 Container fleet_backend  Running
 Container fleet_frontend  Created
 Container fleet_db  Starting
 Container fleet_db  Started
 Container fleet_frontend  Starting
 Container fleet_frontend  Started
Чт 11 июн 2026 03:25:02 UTC: Restart command executed.
jq: error (at <stdin>:1): Cannot index array with string "services"
Чт 11 июн 2026 03:30:01 UTC: Service db is DOWN! Attempting restart...
Чт 11 июн 2026 03:30:01 UTC: Service backend is DOWN! Attempting restart...
Чт 11 июн 2026 03:30:01 UTC: Service frontend is DOWN! Attempting restart...
 Container fleet_backend  Running
 Container fleet_frontend  Created
 Container fleet_db  Starting
 Container fleet_db  Started
 Container fleet_frontend  Starting
 Container fleet_frontend  Started
Чт 11 июн 2026 03:30:02 UTC: Restart command executed.
jq: error (at <stdin>:1): Cannot index array with string "services"
Чт 11 июн 2026 03:35:01 UTC: Service db is DOWN! Attempting restart...
Чт 11 июн 2026 03:35:01 UTC: Service backend is DOWN! Attempting restart...
Чт 11 июн 2026 03:35:01 UTC: Service frontend is DOWN! Attempting restart...
 Container fleet_backend  Running
 Container fleet_frontend  Created
 Container fleet_db  Starting
 Container fleet_db  Started
 Container fleet_frontend  Starting
 Container fleet_frontend  Started
Чт 11 июн 2026 03:35:02 UTC: Restart command executed.
jq: error (at <stdin>:1): Cannot index array with string "services"
Чт 11 июн 2026 03:40:01 UTC: Service db is DOWN! Attempting restart...
Чт 11 июн 2026 03:40:01 UTC: Service backend is DOWN! Attempting restart...
Чт 11 июн 2026 03:40:01 UTC: Service frontend is DOWN! Attempting restart...
 Container fleet_backend  Running
 Container fleet_frontend  Created
 Container fleet_db  Starting
 Container fleet_db  Started
 Container fleet_frontend  Starting
 Container fleet_frontend  Started
Чт 11 июн 2026 03:40:02 UTC: Restart command executed.
jq: error (at <stdin>:1): Cannot index array with string "services"
Чт 11 июн 2026 03:45:01 UTC: Service db is DOWN! Attempting restart...
Чт 11 июн 2026 03:45:01 UTC: Service backend is DOWN! Attempting restart...
Чт 11 июн 2026 03:45:01 UTC: Service frontend is DOWN! Attempting restart...
 Container fleet_backend  Running
 Container fleet_frontend  Created
 Container fleet_db  Starting
 Container fleet_db  Started
 Container fleet_frontend  Starting
 Container fleet_frontend  Started
Чт 11 июн 2026 03:45:02 UTC: Restart command executed.
jq: error (at <stdin>:1): Cannot index array with string "services"
Чт 11 июн 2026 03:50:02 UTC: Service db is DOWN! Attempting restart...
Чт 11 июн 2026 03:50:02 UTC: Service backend is DOWN! Attempting restart...
Чт 11 июн 2026 03:50:02 UTC: Service frontend is DOWN! Attempting restart...
 Container fleet_backend  Running
 Container fleet_frontend  Created
 Container fleet_db  Starting
 Container fleet_db  Started
 Container fleet_frontend  Starting
 Container fleet_frontend  Started
Чт 11 июн 2026 03:50:02 UTC: Restart command executed.
jq: error (at <stdin>:1): Cannot index array with string "services"
Чт 11 июн 2026 03:55:01 UTC: Service db is DOWN! Attempting restart...
Чт 11 июн 2026 03:55:01 UTC: Service backend is DOWN! Attempting restart...
Чт 11 июн 2026 03:55:01 UTC: Service frontend is DOWN! Attempting restart...
 Container fleet_backend  Running
 Container fleet_frontend  Created
 Container fleet_db  Starting
 Container fleet_db  Started
 Container fleet_frontend  Starting
 Container fleet_frontend  Started
Чт 11 июн 2026 03:55:02 UTC: Restart command executed.
jq: error (at <stdin>:1): Cannot index array with string "services"
Чт 11 июн 2026 04:00:01 UTC: Service db is DOWN! Attempting restart...
Чт 11 июн 2026 04:00:01 UTC: Service backend is DOWN! Attempting restart...
Чт 11 июн 2026 04:00:01 UTC: Service frontend is DOWN! Attempting restart...
 Container fleet_backend  Running
 Container fleet_frontend  Created
 Container fleet_db  Starting
 Container fleet_db  Started
 Container fleet_frontend  Starting
 Container fleet_frontend  Started
Чт 11 июн 2026 04:00:02 UTC: Restart command executed.
jq: error (at <stdin>:1): Cannot index array with string "services"
Чт 11 июн 2026 04:05:01 UTC: Service db is DOWN! Attempting restart...
Чт 11 июн 2026 04:05:01 UTC: Service backend is DOWN! Attempting restart...
Чт 11 июн 2026 04:05:01 UTC: Service frontend is DOWN! Attempting restart...
 Container fleet_backend  Running
 Container fleet_frontend  Created
 Container fleet_db  Starting
 Container fleet_db  Started
 Container fleet_frontend  Starting
 Container fleet_frontend  Started
Чт 11 июн 2026 04:05:02 UTC: Restart command executed.
jq: error (at <stdin>:1): Cannot index array with string "services"
Чт 11 июн 2026 04:10:01 UTC: Service db is DOWN! Attempting restart...
Чт 11 июн 2026 04:10:01 UTC: Service backend is DOWN! Attempting restart...
Чт 11 июн 2026 04:10:01 UTC: Service frontend is DOWN! Attempting restart...
 Container fleet_backend  Running
 Container fleet_frontend  Created
 Container fleet_db  Starting
 Container fleet_db  Started
 Container fleet_frontend  Starting
 Container fleet_frontend  Started
Чт 11 июн 2026 04:10:02 UTC: Restart command executed.
jq: error (at <stdin>:1): Cannot index array with string "services"
Чт 11 июн 2026 04:15:01 UTC: Service db is DOWN! Attempting restart...
Чт 11 июн 2026 04:15:01 UTC: Service backend is DOWN! Attempting restart...
Чт 11 июн 2026 04:15:01 UTC: Service frontend is DOWN! Attempting restart...
 Container fleet_backend  Running
 Container fleet_frontend  Created
 Container fleet_db  Starting
 Container fleet_db  Started
 Container fleet_frontend  Starting
 Container fleet_frontend  Started
Чт 11 июн 2026 04:15:02 UTC: Restart command executed.
jq: error (at <stdin>:1): Cannot index array with string "services"
Чт 11 июн 2026 04:20:01 UTC: Service db is DOWN! Attempting restart...
Чт 11 июн 2026 04:20:01 UTC: Service backend is DOWN! Attempting restart...
Чт 11 июн 2026 04:20:01 UTC: Service frontend is DOWN! Attempting restart...
 Container fleet_backend  Running
 Container fleet_frontend  Created
 Container fleet_db  Starting
 Container fleet_db  Started
 Container fleet_frontend  Starting
 Container fleet_frontend  Started
Чт 11 июн 2026 04:20:02 UTC: Restart command executed.
jq: error (at <stdin>:1): Cannot index array with string "services"
Чт 11 июн 2026 04:25:01 UTC: Service db is DOWN! Attempting restart...
Чт 11 июн 2026 04:25:01 UTC: Service backend is DOWN! Attempting restart...
Чт 11 июн 2026 04:25:01 UTC: Service frontend is DOWN! Attempting restart...
 Container fleet_backend  Running
 Container fleet_frontend  Created
 Container fleet_frontend  Starting
 Container fleet_frontend  Started
Чт 11 июн 2026 04:25:02 UTC: Restart command executed.
jq: error (at <stdin>:1): Cannot index array with string "services"
Чт 11 июн 2026 04:30:01 UTC: Service db is DOWN! Attempting restart...
Чт 11 июн 2026 04:30:01 UTC: Service backend is DOWN! Attempting restart...
Чт 11 июн 2026 04:30:01 UTC: Service frontend is DOWN! Attempting restart...
 Container fleet_backend  Running
 Container fleet_frontend  Created
 Container fleet_db  Starting
 Container fleet_db  Started
 Container fleet_frontend  Starting
 Container fleet_frontend  Started
Чт 11 июн 2026 04:30:02 UTC: Restart command executed.
jq: error (at <stdin>:1): Cannot index array with string "services"
Чт 11 июн 2026 04:35:02 UTC: Service db is DOWN! Attempting restart...
Чт 11 июн 2026 04:35:02 UTC: Service backend is DOWN! Attempting restart...
Чт 11 июн 2026 04:35:02 UTC: Service frontend is DOWN! Attempting restart...
 Container fleet_backend  Running
 Container fleet_frontend  Created
 Container fleet_db  Starting
 Container fleet_db  Started
 Container fleet_frontend  Starting
 Container fleet_frontend  Started
Чт 11 июн 2026 04:35:03 UTC: Restart command executed.
jq: error (at <stdin>:1): Cannot index array with string "services"
Чт 11 июн 2026 04:40:01 UTC: Service db is DOWN! Attempting restart...
Чт 11 июн 2026 04:40:01 UTC: Service backend is DOWN! Attempting restart...
Чт 11 июн 2026 04:40:01 UTC: Service frontend is DOWN! Attempting restart...
 Container fleet_backend  Running
 Container fleet_frontend  Created
 Container fleet_db  Starting
 Container fleet_db  Started
 Container fleet_frontend  Starting
 Container fleet_frontend  Started
Чт 11 июн 2026 04:40:02 UTC: Restart command executed.
jq: error (at <stdin>:1): Cannot index array with string "services"
Чт 11 июн 2026 04:45:01 UTC: Service db is DOWN! Attempting restart...
Чт 11 июн 2026 04:45:01 UTC: Service backend is DOWN! Attempting restart...
Чт 11 июн 2026 04:45:01 UTC: Service frontend is DOWN! Attempting restart...
 Container fleet_backend  Running
 Container fleet_frontend  Created
 Container fleet_db  Starting
 Container fleet_db  Started
 Container fleet_frontend  Starting
 Container fleet_frontend  Started
Чт 11 июн 2026 04:45:02 UTC: Restart command executed.
jq: error (at <stdin>:1): Cannot index array with string "services"
Чт 11 июн 2026 04:50:01 UTC: Service db is DOWN! Attempting restart...
Чт 11 июн 2026 04:50:01 UTC: Service backend is DOWN! Attempting restart...
Чт 11 июн 2026 04:50:01 UTC: Service frontend is DOWN! Attempting restart...
 Container fleet_backend  Running
 Container fleet_frontend  Created
 Container fleet_db  Starting
 Container fleet_db  Started
 Container fleet_frontend  Starting
 Container fleet_frontend  Started
Чт 11 июн 2026 04:50:02 UTC: Restart command executed.
jq: error (at <stdin>:1): Cannot index array with string "services"
Чт 11 июн 2026 04:55:01 UTC: Service db is DOWN! Attempting restart...
Чт 11 июн 2026 04:55:01 UTC: Service backend is DOWN! Attempting restart...
Чт 11 июн 2026 04:55:01 UTC: Service frontend is DOWN! Attempting restart...
 Container fleet_backend  Running
 Container fleet_frontend  Created
 Container fleet_db  Starting
 Container fleet_db  Started
 Container fleet_frontend  Starting
 Container fleet_frontend  Started
Чт 11 июн 2026 04:55:02 UTC: Restart command executed.
jq: error (at <stdin>:1): Cannot index array with string "services"
Чт 11 июн 2026 05:00:01 UTC: Service db is DOWN! Attempting restart...
Чт 11 июн 2026 05:00:01 UTC: Service backend is DOWN! Attempting restart...
Чт 11 июн 2026 05:00:01 UTC: Service frontend is DOWN! Attempting restart...
 Container fleet_backend  Running
 Container fleet_frontend  Created
 Container fleet_db  Starting
 Container fleet_db  Started
 Container fleet_frontend  Starting
 Container fleet_frontend  Started
Чт 11 июн 2026 05:00:02 UTC: Restart command executed.
jq: error (at <stdin>:1): Cannot index array with string "services"
Чт 11 июн 2026 05:05:01 UTC: Service db is DOWN! Attempting restart...
Чт 11 июн 2026 05:05:01 UTC: Service backend is DOWN! Attempting restart...
Чт 11 июн 2026 05:05:01 UTC: Service frontend is DOWN! Attempting restart...
 Container fleet_backend  Running
 Container fleet_frontend  Created
 Container fleet_db  Starting
 Container fleet_db  Started
 Container fleet_frontend  Starting
 Container fleet_frontend  Started
Чт 11 июн 2026 05:05:02 UTC: Restart command executed.
jq: error (at <stdin>:1): Cannot index array with string "services"
Чт 11 июн 2026 05:10:01 UTC: Service db is DOWN! Attempting restart...
Чт 11 июн 2026 05:10:01 UTC: Service backend is DOWN! Attempting restart...
Чт 11 июн 2026 05:10:01 UTC: Service frontend is DOWN! Attempting restart...
 Container fleet_backend  Running
 Container fleet_frontend  Created
 Container fleet_db  Starting
 Container fleet_db  Started
 Container fleet_frontend  Starting
 Container fleet_frontend  Started
Чт 11 июн 2026 05:10:02 UTC: Restart command executed.
jq: error (at <stdin>:1): Cannot index array with string "services"
Чт 11 июн 2026 05:15:01 UTC: Service db is DOWN! Attempting restart...
Чт 11 июн 2026 05:15:01 UTC: Service backend is DOWN! Attempting restart...
Чт 11 июн 2026 05:15:01 UTC: Service frontend is DOWN! Attempting restart...
 Container fleet_backend  Running
 Container fleet_frontend  Created
 Container fleet_db  Starting
 Container fleet_db  Started
 Container fleet_frontend  Starting
 Container fleet_frontend  Started
Чт 11 июн 2026 05:15:02 UTC: Restart command executed.
jq: error (at <stdin>:1): Cannot index array with string "services"
Чт 11 июн 2026 05:20:02 UTC: Service db is DOWN! Attempting restart...
Чт 11 июн 2026 05:20:02 UTC: Service backend is DOWN! Attempting restart...
Чт 11 июн 2026 05:20:02 UTC: Service frontend is DOWN! Attempting restart...
 Container fleet_backend  Running
 Container fleet_frontend  Created
 Container fleet_db  Starting
 Container fleet_db  Started
 Container fleet_frontend  Starting
 Container fleet_frontend  Started
Чт 11 июн 2026 05:20:02 UTC: Restart command executed.
jq: error (at <stdin>:1): Cannot index array with string "services"
Чт 11 июн 2026 05:25:02 UTC: Service db is DOWN! Attempting restart...
Чт 11 июн 2026 05:25:02 UTC: Service backend is DOWN! Attempting restart...
Чт 11 июн 2026 05:25:02 UTC: Service frontend is DOWN! Attempting restart...
 Container fleet_backend  Running
 Container fleet_frontend  Created
 Container fleet_db  Starting
 Container fleet_db  Started
 Container fleet_frontend  Starting
 Container fleet_frontend  Started
Чт 11 июн 2026 05:25:03 UTC: Restart command executed.
jq: error (at <stdin>:1): Cannot index array with string "services"
Чт 11 июн 2026 05:30:01 UTC: Service db is DOWN! Attempting restart...
Чт 11 июн 2026 05:30:01 UTC: Service backend is DOWN! Attempting restart...
Чт 11 июн 2026 05:30:01 UTC: Service frontend is DOWN! Attempting restart...
 Container fleet_backend  Running
 Container fleet_frontend  Created
 Container fleet_db  Starting
 Container fleet_db  Started
 Container fleet_frontend  Starting
 Container fleet_frontend  Started
Чт 11 июн 2026 05:30:02 UTC: Restart command executed.
jq: error (at <stdin>:1): Cannot index array with string "services"
Чт 11 июн 2026 05:35:01 UTC: Service db is DOWN! Attempting restart...
Чт 11 июн 2026 05:35:01 UTC: Service backend is DOWN! Attempting restart...
Чт 11 июн 2026 05:35:01 UTC: Service frontend is DOWN! Attempting restart...
 Container fleet_backend  Running
 Container fleet_frontend  Created
 Container fleet_db  Starting
 Container fleet_db  Started
 Container fleet_frontend  Starting
 Container fleet_frontend  Started
Чт 11 июн 2026 05:35:02 UTC: Restart command executed.
jq: error (at <stdin>:1): Cannot index array with string "services"
Чт 11 июн 2026 05:40:01 UTC: Service db is DOWN! Attempting restart...
Чт 11 июн 2026 05:40:01 UTC: Service backend is DOWN! Attempting restart...
Чт 11 июн 2026 05:40:01 UTC: Service frontend is DOWN! Attempting restart...
 Container fleet_backend  Running
 Container fleet_frontend  Created
 Container fleet_db  Starting
 Container fleet_db  Started
 Container fleet_frontend  Starting
 Container fleet_frontend  Started
Чт 11 июн 2026 05:40:02 UTC: Restart command executed.
jq: error (at <stdin>:1): Cannot index array with string "services"
Чт 11 июн 2026 05:45:01 UTC: Service db is DOWN! Attempting restart...
Чт 11 июн 2026 05:45:01 UTC: Service backend is DOWN! Attempting restart...
Чт 11 июн 2026 05:45:01 UTC: Service frontend is DOWN! Attempting restart...
 Container fleet_backend  Running
 Container fleet_frontend  Created
 Container fleet_db  Starting
 Container fleet_db  Started
 Container fleet_frontend  Starting
 Container fleet_frontend  Started
Чт 11 июн 2026 05:45:02 UTC: Restart command executed.
jq: error (at <stdin>:1): Cannot index array with string "services"
Чт 11 июн 2026 05:50:01 UTC: Service db is DOWN! Attempting restart...
Чт 11 июн 2026 05:50:01 UTC: Service backend is DOWN! Attempting restart...
Чт 11 июн 2026 05:50:01 UTC: Service frontend is DOWN! Attempting restart...
 Container fleet_backend  Running
 Container fleet_frontend  Created
 Container fleet_db  Starting
 Container fleet_db  Started
 Container fleet_frontend  Starting
 Container fleet_frontend  Started
Чт 11 июн 2026 05:50:02 UTC: Restart command executed.
jq: error (at <stdin>:1): Cannot index array with string "services"
Чт 11 июн 2026 05:55:01 UTC: Service db is DOWN! Attempting restart...
Чт 11 июн 2026 05:55:01 UTC: Service backend is DOWN! Attempting restart...
Чт 11 июн 2026 05:55:01 UTC: Service frontend is DOWN! Attempting restart...
 Container fleet_backend  Running
 Container fleet_frontend  Created
 Container fleet_db  Starting
 Container fleet_db  Started
 Container fleet_frontend  Starting
 Container fleet_frontend  Started
Чт 11 июн 2026 05:55:02 UTC: Restart command executed.
jq: error (at <stdin>:1): Cannot index array with string "services"
Чт 11 июн 2026 06:00:01 UTC: Service db is DOWN! Attempting restart...
Чт 11 июн 2026 06:00:01 UTC: Service backend is DOWN! Attempting restart...
Чт 11 июн 2026 06:00:01 UTC: Service frontend is DOWN! Attempting restart...
 Container fleet_backend  Running
 Container fleet_frontend  Created
 Container fleet_db  Starting
 Container fleet_db  Started
 Container fleet_frontend  Starting
 Container fleet_frontend  Started
Чт 11 июн 2026 06:00:02 UTC: Restart command executed.
jq: error (at <stdin>:1): Cannot index array with string "services"
Чт 11 июн 2026 06:05:02 UTC: Service db is DOWN! Attempting restart...
Чт 11 июн 2026 06:05:02 UTC: Service backend is DOWN! Attempting restart...
Чт 11 июн 2026 06:05:02 UTC: Service frontend is DOWN! Attempting restart...
 Container fleet_backend  Running
 Container fleet_frontend  Created
 Container fleet_db  Starting
 Container fleet_db  Started
 Container fleet_frontend  Starting
 Container fleet_frontend  Started
Чт 11 июн 2026 06:05:02 UTC: Restart command executed.
jq: error (at <stdin>:1): Cannot index array with string "services"
Чт 11 июн 2026 06:10:02 UTC: Service db is DOWN! Attempting restart...
Чт 11 июн 2026 06:10:02 UTC: Service backend is DOWN! Attempting restart...
Чт 11 июн 2026 06:10:02 UTC: Service frontend is DOWN! Attempting restart...
 Container fleet_backend  Running
 Container fleet_frontend  Created
 Container fleet_db  Starting
 Container fleet_db  Started
 Container fleet_frontend  Starting
 Container fleet_frontend  Started
Чт 11 июн 2026 06:10:03 UTC: Restart command executed.
jq: error (at <stdin>:1): Cannot index array with string "services"
Чт 11 июн 2026 06:15:01 UTC: Service db is DOWN! Attempting restart...
Чт 11 июн 2026 06:15:01 UTC: Service backend is DOWN! Attempting restart...
Чт 11 июн 2026 06:15:01 UTC: Service frontend is DOWN! Attempting restart...
 Container fleet_backend  Running
 Container fleet_frontend  Created
 Container fleet_db  Starting
 Container fleet_db  Started
 Container fleet_frontend  Starting
 Container fleet_frontend  Started
Чт 11 июн 2026 06:15:02 UTC: Restart command executed.
jq: error (at <stdin>:1): Cannot index array with string "services"
Чт 11 июн 2026 06:20:01 UTC: Service db is DOWN! Attempting restart...
Чт 11 июн 2026 06:20:01 UTC: Service backend is DOWN! Attempting restart...
Чт 11 июн 2026 06:20:01 UTC: Service frontend is DOWN! Attempting restart...
 Container fleet_backend  Running
 Container fleet_frontend  Created
 Container fleet_db  Starting
 Container fleet_db  Started
 Container fleet_frontend  Starting
 Container fleet_frontend  Started
Чт 11 июн 2026 06:20:02 UTC: Restart command executed.
jq: error (at <stdin>:1): Cannot index array with string "services"
Чт 11 июн 2026 06:25:01 UTC: Service db is DOWN! Attempting restart...
Чт 11 июн 2026 06:25:01 UTC: Service backend is DOWN! Attempting restart...
Чт 11 июн 2026 06:25:01 UTC: Service frontend is DOWN! Attempting restart...
 Container fleet_backend  Running
 Container fleet_frontend  Created
 Container fleet_db  Starting
 Container fleet_db  Started
 Container fleet_frontend  Starting
 Container fleet_frontend  Started
Чт 11 июн 2026 06:25:02 UTC: Restart command executed.
jq: error (at <stdin>:1): Cannot index array with string "services"
Чт 11 июн 2026 06:30:01 UTC: Service db is DOWN! Attempting restart...
Чт 11 июн 2026 06:30:01 UTC: Service backend is DOWN! Attempting restart...
Чт 11 июн 2026 06:30:01 UTC: Service frontend is DOWN! Attempting restart...
 Container fleet_backend  Running
 Container fleet_frontend  Created
 Container fleet_db  Starting
 Container fleet_db  Started
 Container fleet_frontend  Starting
 Container fleet_frontend  Started
Чт 11 июн 2026 06:30:02 UTC: Restart command executed.
jq: error (at <stdin>:1): Cannot index array with string "services"
Чт 11 июн 2026 06:35:01 UTC: Service db is DOWN! Attempting restart...
Чт 11 июн 2026 06:35:01 UTC: Service backend is DOWN! Attempting restart...
Чт 11 июн 2026 06:35:01 UTC: Service frontend is DOWN! Attempting restart...
 Container fleet_backend  Running
 Container fleet_frontend  Created
 Container fleet_db  Starting
 Container fleet_db  Started
 Container fleet_frontend  Starting
 Container fleet_frontend  Started
Чт 11 июн 2026 06:35:02 UTC: Restart command executed.
jq: error (at <stdin>:1): Cannot index array with string "services"
Чт 11 июн 2026 06:40:01 UTC: Service db is DOWN! Attempting restart...
Чт 11 июн 2026 06:40:01 UTC: Service backend is DOWN! Attempting restart...
Чт 11 июн 2026 06:40:01 UTC: Service frontend is DOWN! Attempting restart...
 Container fleet_backend  Running
 Container fleet_frontend  Created
 Container fleet_db  Starting
 Container fleet_db  Started
 Container fleet_frontend  Starting
 Container fleet_frontend  Started
Чт 11 июн 2026 06:40:02 UTC: Restart command executed.
jq: error (at <stdin>:1): Cannot index array with string "services"
Чт 11 июн 2026 06:45:01 UTC: Service db is DOWN! Attempting restart...
Чт 11 июн 2026 06:45:01 UTC: Service backend is DOWN! Attempting restart...
Чт 11 июн 2026 06:45:01 UTC: Service frontend is DOWN! Attempting restart...
 Container fleet_backend  Running
 Container fleet_frontend  Created
 Container fleet_db  Starting
 Container fleet_db  Started
 Container fleet_frontend  Starting
 Container fleet_frontend  Started
Чт 11 июн 2026 06:45:02 UTC: Restart command executed.
jq: error (at <stdin>:1): Cannot index array with string "services"
Чт 11 июн 2026 06:50:02 UTC: Service db is DOWN! Attempting restart...
Чт 11 июн 2026 06:50:02 UTC: Service backend is DOWN! Attempting restart...
Чт 11 июн 2026 06:50:02 UTC: Service frontend is DOWN! Attempting restart...
 Container fleet_backend  Running
 Container fleet_frontend  Created
 Container fleet_db  Starting
 Container fleet_db  Started
 Container fleet_frontend  Starting
 Container fleet_frontend  Started
Чт 11 июн 2026 06:50:02 UTC: Restart command executed.
jq: error (at <stdin>:1): Cannot index array with string "services"
Чт 11 июн 2026 06:55:02 UTC: Service db is DOWN! Attempting restart...
Чт 11 июн 2026 06:55:02 UTC: Service backend is DOWN! Attempting restart...
Чт 11 июн 2026 06:55:02 UTC: Service frontend is DOWN! Attempting restart...
 Container fleet_backend  Running
 Container fleet_frontend  Created
 Container fleet_db  Starting
 Container fleet_db  Started
 Container fleet_frontend  Starting
 Container fleet_frontend  Started
Чт 11 июн 2026 06:55:02 UTC: Restart command executed.
jq: error (at <stdin>:1): Cannot index array with string "services"
Чт 11 июн 2026 07:00:02 UTC: Service db is DOWN! Attempting restart...
Чт 11 июн 2026 07:00:02 UTC: Service backend is DOWN! Attempting restart...
Чт 11 июн 2026 07:00:02 UTC: Service frontend is DOWN! Attempting restart...
 Container fleet_backend  Running
 Container fleet_frontend  Created
 Container fleet_db  Starting
 Container fleet_db  Started
 Container fleet_frontend  Starting
 Container fleet_frontend  Started
Чт 11 июн 2026 07:00:03 UTC: Restart command executed.
jq: error (at <stdin>:1): Cannot index array with string "services"
Чт 11 июн 2026 07:05:01 UTC: Service db is DOWN! Attempting restart...
Чт 11 июн 2026 07:05:01 UTC: Service backend is DOWN! Attempting restart...
Чт 11 июн 2026 07:05:01 UTC: Service frontend is DOWN! Attempting restart...
 Container fleet_backend  Running
 Container fleet_frontend  Created
 Container fleet_db  Starting
 Container fleet_db  Started
 Container fleet_frontend  Starting
 Container fleet_frontend  Started
Чт 11 июн 2026 07:05:02 UTC: Restart command executed.
jq: error (at <stdin>:1): Cannot index array with string "services"
Чт 11 июн 2026 07:10:01 UTC: Service db is DOWN! Attempting restart...
Чт 11 июн 2026 07:10:01 UTC: Service backend is DOWN! Attempting restart...
Чт 11 июн 2026 07:10:01 UTC: Service frontend is DOWN! Attempting restart...
 Container fleet_backend  Running
 Container fleet_frontend  Created
 Container fleet_db  Starting
 Container fleet_db  Started
 Container fleet_frontend  Starting
 Container fleet_frontend  Started
Чт 11 июн 2026 07:10:02 UTC: Restart command executed.
jq: error (at <stdin>:1): Cannot index array with string "services"
Чт 11 июн 2026 07:15:01 UTC: Service db is DOWN! Attempting restart...
Чт 11 июн 2026 07:15:01 UTC: Service backend is DOWN! Attempting restart...
Чт 11 июн 2026 07:15:01 UTC: Service frontend is DOWN! Attempting restart...
 Container fleet_backend  Running
 Container fleet_frontend  Created
 Container fleet_db  Starting
 Container fleet_db  Started
 Container fleet_frontend  Starting
 Container fleet_frontend  Started
Чт 11 июн 2026 07:15:02 UTC: Restart command executed.
jq: error (at <stdin>:1): Cannot index array with string "services"
Чт 11 июн 2026 07:20:01 UTC: Service db is DOWN! Attempting restart...
Чт 11 июн 2026 07:20:01 UTC: Service backend is DOWN! Attempting restart...
Чт 11 июн 2026 07:20:01 UTC: Service frontend is DOWN! Attempting restart...
 Container fleet_backend  Running
 Container fleet_frontend  Created
 Container fleet_db  Starting
 Container fleet_db  Started
 Container fleet_frontend  Starting
 Container fleet_frontend  Started
Чт 11 июн 2026 07:20:02 UTC: Restart command executed.
jq: error (at <stdin>:1): Cannot index array with string "services"
Чт 11 июн 2026 07:25:01 UTC: Service db is DOWN! Attempting restart...
Чт 11 июн 2026 07:25:01 UTC: Service backend is DOWN! Attempting restart...
Чт 11 июн 2026 07:25:01 UTC: Service frontend is DOWN! Attempting restart...
 Container fleet_backend  Running
 Container fleet_frontend  Created
 Container fleet_db  Starting
 Container fleet_db  Started
 Container fleet_frontend  Starting
 Container fleet_frontend  Started
Чт 11 июн 2026 07:25:02 UTC: Restart command executed.
jq: error (at <stdin>:1): Cannot index array with string "services"
Чт 11 июн 2026 07:30:01 UTC: Service db is DOWN! Attempting restart...
Чт 11 июн 2026 07:30:01 UTC: Service backend is DOWN! Attempting restart...
Чт 11 июн 2026 07:30:01 UTC: Service frontend is DOWN! Attempting restart...
 Container fleet_backend  Running
 Container fleet_frontend  Created
 Container fleet_db  Starting
 Container fleet_db  Started
 Container fleet_frontend  Starting
 Container fleet_frontend  Started
Чт 11 июн 2026 07:30:02 UTC: Restart command executed.
jq: error (at <stdin>:1): Cannot index array with string "services"
Чт 11 июн 2026 07:35:01 UTC: Service db is DOWN! Attempting restart...
Чт 11 июн 2026 07:35:01 UTC: Service backend is DOWN! Attempting restart...
Чт 11 июн 2026 07:35:01 UTC: Service frontend is DOWN! Attempting restart...
 Container fleet_backend  Running
 Container fleet_frontend  Created
 Container fleet_db  Starting
 Container fleet_db  Started
 Container fleet_frontend  Starting
 Container fleet_frontend  Started
Чт 11 июн 2026 07:35:02 UTC: Restart command executed.
jq: error (at <stdin>:1): Cannot index array with string "services"
Чт 11 июн 2026 07:40:02 UTC: Service db is DOWN! Attempting restart...
Чт 11 июн 2026 07:40:02 UTC: Service backend is DOWN! Attempting restart...
Чт 11 июн 2026 07:40:02 UTC: Service frontend is DOWN! Attempting restart...
 Container fleet_backend  Running
 Container fleet_frontend  Created
 Container fleet_db  Starting
 Container fleet_db  Started
 Container fleet_frontend  Starting
 Container fleet_frontend  Started
Чт 11 июн 2026 07:40:02 UTC: Restart command executed.
jq: error (at <stdin>:1): Cannot index array with string "services"
Чт 11 июн 2026 07:45:02 UTC: Service db is DOWN! Attempting restart...
Чт 11 июн 2026 07:45:02 UTC: Service backend is DOWN! Attempting restart...
Чт 11 июн 2026 07:45:02 UTC: Service frontend is DOWN! Attempting restart...
 Container fleet_backend  Running
 Container fleet_frontend  Created
 Container fleet_db  Starting
 Container fleet_db  Started
 Container fleet_frontend  Starting
 Container fleet_frontend  Started
Чт 11 июн 2026 07:45:03 UTC: Restart command executed.
jq: error (at <stdin>:1): Cannot index array with string "services"
Чт 11 июн 2026 07:50:01 UTC: Service db is DOWN! Attempting restart...
Чт 11 июн 2026 07:50:01 UTC: Service backend is DOWN! Attempting restart...
Чт 11 июн 2026 07:50:01 UTC: Service frontend is DOWN! Attempting restart...
 Container fleet_backend  Running
 Container fleet_frontend  Created
 Container fleet_db  Starting
 Container fleet_db  Started
 Container fleet_frontend  Starting
 Container fleet_frontend  Started
Чт 11 июн 2026 07:50:02 UTC: Restart command executed.
jq: error (at <stdin>:1): Cannot index array with string "services"
Чт 11 июн 2026 07:55:01 UTC: Service db is DOWN! Attempting restart...
Чт 11 июн 2026 07:55:01 UTC: Service backend is DOWN! Attempting restart...
Чт 11 июн 2026 07:55:01 UTC: Service frontend is DOWN! Attempting restart...
 Container fleet_backend  Running
 Container fleet_frontend  Created
 Container fleet_db  Starting
 Container fleet_db  Started
 Container fleet_frontend  Starting
 Container fleet_frontend  Started
Чт 11 июн 2026 07:55:02 UTC: Restart command executed.
jq: error (at <stdin>:1): Cannot index array with string "services"
Чт 11 июн 2026 08:00:01 UTC: Service db is DOWN! Attempting restart...
Чт 11 июн 2026 08:00:01 UTC: Service backend is DOWN! Attempting restart...
Чт 11 июн 2026 08:00:01 UTC: Service frontend is DOWN! Attempting restart...
 Container fleet_backend  Running
 Container fleet_frontend  Created
 Container fleet_db  Starting
 Container fleet_db  Started
 Container fleet_frontend  Starting
 Container fleet_frontend  Started
Чт 11 июн 2026 08:00:02 UTC: Restart command executed.
jq: error (at <stdin>:1): Cannot index array with string "services"
Чт 11 июн 2026 08:05:01 UTC: Service db is DOWN! Attempting restart...
Чт 11 июн 2026 08:05:01 UTC: Service backend is DOWN! Attempting restart...
Чт 11 июн 2026 08:05:01 UTC: Service frontend is DOWN! Attempting restart...
 Container fleet_backend  Running
 Container fleet_frontend  Created
 Container fleet_db  Starting
 Container fleet_db  Started
 Container fleet_frontend  Starting
 Container fleet_frontend  Started
Чт 11 июн 2026 08:05:02 UTC: Restart command executed.
jq: error (at <stdin>:1): Cannot index array with string "services"
Чт 11 июн 2026 08:10:01 UTC: Service db is DOWN! Attempting restart...
Чт 11 июн 2026 08:10:01 UTC: Service backend is DOWN! Attempting restart...
Чт 11 июн 2026 08:10:01 UTC: Service frontend is DOWN! Attempting restart...
 Container fleet_backend  Running
 Container fleet_frontend  Created
 Container fleet_db  Starting
 Container fleet_db  Started
 Container fleet_frontend  Starting
 Container fleet_frontend  Started
Чт 11 июн 2026 08:10:02 UTC: Restart command executed.
jq: error (at <stdin>:1): Cannot index array with string "services"
Чт 11 июн 2026 08:15:01 UTC: Service db is DOWN! Attempting restart...
Чт 11 июн 2026 08:15:01 UTC: Service backend is DOWN! Attempting restart...
Чт 11 июн 2026 08:15:01 UTC: Service frontend is DOWN! Attempting restart...
 Container fleet_backend  Running
 Container fleet_frontend  Created
 Container fleet_db  Starting
 Container fleet_db  Started
 Container fleet_frontend  Starting
 Container fleet_frontend  Started
Чт 11 июн 2026 08:15:02 UTC: Restart command executed.
jq: error (at <stdin>:1): Cannot index array with string "services"
Чт 11 июн 2026 08:20:01 UTC: Service db is DOWN! Attempting restart...
Чт 11 июн 2026 08:20:01 UTC: Service backend is DOWN! Attempting restart...
Чт 11 июн 2026 08:20:01 UTC: Service frontend is DOWN! Attempting restart...
 Container fleet_backend  Running
 Container fleet_frontend  Created
 Container fleet_db  Starting
 Container fleet_db  Started
 Container fleet_frontend  Starting
 Container fleet_frontend  Started
Чт 11 июн 2026 08:20:02 UTC: Restart command executed.
jq: error (at <stdin>:1): Cannot index array with string "services"
Чт 11 июн 2026 08:25:02 UTC: Service db is DOWN! Attempting restart...
Чт 11 июн 2026 08:25:02 UTC: Service backend is DOWN! Attempting restart...
Чт 11 июн 2026 08:25:02 UTC: Service frontend is DOWN! Attempting restart...
 Container fleet_backend  Running
 Container fleet_frontend  Created
 Container fleet_db  Starting
 Container fleet_db  Started
 Container fleet_frontend  Starting
 Container fleet_frontend  Started
Чт 11 июн 2026 08:25:02 UTC: Restart command executed.
jq: error (at <stdin>:1): Cannot index array with string "services"
Чт 11 июн 2026 08:30:02 UTC: Service db is DOWN! Attempting restart...
Чт 11 июн 2026 08:30:02 UTC: Service backend is DOWN! Attempting restart...
Чт 11 июн 2026 08:30:02 UTC: Service frontend is DOWN! Attempting restart...
 Container fleet_backend  Running
 Container fleet_frontend  Created
 Container fleet_frontend  Starting
 Container fleet_frontend  Started
Чт 11 июн 2026 08:30:03 UTC: Restart command executed.
jq: error (at <stdin>:1): Cannot index array with string "services"
Чт 11 июн 2026 08:35:01 UTC: Service db is DOWN! Attempting restart...
Чт 11 июн 2026 08:35:01 UTC: Service backend is DOWN! Attempting restart...
Чт 11 июн 2026 08:35:01 UTC: Service frontend is DOWN! Attempting restart...
 Container fleet_backend  Running
 Container fleet_frontend  Created
 Container fleet_db  Starting
 Container fleet_db  Started
 Container fleet_frontend  Starting
 Container fleet_frontend  Started
Чт 11 июн 2026 08:35:02 UTC: Restart command executed.
jq: error (at <stdin>:1): Cannot index array with string "services"
Чт 11 июн 2026 08:40:01 UTC: Service db is DOWN! Attempting restart...
Чт 11 июн 2026 08:40:01 UTC: Service backend is DOWN! Attempting restart...
Чт 11 июн 2026 08:40:01 UTC: Service frontend is DOWN! Attempting restart...
 Container fleet_backend  Running
 Container fleet_frontend  Created
 Container fleet_db  Starting
 Container fleet_db  Started
 Container fleet_frontend  Starting
 Container fleet_frontend  Started
Чт 11 июн 2026 08:40:02 UTC: Restart command executed.
jq: error (at <stdin>:1): Cannot index array with string "services"
Чт 11 июн 2026 08:45:01 UTC: Service db is DOWN! Attempting restart...
Чт 11 июн 2026 08:45:01 UTC: Service backend is DOWN! Attempting restart...
Чт 11 июн 2026 08:45:01 UTC: Service frontend is DOWN! Attempting restart...
 Container fleet_backend  Running
 Container fleet_frontend  Created
 Container fleet_db  Starting
 Container fleet_db  Started
 Container fleet_frontend  Starting
 Container fleet_frontend  Started
Чт 11 июн 2026 08:45:02 UTC: Restart command executed.
jq: error (at <stdin>:1): Cannot index array with string "services"
Чт 11 июн 2026 08:50:01 UTC: Service db is DOWN! Attempting restart...
Чт 11 июн 2026 08:50:01 UTC: Service backend is DOWN! Attempting restart...
Чт 11 июн 2026 08:50:01 UTC: Service frontend is DOWN! Attempting restart...
 Container fleet_backend  Running
 Container fleet_frontend  Created
 Container fleet_db  Starting
 Container fleet_db  Started
 Container fleet_frontend  Starting
 Container fleet_frontend  Started
Чт 11 июн 2026 08:50:02 UTC: Restart command executed.
jq: error (at <stdin>:1): Cannot index array with string "services"
Чт 11 июн 2026 08:55:01 UTC: Service db is DOWN! Attempting restart...
Чт 11 июн 2026 08:55:01 UTC: Service backend is DOWN! Attempting restart...
Чт 11 июн 2026 08:55:01 UTC: Service frontend is DOWN! Attempting restart...
 Container fleet_backend  Running
 Container fleet_frontend  Created
 Container fleet_db  Starting
 Container fleet_db  Started
 Container fleet_frontend  Starting
 Container fleet_frontend  Started
Чт 11 июн 2026 08:55:02 UTC: Restart command executed.
jq: error (at <stdin>:1): Cannot index array with string "services"
Чт 11 июн 2026 09:00:01 UTC: Service db is DOWN! Attempting restart...
Чт 11 июн 2026 09:00:01 UTC: Service backend is DOWN! Attempting restart...
Чт 11 июн 2026 09:00:01 UTC: Service frontend is DOWN! Attempting restart...
 Container fleet_backend  Running
 Container fleet_frontend  Created
 Container fleet_db  Starting
 Container fleet_db  Started
 Container fleet_frontend  Starting
 Container fleet_frontend  Started
Чт 11 июн 2026 09:00:02 UTC: Restart command executed.
jq: error (at <stdin>:1): Cannot index array with string "services"
Чт 11 июн 2026 09:05:02 UTC: Service db is DOWN! Attempting restart...
Чт 11 июн 2026 09:05:02 UTC: Service backend is DOWN! Attempting restart...
Чт 11 июн 2026 09:05:02 UTC: Service frontend is DOWN! Attempting restart...
 Container fleet_backend  Running
 Container fleet_frontend  Created
 Container fleet_db  Starting
 Container fleet_db  Started
 Container fleet_frontend  Starting
 Container fleet_frontend  Started
Чт 11 июн 2026 09:05:02 UTC: Restart command executed.
jq: error (at <stdin>:1): Cannot index array with string "services"
Чт 11 июн 2026 09:10:02 UTC: Service db is DOWN! Attempting restart...
Чт 11 июн 2026 09:10:02 UTC: Service backend is DOWN! Attempting restart...
Чт 11 июн 2026 09:10:02 UTC: Service frontend is DOWN! Attempting restart...
 Container fleet_backend  Running
 Container fleet_frontend  Created
 Container fleet_db  Starting
 Container fleet_db  Started
 Container fleet_frontend  Starting
 Container fleet_frontend  Started
Чт 11 июн 2026 09:10:03 UTC: Restart command executed.
jq: error (at <stdin>:1): Cannot index array with string "services"
Чт 11 июн 2026 09:15:01 UTC: Service db is DOWN! Attempting restart...
Чт 11 июн 2026 09:15:01 UTC: Service backend is DOWN! Attempting restart...
Чт 11 июн 2026 09:15:01 UTC: Service frontend is DOWN! Attempting restart...
 Container fleet_backend  Running
 Container fleet_frontend  Created
 Container fleet_db  Starting
 Container fleet_db  Started
 Container fleet_frontend  Starting
 Container fleet_frontend  Started
Чт 11 июн 2026 09:15:02 UTC: Restart command executed.
jq: error (at <stdin>:1): Cannot index array with string "services"
Чт 11 июн 2026 09:20:01 UTC: Service db is DOWN! Attempting restart...
Чт 11 июн 2026 09:20:01 UTC: Service backend is DOWN! Attempting restart...
Чт 11 июн 2026 09:20:01 UTC: Service frontend is DOWN! Attempting restart...
 Container fleet_backend  Running
 Container fleet_frontend  Created
 Container fleet_db  Starting
 Container fleet_db  Started
 Container fleet_frontend  Starting
 Container fleet_frontend  Started
Чт 11 июн 2026 09:20:02 UTC: Restart command executed.
jq: error (at <stdin>:1): Cannot index array with string "services"
Чт 11 июн 2026 09:25:01 UTC: Service db is DOWN! Attempting restart...
Чт 11 июн 2026 09:25:01 UTC: Service backend is DOWN! Attempting restart...
Чт 11 июн 2026 09:25:01 UTC: Service frontend is DOWN! Attempting restart...
 Container fleet_backend  Running
 Container fleet_frontend  Created
 Container fleet_db  Starting
 Container fleet_db  Started
 Container fleet_frontend  Starting
 Container fleet_frontend  Started
Чт 11 июн 2026 09:25:02 UTC: Restart command executed.
jq: error (at <stdin>:1): Cannot index array with string "services"
Чт 11 июн 2026 09:30:01 UTC: Service db is DOWN! Attempting restart...
Чт 11 июн 2026 09:30:01 UTC: Service backend is DOWN! Attempting restart...
Чт 11 июн 2026 09:30:01 UTC: Service frontend is DOWN! Attempting restart...
 Container fleet_backend  Running
 Container fleet_frontend  Created
 Container fleet_db  Starting
 Container fleet_db  Started
 Container fleet_frontend  Starting
 Container fleet_frontend  Started
Чт 11 июн 2026 09:30:02 UTC: Restart command executed.
jq: error (at <stdin>:1): Cannot index array with string "services"
Чт 11 июн 2026 09:35:01 UTC: Service db is DOWN! Attempting restart...
Чт 11 июн 2026 09:35:01 UTC: Service backend is DOWN! Attempting restart...
Чт 11 июн 2026 09:35:01 UTC: Service frontend is DOWN! Attempting restart...
 Container fleet_backend  Running
 Container fleet_frontend  Created
 Container fleet_db  Starting
 Container fleet_db  Started
 Container fleet_frontend  Starting
 Container fleet_frontend  Started
Чт 11 июн 2026 09:35:02 UTC: Restart command executed.
jq: error (at <stdin>:1): Cannot index array with string "services"
Чт 11 июн 2026 09:40:01 UTC: Service db is DOWN! Attempting restart...
Чт 11 июн 2026 09:40:01 UTC: Service backend is DOWN! Attempting restart...
Чт 11 июн 2026 09:40:01 UTC: Service frontend is DOWN! Attempting restart...
 Container fleet_backend  Running
 Container fleet_frontend  Created
 Container fleet_db  Starting
 Container fleet_db  Started
 Container fleet_frontend  Starting
 Container fleet_frontend  Started
Чт 11 июн 2026 09:40:02 UTC: Restart command executed.
jq: error (at <stdin>:1): Cannot index array with string "services"
Чт 11 июн 2026 09:45:01 UTC: Service db is DOWN! Attempting restart...
Чт 11 июн 2026 09:45:01 UTC: Service backend is DOWN! Attempting restart...
Чт 11 июн 2026 09:45:01 UTC: Service frontend is DOWN! Attempting restart...
 Container fleet_backend  Running
 Container fleet_frontend  Created
 Container fleet_db  Starting
 Container fleet_db  Started
 Container fleet_frontend  Starting
 Container fleet_frontend  Started
Чт 11 июн 2026 09:45:02 UTC: Restart command executed.
jq: error (at <stdin>:1): Cannot index array with string "services"
Чт 11 июн 2026 09:50:01 UTC: Service db is DOWN! Attempting restart...
Чт 11 июн 2026 09:50:01 UTC: Service backend is DOWN! Attempting restart...
Чт 11 июн 2026 09:50:01 UTC: Service frontend is DOWN! Attempting restart...
 Container fleet_backend  Running
 Container fleet_frontend  Created
 Container fleet_db  Starting
 Container fleet_db  Started
 Container fleet_frontend  Starting
 Container fleet_frontend  Started
Чт 11 июн 2026 09:50:02 UTC: Restart command executed.
jq: error (at <stdin>:1): Cannot index array with string "services"
Чт 11 июн 2026 09:55:02 UTC: Service db is DOWN! Attempting restart...
Чт 11 июн 2026 09:55:02 UTC: Service backend is DOWN! Attempting restart...
Чт 11 июн 2026 09:55:02 UTC: Service frontend is DOWN! Attempting restart...
 Container fleet_backend  Running
 Container fleet_frontend  Created
 Container fleet_db  Starting
 Container fleet_db  Started
 Container fleet_frontend  Starting
 Container fleet_frontend  Started
Чт 11 июн 2026 09:55:02 UTC: Restart command executed.
jq: error (at <stdin>:1): Cannot index array with string "services"
Чт 11 июн 2026 10:00:02 UTC: Service db is DOWN! Attempting restart...
Чт 11 июн 2026 10:00:02 UTC: Service backend is DOWN! Attempting restart...
Чт 11 июн 2026 10:00:02 UTC: Service frontend is DOWN! Attempting restart...
 Container fleet_backend  Running
 Container fleet_frontend  Created
 Container fleet_db  Starting
 Container fleet_db  Started
 Container fleet_frontend  Starting
 Container fleet_frontend  Started
Чт 11 июн 2026 10:00:03 UTC: Restart command executed.
jq: error (at <stdin>:1): Cannot index array with string "services"
Чт 11 июн 2026 10:05:01 UTC: Service db is DOWN! Attempting restart...
Чт 11 июн 2026 10:05:01 UTC: Service backend is DOWN! Attempting restart...
Чт 11 июн 2026 10:05:01 UTC: Service frontend is DOWN! Attempting restart...
 Container fleet_backend  Running
 Container fleet_frontend  Created
 Container fleet_db  Starting
 Container fleet_db  Started
 Container fleet_frontend  Starting
 Container fleet_frontend  Started
Чт 11 июн 2026 10:05:02 UTC: Restart command executed.
jq: error (at <stdin>:1): Cannot index array with string "services"
Чт 11 июн 2026 10:10:01 UTC: Service db is DOWN! Attempting restart...
Чт 11 июн 2026 10:10:01 UTC: Service backend is DOWN! Attempting restart...
Чт 11 июн 2026 10:10:01 UTC: Service frontend is DOWN! Attempting restart...
 Container fleet_backend  Running
 Container fleet_frontend  Created
 Container fleet_db  Starting
 Container fleet_db  Started
 Container fleet_frontend  Starting
 Container fleet_frontend  Started
Чт 11 июн 2026 10:10:02 UTC: Restart command executed.
jq: error (at <stdin>:1): Cannot index array with string "services"
Чт 11 июн 2026 10:15:01 UTC: Service db is DOWN! Attempting restart...
Чт 11 июн 2026 10:15:01 UTC: Service backend is DOWN! Attempting restart...
Чт 11 июн 2026 10:15:01 UTC: Service frontend is DOWN! Attempting restart...
 Container fleet_backend  Running
 Container fleet_frontend  Created
 Container fleet_db  Starting
 Container fleet_db  Started
 Container fleet_frontend  Starting
 Container fleet_frontend  Started
Чт 11 июн 2026 10:15:02 UTC: Restart command executed.
jq: error (at <stdin>:1): Cannot index array with string "services"
Чт 11 июн 2026 10:20:01 UTC: Service db is DOWN! Attempting restart...
Чт 11 июн 2026 10:20:01 UTC: Service backend is DOWN! Attempting restart...
Чт 11 июн 2026 10:20:01 UTC: Service frontend is DOWN! Attempting restart...
 Container fleet_backend  Running
 Container fleet_frontend  Created
 Container fleet_db  Starting
 Container fleet_db  Started
 Container fleet_frontend  Starting
 Container fleet_frontend  Started
Чт 11 июн 2026 10:20:02 UTC: Restart command executed.
jq: error (at <stdin>:1): Cannot index array with string "services"
Чт 11 июн 2026 10:25:01 UTC: Service db is DOWN! Attempting restart...
Чт 11 июн 2026 10:25:01 UTC: Service backend is DOWN! Attempting restart...
Чт 11 июн 2026 10:25:01 UTC: Service frontend is DOWN! Attempting restart...
 Container fleet_backend  Running
 Container fleet_frontend  Created
 Container fleet_db  Starting
 Container fleet_db  Started
 Container fleet_frontend  Starting
 Container fleet_frontend  Started
Чт 11 июн 2026 10:25:02 UTC: Restart command executed.
jq: error (at <stdin>:1): Cannot index array with string "services"
Чт 11 июн 2026 10:30:01 UTC: Service db is DOWN! Attempting restart...
Чт 11 июн 2026 10:30:01 UTC: Service backend is DOWN! Attempting restart...
Чт 11 июн 2026 10:30:01 UTC: Service frontend is DOWN! Attempting restart...
 Container fleet_backend  Running
 Container fleet_frontend  Created
 Container fleet_db  Starting
 Container fleet_db  Started
 Container fleet_frontend  Starting
 Container fleet_frontend  Started
Чт 11 июн 2026 10:30:02 UTC: Restart command executed.
jq: error (at <stdin>:1): Cannot index array with string "services"
Чт 11 июн 2026 10:35:01 UTC: Service db is DOWN! Attempting restart...
Чт 11 июн 2026 10:35:01 UTC: Service backend is DOWN! Attempting restart...
Чт 11 июн 2026 10:35:01 UTC: Service frontend is DOWN! Attempting restart...
 Container fleet_backend  Running
 Container fleet_frontend  Created
 Container fleet_db  Starting
 Container fleet_db  Started
 Container fleet_frontend  Starting
 Container fleet_frontend  Started
Чт 11 июн 2026 10:35:02 UTC: Restart command executed.
jq: error (at <stdin>:1): Cannot index array with string "services"
Чт 11 июн 2026 10:40:02 UTC: Service db is DOWN! Attempting restart...
Чт 11 июн 2026 10:40:02 UTC: Service backend is DOWN! Attempting restart...
Чт 11 июн 2026 10:40:02 UTC: Service frontend is DOWN! Attempting restart...
 Container fleet_backend  Running
 Container fleet_frontend  Created
 Container fleet_db  Starting
 Container fleet_db  Started
 Container fleet_frontend  Starting
 Container fleet_frontend  Started
Чт 11 июн 2026 10:40:02 UTC: Restart command executed.
jq: error (at <stdin>:1): Cannot index array with string "services"
Чт 11 июн 2026 10:45:02 UTC: Service db is DOWN! Attempting restart...
Чт 11 июн 2026 10:45:02 UTC: Service backend is DOWN! Attempting restart...
Чт 11 июн 2026 10:45:02 UTC: Service frontend is DOWN! Attempting restart...
 Container fleet_backend  Running
 Container fleet_frontend  Created
 Container fleet_db  Starting
 Container fleet_db  Started
 Container fleet_frontend  Starting
 Container fleet_frontend  Started
Чт 11 июн 2026 10:45:03 UTC: Restart command executed.
jq: error (at <stdin>:1): Cannot index array with string "services"
Чт 11 июн 2026 10:50:01 UTC: Service db is DOWN! Attempting restart...
Чт 11 июн 2026 10:50:01 UTC: Service backend is DOWN! Attempting restart...
Чт 11 июн 2026 10:50:01 UTC: Service frontend is DOWN! Attempting restart...
 Container fleet_backend  Running
 Container fleet_frontend  Created
 Container fleet_db  Starting
 Container fleet_db  Started
 Container fleet_frontend  Starting
 Container fleet_frontend  Started
Чт 11 июн 2026 10:50:02 UTC: Restart command executed.
jq: error (at <stdin>:1): Cannot index array with string "services"
Чт 11 июн 2026 10:55:01 UTC: Service db is DOWN! Attempting restart...
Чт 11 июн 2026 10:55:01 UTC: Service backend is DOWN! Attempting restart...
Чт 11 июн 2026 10:55:01 UTC: Service frontend is DOWN! Attempting restart...
 Container fleet_backend  Running
 Container fleet_frontend  Created
 Container fleet_db  Starting
 Container fleet_db  Started
 Container fleet_frontend  Starting
 Container fleet_frontend  Started
Чт 11 июн 2026 10:55:02 UTC: Restart command executed.
jq: error (at <stdin>:1): Cannot index array with string "services"
Чт 11 июн 2026 11:00:01 UTC: Service db is DOWN! Attempting restart...
Чт 11 июн 2026 11:00:01 UTC: Service backend is DOWN! Attempting restart...
Чт 11 июн 2026 11:00:01 UTC: Service frontend is DOWN! Attempting restart...
 Container fleet_backend  Running
 Container fleet_frontend  Created
 Container fleet_db  Starting
 Container fleet_db  Started
 Container fleet_frontend  Starting
 Container fleet_frontend  Started
Чт 11 июн 2026 11:00:02 UTC: Restart command executed.
jq: error (at <stdin>:1): Cannot index array with string "services"
Чт 11 июн 2026 11:05:01 UTC: Service db is DOWN! Attempting restart...
Чт 11 июн 2026 11:05:01 UTC: Service backend is DOWN! Attempting restart...
Чт 11 июн 2026 11:05:01 UTC: Service frontend is DOWN! Attempting restart...
 Container fleet_backend  Running
 Container fleet_frontend  Created
 Container fleet_db  Starting
 Container fleet_db  Started
 Container fleet_frontend  Starting
 Container fleet_frontend  Started
Чт 11 июн 2026 11:05:02 UTC: Restart command executed.
jq: error (at <stdin>:1): Cannot index array with string "services"
Чт 11 июн 2026 11:10:01 UTC: Service db is DOWN! Attempting restart...
Чт 11 июн 2026 11:10:01 UTC: Service backend is DOWN! Attempting restart...
Чт 11 июн 2026 11:10:01 UTC: Service frontend is DOWN! Attempting restart...
 Container fleet_backend  Running
 Container fleet_frontend  Created
 Container fleet_db  Starting
 Container fleet_db  Started
 Container fleet_frontend  Starting
 Container fleet_frontend  Started
Чт 11 июн 2026 11:10:02 UTC: Restart command executed.
jq: error (at <stdin>:1): Cannot index array with string "services"
Чт 11 июн 2026 11:15:01 UTC: Service db is DOWN! Attempting restart...
Чт 11 июн 2026 11:15:01 UTC: Service backend is DOWN! Attempting restart...
Чт 11 июн 2026 11:15:01 UTC: Service frontend is DOWN! Attempting restart...
 Container fleet_backend  Running
 Container fleet_frontend  Created
 Container fleet_db  Starting
 Container fleet_db  Started
 Container fleet_frontend  Starting
 Container fleet_frontend  Started
Чт 11 июн 2026 11:15:02 UTC: Restart command executed.
jq: error (at <stdin>:1): Cannot index array with string "services"
Чт 11 июн 2026 11:20:01 UTC: Service db is DOWN! Attempting restart...
Чт 11 июн 2026 11:20:01 UTC: Service backend is DOWN! Attempting restart...
Чт 11 июн 2026 11:20:01 UTC: Service frontend is DOWN! Attempting restart...
 Container fleet_backend  Running
 Container fleet_frontend  Created
 Container fleet_db  Starting
 Container fleet_db  Started
 Container fleet_frontend  Starting
 Container fleet_frontend  Started
Чт 11 июн 2026 11:20:02 UTC: Restart command executed.
jq: error (at <stdin>:1): Cannot index array with string "services"
Чт 11 июн 2026 11:25:01 UTC: Service db is DOWN! Attempting restart...
Чт 11 июн 2026 11:25:01 UTC: Service backend is DOWN! Attempting restart...
Чт 11 июн 2026 11:25:01 UTC: Service frontend is DOWN! Attempting restart...
 Container fleet_backend  Running
 Container fleet_frontend  Created
 Container fleet_db  Starting
 Container fleet_db  Started
 Container fleet_frontend  Starting
 Container fleet_frontend  Started
Чт 11 июн 2026 11:25:02 UTC: Restart command executed.
jq: error (at <stdin>:1): Cannot index array with string "services"
Чт 11 июн 2026 11:30:02 UTC: Service db is DOWN! Attempting restart...
Чт 11 июн 2026 11:30:02 UTC: Service backend is DOWN! Attempting restart...
Чт 11 июн 2026 11:30:02 UTC: Service frontend is DOWN! Attempting restart...
 Container fleet_backend  Running
 Container fleet_frontend  Created
 Container fleet_db  Starting
 Container fleet_db  Started
 Container fleet_frontend  Starting
 Container fleet_frontend  Started
Чт 11 июн 2026 11:30:03 UTC: Restart command executed.
jq: error (at <stdin>:1): Cannot index array with string "services"
Чт 11 июн 2026 11:35:01 UTC: Service db is DOWN! Attempting restart...
Чт 11 июн 2026 11:35:01 UTC: Service backend is DOWN! Attempting restart...
Чт 11 июн 2026 11:35:01 UTC: Service frontend is DOWN! Attempting restart...
 Container fleet_backend  Running
 Container fleet_frontend  Created
 Container fleet_db  Starting
 Container fleet_db  Started
 Container fleet_frontend  Starting
 Container fleet_frontend  Started
Чт 11 июн 2026 11:35:02 UTC: Restart command executed.
jq: error (at <stdin>:1): Cannot index array with string "services"
Чт 11 июн 2026 11:40:01 UTC: Service db is DOWN! Attempting restart...
Чт 11 июн 2026 11:40:01 UTC: Service backend is DOWN! Attempting restart...
Чт 11 июн 2026 11:40:01 UTC: Service frontend is DOWN! Attempting restart...
 Container fleet_backend  Running
 Container fleet_frontend  Created
 Container fleet_db  Starting
 Container fleet_db  Started
 Container fleet_frontend  Starting
 Container fleet_frontend  Started
Чт 11 июн 2026 11:40:02 UTC: Restart command executed.
jq: error (at <stdin>:1): Cannot index array with string "services"
Чт 11 июн 2026 11:45:01 UTC: Service db is DOWN! Attempting restart...
Чт 11 июн 2026 11:45:01 UTC: Service backend is DOWN! Attempting restart...
Чт 11 июн 2026 11:45:01 UTC: Service frontend is DOWN! Attempting restart...
 Container fleet_backend  Running
 Container fleet_frontend  Created
 Container fleet_db  Starting
 Container fleet_db  Started
 Container fleet_frontend  Starting
 Container fleet_frontend  Started
Чт 11 июн 2026 11:45:02 UTC: Restart command executed.
jq: error (at <stdin>:1): Cannot index array with string "services"
Чт 11 июн 2026 11:50:01 UTC: Service db is DOWN! Attempting restart...
Чт 11 июн 2026 11:50:01 UTC: Service backend is DOWN! Attempting restart...
Чт 11 июн 2026 11:50:01 UTC: Service frontend is DOWN! Attempting restart...
 Container fleet_backend  Running
 Container fleet_frontend  Created
 Container fleet_db  Starting
 Container fleet_db  Started
 Container fleet_frontend  Starting
 Container fleet_frontend  Started
Чт 11 июн 2026 11:50:02 UTC: Restart command executed.
jq: error (at <stdin>:1): Cannot index array with string "services"
Чт 11 июн 2026 11:55:01 UTC: Service db is DOWN! Attempting restart...
Чт 11 июн 2026 11:55:01 UTC: Service backend is DOWN! Attempting restart...
Чт 11 июн 2026 11:55:01 UTC: Service frontend is DOWN! Attempting restart...
 Container fleet_backend  Running
 Container fleet_frontend  Created
 Container fleet_db  Starting
 Container fleet_db  Started
 Container fleet_frontend  Starting
 Container fleet_frontend  Started
Чт 11 июн 2026 11:55:02 UTC: Restart command executed.
jq: error (at <stdin>:1): Cannot index array with string "services"
Чт 11 июн 2026 12:00:01 UTC: Service db is DOWN! Attempting restart...
Чт 11 июн 2026 12:00:01 UTC: Service backend is DOWN! Attempting restart...
Чт 11 июн 2026 12:00:01 UTC: Service frontend is DOWN! Attempting restart...
 Container fleet_backend  Running
 Container fleet_frontend  Created
 Container fleet_db  Starting
 Container fleet_db  Started
 Container fleet_frontend  Starting
 Container fleet_frontend  Started
Чт 11 июн 2026 12:00:02 UTC: Restart command executed.
jq: error (at <stdin>:1): Cannot index array with string "services"
Чт 11 июн 2026 12:05:01 UTC: Service db is DOWN! Attempting restart...
Чт 11 июн 2026 12:05:01 UTC: Service backend is DOWN! Attempting restart...
Чт 11 июн 2026 12:05:01 UTC: Service frontend is DOWN! Attempting restart...
 Container fleet_backend  Running
 Container fleet_frontend  Created
 Container fleet_db  Starting
 Container fleet_db  Started
 Container fleet_frontend  Starting
 Container fleet_frontend  Started
Чт 11 июн 2026 12:05:02 UTC: Restart command executed.
jq: error (at <stdin>:1): Cannot index array with string "services"
Чт 11 июн 2026 12:10:01 UTC: Service db is DOWN! Attempting restart...
Чт 11 июн 2026 12:10:01 UTC: Service backend is DOWN! Attempting restart...
Чт 11 июн 2026 12:10:01 UTC: Service frontend is DOWN! Attempting restart...
 Container fleet_backend  Running
 Container fleet_frontend  Created
 Container fleet_db  Starting
 Container fleet_db  Started
 Container fleet_frontend  Starting
 Container fleet_frontend  Started
Чт 11 июн 2026 12:10:02 UTC: Restart command executed.
jq: error (at <stdin>:1): Cannot index array with string "services"
Чт 11 июн 2026 12:15:02 UTC: Service db is DOWN! Attempting restart...
Чт 11 июн 2026 12:15:02 UTC: Service backend is DOWN! Attempting restart...
Чт 11 июн 2026 12:15:02 UTC: Service frontend is DOWN! Attempting restart...
 Container fleet_backend  Running
 Container fleet_frontend  Created
 Container fleet_db  Starting
 Container fleet_db  Started
 Container fleet_frontend  Starting
 Container fleet_frontend  Started
Чт 11 июн 2026 12:15:02 UTC: Restart command executed.
jq: error (at <stdin>:1): Cannot index array with string "services"
Чт 11 июн 2026 12:20:02 UTC: Service db is DOWN! Attempting restart...
Чт 11 июн 2026 12:20:02 UTC: Service backend is DOWN! Attempting restart...
Чт 11 июн 2026 12:20:02 UTC: Service frontend is DOWN! Attempting restart...
 Container fleet_backend  Running
 Container fleet_frontend  Created
 Container fleet_db  Starting
 Container fleet_db  Started
 Container fleet_frontend  Starting
 Container fleet_frontend  Started
Чт 11 июн 2026 12:20:03 UTC: Restart command executed.
jq: error (at <stdin>:1): Cannot index array with string "services"
Чт 11 июн 2026 12:25:01 UTC: Service db is DOWN! Attempting restart...
Чт 11 июн 2026 12:25:01 UTC: Service backend is DOWN! Attempting restart...
Чт 11 июн 2026 12:25:01 UTC: Service frontend is DOWN! Attempting restart...
 Container fleet_backend  Running
 Container fleet_frontend  Created
 Container fleet_db  Starting
 Container fleet_db  Started
 Container fleet_frontend  Starting
 Container fleet_frontend  Started
Чт 11 июн 2026 12:25:02 UTC: Restart command executed.
jq: error (at <stdin>:1): Cannot index array with string "services"
Чт 11 июн 2026 12:30:01 UTC: Service db is DOWN! Attempting restart...
Чт 11 июн 2026 12:30:01 UTC: Service backend is DOWN! Attempting restart...
Чт 11 июн 2026 12:30:01 UTC: Service frontend is DOWN! Attempting restart...
 Container fleet_backend  Running
 Container fleet_frontend  Created
 Container fleet_db  Starting
 Container fleet_db  Started
 Container fleet_frontend  Starting
 Container fleet_frontend  Started
Чт 11 июн 2026 12:30:02 UTC: Restart command executed.
jq: error (at <stdin>:1): Cannot index array with string "services"
Чт 11 июн 2026 12:35:01 UTC: Service db is DOWN! Attempting restart...
Чт 11 июн 2026 12:35:01 UTC: Service backend is DOWN! Attempting restart...
Чт 11 июн 2026 12:35:01 UTC: Service frontend is DOWN! Attempting restart...
 Container fleet_backend  Running
 Container fleet_frontend  Created
 Container fleet_db  Starting
 Container fleet_db  Started
 Container fleet_frontend  Starting
 Container fleet_frontend  Started
Чт 11 июн 2026 12:35:02 UTC: Restart command executed.
jq: error (at <stdin>:1): Cannot index array with string "services"
Чт 11 июн 2026 12:40:01 UTC: Service db is DOWN! Attempting restart...
Чт 11 июн 2026 12:40:01 UTC: Service backend is DOWN! Attempting restart...
Чт 11 июн 2026 12:40:01 UTC: Service frontend is DOWN! Attempting restart...
 Container fleet_backend  Running
 Container fleet_frontend  Created
 Container fleet_db  Starting
 Container fleet_db  Started
 Container fleet_frontend  Starting
 Container fleet_frontend  Started
Чт 11 июн 2026 12:40:02 UTC: Restart command executed.
jq: error (at <stdin>:1): Cannot index array with string "services"
Чт 11 июн 2026 12:45:01 UTC: Service db is DOWN! Attempting restart...
Чт 11 июн 2026 12:45:01 UTC: Service backend is DOWN! Attempting restart...
Чт 11 июн 2026 12:45:01 UTC: Service frontend is DOWN! Attempting restart...
 Container fleet_backend  Running
 Container fleet_frontend  Created
 Container fleet_db  Starting
 Container fleet_db  Started
 Container fleet_frontend  Starting
 Container fleet_frontend  Started
Чт 11 июн 2026 12:45:02 UTC: Restart command executed.
jq: error (at <stdin>:1): Cannot index array with string "services"
Чт 11 июн 2026 12:50:01 UTC: Service db is DOWN! Attempting restart...
Чт 11 июн 2026 12:50:01 UTC: Service backend is DOWN! Attempting restart...
Чт 11 июн 2026 12:50:01 UTC: Service frontend is DOWN! Attempting restart...
 Container fleet_backend  Running
 Container fleet_frontend  Created
 Container fleet_db  Starting
 Container fleet_db  Started
 Container fleet_frontend  Starting
 Container fleet_frontend  Started
Чт 11 июн 2026 12:50:02 UTC: Restart command executed.
jq: error (at <stdin>:1): Cannot index array with string "services"
Чт 11 июн 2026 12:55:01 UTC: Service db is DOWN! Attempting restart...
Чт 11 июн 2026 12:55:01 UTC: Service backend is DOWN! Attempting restart...
Чт 11 июн 2026 12:55:01 UTC: Service frontend is DOWN! Attempting restart...
 Container fleet_backend  Running
 Container fleet_frontend  Created
 Container fleet_db  Starting
 Container fleet_db  Started
 Container fleet_frontend  Starting
 Container fleet_frontend  Started
Чт 11 июн 2026 12:55:02 UTC: Restart command executed.
jq: error (at <stdin>:1): Cannot index array with string "services"
Чт 11 июн 2026 13:00:01 UTC: Service db is DOWN! Attempting restart...
Чт 11 июн 2026 13:00:01 UTC: Service backend is DOWN! Attempting restart...
Чт 11 июн 2026 13:00:01 UTC: Service frontend is DOWN! Attempting restart...
 Container fleet_backend  Running
 Container fleet_frontend  Created
 Container fleet_db  Starting
 Container fleet_db  Started
 Container fleet_frontend  Starting
 Container fleet_frontend  Started
Чт 11 июн 2026 13:00:02 UTC: Restart command executed.
jq: error (at <stdin>:1): Cannot index array with string "services"
Чт 11 июн 2026 13:05:02 UTC: Service db is DOWN! Attempting restart...
Чт 11 июн 2026 13:05:02 UTC: Service backend is DOWN! Attempting restart...
Чт 11 июн 2026 13:05:02 UTC: Service frontend is DOWN! Attempting restart...
 Container fleet_backend  Running
 Container fleet_frontend  Created
 Container fleet_db  Starting
 Container fleet_db  Started
 Container fleet_frontend  Starting
 Container fleet_frontend  Started
Чт 11 июн 2026 13:05:03 UTC: Restart command executed.
jq: error (at <stdin>:1): Cannot index array with string "services"
Чт 11 июн 2026 13:10:01 UTC: Service db is DOWN! Attempting restart...
Чт 11 июн 2026 13:10:01 UTC: Service backend is DOWN! Attempting restart...
Чт 11 июн 2026 13:10:01 UTC: Service frontend is DOWN! Attempting restart...
 Container fleet_backend  Running
 Container fleet_frontend  Created
 Container fleet_db  Starting
 Container fleet_db  Started
 Container fleet_frontend  Starting
 Container fleet_frontend  Started
Чт 11 июн 2026 13:10:02 UTC: Restart command executed.
jq: error (at <stdin>:1): Cannot index array with string "services"
Чт 11 июн 2026 13:15:01 UTC: Service db is DOWN! Attempting restart...
Чт 11 июн 2026 13:15:01 UTC: Service backend is DOWN! Attempting restart...
Чт 11 июн 2026 13:15:01 UTC: Service frontend is DOWN! Attempting restart...
 Container fleet_backend  Running
 Container fleet_frontend  Created
 Container fleet_db  Starting
 Container fleet_db  Started
 Container fleet_frontend  Starting
 Container fleet_frontend  Started
Чт 11 июн 2026 13:15:02 UTC: Restart command executed.
jq: error (at <stdin>:1): Cannot index array with string "services"
Чт 11 июн 2026 13:20:01 UTC: Service db is DOWN! Attempting restart...
Чт 11 июн 2026 13:20:01 UTC: Service backend is DOWN! Attempting restart...
Чт 11 июн 2026 13:20:01 UTC: Service frontend is DOWN! Attempting restart...
 Container fleet_backend  Running
 Container fleet_frontend  Created
 Container fleet_db  Starting
 Container fleet_db  Started
 Container fleet_frontend  Starting
 Container fleet_frontend  Started
Чт 11 июн 2026 13:20:02 UTC: Restart command executed.
jq: error (at <stdin>:1): Cannot index array with string "services"
Чт 11 июн 2026 13:25:01 UTC: Service db is DOWN! Attempting restart...
Чт 11 июн 2026 13:25:01 UTC: Service backend is DOWN! Attempting restart...
Чт 11 июн 2026 13:25:01 UTC: Service frontend is DOWN! Attempting restart...
 Container fleet_backend  Running
 Container fleet_frontend  Created
 Container fleet_db  Starting
 Container fleet_db  Started
 Container fleet_frontend  Starting
 Container fleet_frontend  Started
Чт 11 июн 2026 13:25:02 UTC: Restart command executed.
jq: error (at <stdin>:1): Cannot index array with string "services"
Чт 11 июн 2026 13:30:01 UTC: Service db is DOWN! Attempting restart...
Чт 11 июн 2026 13:30:01 UTC: Service backend is DOWN! Attempting restart...
Чт 11 июн 2026 13:30:01 UTC: Service frontend is DOWN! Attempting restart...
 Container fleet_backend  Running
 Container fleet_frontend  Created
 Container fleet_db  Starting
 Container fleet_db  Started
 Container fleet_frontend  Starting
 Container fleet_frontend  Started
Чт 11 июн 2026 13:30:02 UTC: Restart command executed.
jq: error (at <stdin>:1): Cannot index array with string "services"
Чт 11 июн 2026 13:35:01 UTC: Service db is DOWN! Attempting restart...
Чт 11 июн 2026 13:35:01 UTC: Service backend is DOWN! Attempting restart...
Чт 11 июн 2026 13:35:01 UTC: Service frontend is DOWN! Attempting restart...
 Container fleet_backend  Running
 Container fleet_frontend  Created
 Container fleet_db  Starting
 Container fleet_db  Started
 Container fleet_frontend  Starting
 Container fleet_frontend  Started
Чт 11 июн 2026 13:35:02 UTC: Restart command executed.
jq: error (at <stdin>:1): Cannot index array with string "services"
Чт 11 июн 2026 13:40:01 UTC: Service db is DOWN! Attempting restart...
Чт 11 июн 2026 13:40:01 UTC: Service backend is DOWN! Attempting restart...
Чт 11 июн 2026 13:40:01 UTC: Service frontend is DOWN! Attempting restart...
 Container fleet_backend  Running
 Container fleet_frontend  Created
 Container fleet_db  Starting
 Container fleet_db  Started
 Container fleet_frontend  Starting
 Container fleet_frontend  Started
Чт 11 июн 2026 13:40:02 UTC: Restart command executed.
jq: error (at <stdin>:1): Cannot index array with string "services"
Чт 11 июн 2026 13:45:02 UTC: Service db is DOWN! Attempting restart...
Чт 11 июн 2026 13:45:02 UTC: Service backend is DOWN! Attempting restart...
Чт 11 июн 2026 13:45:02 UTC: Service frontend is DOWN! Attempting restart...
 Container fleet_backend  Running
 Container fleet_frontend  Created
 Container fleet_db  Starting
 Container fleet_db  Started
 Container fleet_frontend  Starting
 Container fleet_frontend  Started
Чт 11 июн 2026 13:45:03 UTC: Restart command executed.
jq: error (at <stdin>:1): Cannot index array with string "services"
Чт 11 июн 2026 13:50:01 UTC: Service db is DOWN! Attempting restart...
Чт 11 июн 2026 13:50:01 UTC: Service backend is DOWN! Attempting restart...
Чт 11 июн 2026 13:50:01 UTC: Service frontend is DOWN! Attempting restart...
 Container fleet_backend  Running
 Container fleet_frontend  Created
 Container fleet_db  Starting
 Container fleet_db  Started
 Container fleet_frontend  Starting
 Container fleet_frontend  Started
Чт 11 июн 2026 13:50:02 UTC: Restart command executed.
jq: error (at <stdin>:1): Cannot index array with string "services"
Чт 11 июн 2026 13:55:01 UTC: Service db is DOWN! Attempting restart...
Чт 11 июн 2026 13:55:01 UTC: Service backend is DOWN! Attempting restart...
Чт 11 июн 2026 13:55:01 UTC: Service frontend is DOWN! Attempting restart...
 Container fleet_backend  Running
 Container fleet_frontend  Created
 Container fleet_db  Starting
 Container fleet_db  Started
 Container fleet_frontend  Starting
 Container fleet_frontend  Started
Чт 11 июн 2026 13:55:02 UTC: Restart command executed.
jq: error (at <stdin>:1): Cannot index array with string "services"
Чт 11 июн 2026 14:00:01 UTC: Service db is DOWN! Attempting restart...
Чт 11 июн 2026 14:00:01 UTC: Service backend is DOWN! Attempting restart...
Чт 11 июн 2026 14:00:01 UTC: Service frontend is DOWN! Attempting restart...
 Container fleet_backend  Running
 Container fleet_frontend  Created
 Container fleet_db  Starting
 Container fleet_db  Started
 Container fleet_frontend  Starting
 Container fleet_frontend  Started
Чт 11 июн 2026 14:00:02 UTC: Restart command executed.
jq: error (at <stdin>:1): Cannot index array with string "services"
Чт 11 июн 2026 14:05:01 UTC: Service db is DOWN! Attempting restart...
Чт 11 июн 2026 14:05:01 UTC: Service backend is DOWN! Attempting restart...
Чт 11 июн 2026 14:05:01 UTC: Service frontend is DOWN! Attempting restart...
 Container fleet_backend  Running
 Container fleet_frontend  Created
 Container fleet_db  Starting
 Container fleet_db  Started
 Container fleet_frontend  Starting
 Container fleet_frontend  Started
Чт 11 июн 2026 14:05:02 UTC: Restart command executed.
jq: error (at <stdin>:1): Cannot index array with string "services"
Чт 11 июн 2026 14:10:01 UTC: Service db is DOWN! Attempting restart...
Чт 11 июн 2026 14:10:01 UTC: Service backend is DOWN! Attempting restart...
Чт 11 июн 2026 14:10:01 UTC: Service frontend is DOWN! Attempting restart...
 Container fleet_backend  Running
 Container fleet_frontend  Created
 Container fleet_db  Starting
 Container fleet_db  Started
 Container fleet_frontend  Starting
 Container fleet_frontend  Started
Чт 11 июн 2026 14:10:02 UTC: Restart command executed.
jq: error (at <stdin>:1): Cannot index array with string "services"
Чт 11 июн 2026 14:15:01 UTC: Service db is DOWN! Attempting restart...
Чт 11 июн 2026 14:15:01 UTC: Service backend is DOWN! Attempting restart...
Чт 11 июн 2026 14:15:01 UTC: Service frontend is DOWN! Attempting restart...
 Container fleet_backend  Running
 Container fleet_frontend  Created
 Container fleet_db  Starting
 Container fleet_db  Started
 Container fleet_frontend  Starting
 Container fleet_frontend  Started
Чт 11 июн 2026 14:15:02 UTC: Restart command executed.
jq: error (at <stdin>:1): Cannot index array with string "services"
Чт 11 июн 2026 14:20:01 UTC: Service db is DOWN! Attempting restart...
Чт 11 июн 2026 14:20:01 UTC: Service backend is DOWN! Attempting restart...
Чт 11 июн 2026 14:20:01 UTC: Service frontend is DOWN! Attempting restart...
 Container fleet_backend  Running
 Container fleet_frontend  Created
 Container fleet_db  Starting
 Container fleet_db  Started
 Container fleet_frontend  Starting
 Container fleet_frontend  Started
Чт 11 июн 2026 14:20:02 UTC: Restart command executed.
jq: error (at <stdin>:1): Cannot index array with string "services"
Чт 11 июн 2026 14:25:01 UTC: Service db is DOWN! Attempting restart...
Чт 11 июн 2026 14:25:01 UTC: Service backend is DOWN! Attempting restart...
Чт 11 июн 2026 14:25:01 UTC: Service frontend is DOWN! Attempting restart...
 Container fleet_backend  Running
 Container fleet_frontend  Created
 Container fleet_db  Starting
 Container fleet_db  Started
 Container fleet_frontend  Starting
 Container fleet_frontend  Started
Чт 11 июн 2026 14:25:02 UTC: Restart command executed.
jq: error (at <stdin>:1): Cannot index array with string "services"
Чт 11 июн 2026 14:30:02 UTC: Service db is DOWN! Attempting restart...
Чт 11 июн 2026 14:30:02 UTC: Service backend is DOWN! Attempting restart...
Чт 11 июн 2026 14:30:02 UTC: Service frontend is DOWN! Attempting restart...
 Container fleet_backend  Running
 Container fleet_frontend  Created
 Container fleet_db  Starting
 Container fleet_db  Started
 Container fleet_frontend  Starting
 Container fleet_frontend  Started
Чт 11 июн 2026 14:30:03 UTC: Restart command executed.
jq: error (at <stdin>:1): Cannot index array with string "services"
Чт 11 июн 2026 14:35:01 UTC: Service db is DOWN! Attempting restart...
Чт 11 июн 2026 14:35:01 UTC: Service backend is DOWN! Attempting restart...
Чт 11 июн 2026 14:35:01 UTC: Service frontend is DOWN! Attempting restart...
 Container fleet_backend  Running
 Container fleet_frontend  Created
 Container fleet_db  Starting
 Container fleet_db  Started
 Container fleet_frontend  Starting
 Container fleet_frontend  Started
Чт 11 июн 2026 14:35:02 UTC: Restart command executed.
jq: error (at <stdin>:1): Cannot index array with string "services"
Чт 11 июн 2026 14:40:01 UTC: Service db is DOWN! Attempting restart...
Чт 11 июн 2026 14:40:01 UTC: Service backend is DOWN! Attempting restart...
Чт 11 июн 2026 14:40:01 UTC: Service frontend is DOWN! Attempting restart...
 Container fleet_backend  Running
 Container fleet_frontend  Created
 Container fleet_db  Starting
 Container fleet_db  Started
 Container fleet_frontend  Starting
 Container fleet_frontend  Started
Чт 11 июн 2026 14:40:02 UTC: Restart command executed.
jq: error (at <stdin>:1): Cannot index array with string "services"
Чт 11 июн 2026 14:45:01 UTC: Service db is DOWN! Attempting restart...
Чт 11 июн 2026 14:45:01 UTC: Service backend is DOWN! Attempting restart...
Чт 11 июн 2026 14:45:01 UTC: Service frontend is DOWN! Attempting restart...
 Container fleet_backend  Running
 Container fleet_frontend  Created
 Container fleet_db  Starting
 Container fleet_db  Started
 Container fleet_frontend  Starting
 Container fleet_frontend  Started
Чт 11 июн 2026 14:45:02 UTC: Restart command executed.
jq: error (at <stdin>:1): Cannot index array with string "services"
Чт 11 июн 2026 14:50:01 UTC: Service db is DOWN! Attempting restart...
Чт 11 июн 2026 14:50:01 UTC: Service backend is DOWN! Attempting restart...
Чт 11 июн 2026 14:50:01 UTC: Service frontend is DOWN! Attempting restart...
 Container fleet_backend  Running
 Container fleet_frontend  Created
 Container fleet_db  Starting
 Container fleet_db  Started
 Container fleet_frontend  Starting
 Container fleet_frontend  Started
Чт 11 июн 2026 14:50:02 UTC: Restart command executed.
jq: error (at <stdin>:1): Cannot index array with string "services"
Чт 11 июн 2026 14:55:01 UTC: Service db is DOWN! Attempting restart...
Чт 11 июн 2026 14:55:01 UTC: Service backend is DOWN! Attempting restart...
Чт 11 июн 2026 14:55:01 UTC: Service frontend is DOWN! Attempting restart...
 Container fleet_backend  Running
 Container fleet_frontend  Created
 Container fleet_db  Starting
 Container fleet_db  Started
 Container fleet_frontend  Starting
 Container fleet_frontend  Started
Чт 11 июн 2026 14:55:02 UTC: Restart command executed.
jq: error (at <stdin>:1): Cannot index array with string "services"
Чт 11 июн 2026 15:00:01 UTC: Service db is DOWN! Attempting restart...
Чт 11 июн 2026 15:00:01 UTC: Service backend is DOWN! Attempting restart...
Чт 11 июн 2026 15:00:01 UTC: Service frontend is DOWN! Attempting restart...
 Container fleet_backend  Running
 Container fleet_frontend  Created
 Container fleet_db  Starting
 Container fleet_db  Started
 Container fleet_frontend  Starting
 Container fleet_frontend  Started
Чт 11 июн 2026 15:00:02 UTC: Restart command executed.
jq: error (at <stdin>:1): Cannot index array with string "services"
Чт 11 июн 2026 15:05:02 UTC: Service db is DOWN! Attempting restart...
Чт 11 июн 2026 15:05:02 UTC: Service backend is DOWN! Attempting restart...
Чт 11 июн 2026 15:05:02 UTC: Service frontend is DOWN! Attempting restart...
 Container fleet_backend  Running
 Container fleet_frontend  Created
 Container fleet_db  Starting
 Container fleet_db  Started
 Container fleet_frontend  Starting
 Container fleet_frontend  Started
Чт 11 июн 2026 15:05:02 UTC: Restart command executed.
jq: error (at <stdin>:1): Cannot index array with string "services"
Чт 11 июн 2026 15:10:02 UTC: Service db is DOWN! Attempting restart...
Чт 11 июн 2026 15:10:02 UTC: Service backend is DOWN! Attempting restart...
Чт 11 июн 2026 15:10:02 UTC: Service frontend is DOWN! Attempting restart...
 Container fleet_backend  Running
 Container fleet_frontend  Created
 Container fleet_db  Starting
 Container fleet_db  Started
 Container fleet_frontend  Starting
 Container fleet_frontend  Started
Чт 11 июн 2026 15:10:03 UTC: Restart command executed.
jq: error (at <stdin>:1): Cannot index array with string "services"
Чт 11 июн 2026 15:15:01 UTC: Service db is DOWN! Attempting restart...
Чт 11 июн 2026 15:15:01 UTC: Service backend is DOWN! Attempting restart...
Чт 11 июн 2026 15:15:01 UTC: Service frontend is DOWN! Attempting restart...
 Container fleet_backend  Running
 Container fleet_frontend  Created
 Container fleet_db  Starting
 Container fleet_db  Started
 Container fleet_frontend  Starting
 Container fleet_frontend  Started
Чт 11 июн 2026 15:15:02 UTC: Restart command executed.
jq: error (at <stdin>:1): Cannot index array with string "services"
Чт 11 июн 2026 15:20:01 UTC: Service db is DOWN! Attempting restart...
Чт 11 июн 2026 15:20:01 UTC: Service backend is DOWN! Attempting restart...
Чт 11 июн 2026 15:20:01 UTC: Service frontend is DOWN! Attempting restart...
 Container fleet_backend  Running
 Container fleet_frontend  Created
 Container fleet_db  Starting
 Container fleet_db  Started
 Container fleet_frontend  Starting
 Container fleet_frontend  Started
Чт 11 июн 2026 15:20:02 UTC: Restart command executed.
jq: error (at <stdin>:1): Cannot index array with string "services"
Чт 11 июн 2026 15:25:01 UTC: Service db is DOWN! Attempting restart...
Чт 11 июн 2026 15:25:01 UTC: Service backend is DOWN! Attempting restart...
Чт 11 июн 2026 15:25:01 UTC: Service frontend is DOWN! Attempting restart...
 Container fleet_backend  Running
 Container fleet_frontend  Created
 Container fleet_db  Starting
 Container fleet_db  Started
 Container fleet_frontend  Starting
 Container fleet_frontend  Started
Чт 11 июн 2026 15:25:02 UTC: Restart command executed.
jq: error (at <stdin>:1): Cannot index array with string "services"
Чт 11 июн 2026 15:30:01 UTC: Service db is DOWN! Attempting restart...
Чт 11 июн 2026 15:30:01 UTC: Service backend is DOWN! Attempting restart...
Чт 11 июн 2026 15:30:01 UTC: Service frontend is DOWN! Attempting restart...
 Container fleet_backend  Running
 Container fleet_frontend  Created
 Container fleet_db  Starting
 Container fleet_db  Started
 Container fleet_frontend  Starting
 Container fleet_frontend  Started
Чт 11 июн 2026 15:30:02 UTC: Restart command executed.
jq: error (at <stdin>:1): Cannot index array with string "services"
Чт 11 июн 2026 15:35:02 UTC: Service db is DOWN! Attempting restart...
Чт 11 июн 2026 15:35:02 UTC: Service backend is DOWN! Attempting restart...
Чт 11 июн 2026 15:35:02 UTC: Service frontend is DOWN! Attempting restart...
 Container fleet_backend  Running
 Container fleet_frontend  Created
 Container fleet_db  Starting
 Container fleet_db  Started
 Container fleet_frontend  Starting
 Container fleet_frontend  Started
Чт 11 июн 2026 15:35:02 UTC: Restart command executed.
jq: error (at <stdin>:1): Cannot index array with string "services"
Чт 11 июн 2026 15:40:02 UTC: Service db is DOWN! Attempting restart...
Чт 11 июн 2026 15:40:02 UTC: Service backend is DOWN! Attempting restart...
Чт 11 июн 2026 15:40:02 UTC: Service frontend is DOWN! Attempting restart...
 Container fleet_backend  Running
 Container fleet_frontend  Created
 Container fleet_db  Starting
 Container fleet_db  Started
 Container fleet_frontend  Starting
 Container fleet_frontend  Started
Чт 11 июн 2026 15:40:03 UTC: Restart command executed.
jq: error (at <stdin>:1): Cannot index array with string "services"
Чт 11 июн 2026 15:45:01 UTC: Service db is DOWN! Attempting restart...
Чт 11 июн 2026 15:45:01 UTC: Service backend is DOWN! Attempting restart...
Чт 11 июн 2026 15:45:01 UTC: Service frontend is DOWN! Attempting restart...
 Container fleet_backend  Running
 Container fleet_frontend  Created
 Container fleet_db  Starting
 Container fleet_db  Started
 Container fleet_frontend  Starting
 Container fleet_frontend  Started
Чт 11 июн 2026 15:45:02 UTC: Restart command executed.
jq: error (at <stdin>:1): Cannot index array with string "services"
Чт 11 июн 2026 15:50:01 UTC: Service db is DOWN! Attempting restart...
Чт 11 июн 2026 15:50:01 UTC: Service backend is DOWN! Attempting restart...
Чт 11 июн 2026 15:50:01 UTC: Service frontend is DOWN! Attempting restart...
 Container fleet_backend  Running
 Container fleet_frontend  Created
 Container fleet_db  Starting
 Container fleet_db  Started
 Container fleet_frontend  Starting
 Container fleet_frontend  Started
Чт 11 июн 2026 15:50:02 UTC: Restart command executed.
jq: error (at <stdin>:1): Cannot index array with string "services"
Чт 11 июн 2026 15:55:01 UTC: Service db is DOWN! Attempting restart...
Чт 11 июн 2026 15:55:01 UTC: Service backend is DOWN! Attempting restart...
Чт 11 июн 2026 15:55:01 UTC: Service frontend is DOWN! Attempting restart...
 Container fleet_backend  Running
 Container fleet_frontend  Created
 Container fleet_db  Starting
 Container fleet_db  Started
 Container fleet_frontend  Starting
 Container fleet_frontend  Started
Чт 11 июн 2026 15:55:02 UTC: Restart command executed.
jq: error (at <stdin>:1): Cannot index array with string "services"
Чт 11 июн 2026 16:00:01 UTC: Service db is DOWN! Attempting restart...
Чт 11 июн 2026 16:00:01 UTC: Service backend is DOWN! Attempting restart...
Чт 11 июн 2026 16:00:01 UTC: Service frontend is DOWN! Attempting restart...
 Container fleet_backend  Running
 Container fleet_frontend  Created
 Container fleet_db  Starting
 Container fleet_db  Started
 Container fleet_frontend  Starting
 Container fleet_frontend  Started
Чт 11 июн 2026 16:00:02 UTC: Restart command executed.
jq: error (at <stdin>:1): Cannot index array with string "services"
Чт 11 июн 2026 16:05:01 UTC: Service db is DOWN! Attempting restart...
Чт 11 июн 2026 16:05:01 UTC: Service backend is DOWN! Attempting restart...
Чт 11 июн 2026 16:05:01 UTC: Service frontend is DOWN! Attempting restart...
 Container fleet_backend  Running
 Container fleet_frontend  Created
 Container fleet_db  Starting
 Container fleet_db  Started
 Container fleet_frontend  Starting
 Container fleet_frontend  Started
Чт 11 июн 2026 16:05:02 UTC: Restart command executed.
jq: error (at <stdin>:1): Cannot index array with string "services"
Чт 11 июн 2026 16:10:02 UTC: Service db is DOWN! Attempting restart...
Чт 11 июн 2026 16:10:02 UTC: Service backend is DOWN! Attempting restart...
Чт 11 июн 2026 16:10:02 UTC: Service frontend is DOWN! Attempting restart...
 Container fleet_backend  Running
 Container fleet_frontend  Created
 Container fleet_db  Starting
 Container fleet_db  Started
 Container fleet_frontend  Starting
 Container fleet_frontend  Started
Чт 11 июн 2026 16:10:03 UTC: Restart command executed.
jq: error (at <stdin>:1): Cannot index array with string "services"
Чт 11 июн 2026 16:15:01 UTC: Service db is DOWN! Attempting restart...
Чт 11 июн 2026 16:15:01 UTC: Service backend is DOWN! Attempting restart...
Чт 11 июн 2026 16:15:01 UTC: Service frontend is DOWN! Attempting restart...
 Container fleet_backend  Running
 Container fleet_frontend  Created
 Container fleet_db  Starting
 Container fleet_db  Started
 Container fleet_frontend  Starting
 Container fleet_frontend  Started
Чт 11 июн 2026 16:15:02 UTC: Restart command executed.
jq: error (at <stdin>:1): Cannot index array with string "services"
Чт 11 июн 2026 16:20:01 UTC: Service db is DOWN! Attempting restart...
Чт 11 июн 2026 16:20:01 UTC: Service backend is DOWN! Attempting restart...
Чт 11 июн 2026 16:20:01 UTC: Service frontend is DOWN! Attempting restart...
 Container fleet_backend  Running
 Container fleet_frontend  Created
 Container fleet_db  Starting
 Container fleet_db  Started
 Container fleet_frontend  Starting
 Container fleet_frontend  Started
Чт 11 июн 2026 16:20:02 UTC: Restart command executed.
jq: error (at <stdin>:1): Cannot index array with string "services"
Чт 11 июн 2026 16:25:01 UTC: Service db is DOWN! Attempting restart...
Чт 11 июн 2026 16:25:01 UTC: Service backend is DOWN! Attempting restart...
Чт 11 июн 2026 16:25:01 UTC: Service frontend is DOWN! Attempting restart...
 Container fleet_backend  Running
 Container fleet_frontend  Created
 Container fleet_db  Starting
 Container fleet_db  Started
 Container fleet_frontend  Starting
 Container fleet_frontend  Started
Чт 11 июн 2026 16:25:02 UTC: Restart command executed.
jq: error (at <stdin>:1): Cannot index array with string "services"
Чт 11 июн 2026 16:30:01 UTC: Service db is DOWN! Attempting restart...
Чт 11 июн 2026 16:30:01 UTC: Service backend is DOWN! Attempting restart...
Чт 11 июн 2026 16:30:01 UTC: Service frontend is DOWN! Attempting restart...
 Container fleet_backend  Running
 Container fleet_frontend  Created
 Container fleet_db  Starting
 Container fleet_db  Started
 Container fleet_frontend  Starting
 Container fleet_frontend  Started
Чт 11 июн 2026 16:30:02 UTC: Restart command executed.
jq: error (at <stdin>:1): Cannot index array with string "services"
Чт 11 июн 2026 16:35:01 UTC: Service db is DOWN! Attempting restart...
Чт 11 июн 2026 16:35:01 UTC: Service backend is DOWN! Attempting restart...
Чт 11 июн 2026 16:35:01 UTC: Service frontend is DOWN! Attempting restart...
 Container fleet_backend  Running
 Container fleet_frontend  Created
 Container fleet_db  Starting
 Container fleet_db  Started
 Container fleet_frontend  Starting
 Container fleet_frontend  Started
Чт 11 июн 2026 16:35:02 UTC: Restart command executed.
jq: error (at <stdin>:1): Cannot index array with string "services"
Чт 11 июн 2026 16:40:01 UTC: Service db is DOWN! Attempting restart...
Чт 11 июн 2026 16:40:01 UTC: Service backend is DOWN! Attempting restart...
Чт 11 июн 2026 16:40:01 UTC: Service frontend is DOWN! Attempting restart...
 Container fleet_backend  Running
 Container fleet_frontend  Created
 Container fleet_db  Starting
 Container fleet_db  Started
 Container fleet_frontend  Starting
 Container fleet_frontend  Started
Чт 11 июн 2026 16:40:02 UTC: Restart command executed.
jq: error (at <stdin>:1): Cannot index array with string "services"
Чт 11 июн 2026 16:45:02 UTC: Service db is DOWN! Attempting restart...
Чт 11 июн 2026 16:45:02 UTC: Service backend is DOWN! Attempting restart...
Чт 11 июн 2026 16:45:02 UTC: Service frontend is DOWN! Attempting restart...
 Container fleet_backend  Running
 Container fleet_frontend  Created
 Container fleet_db  Starting
 Container fleet_db  Started
 Container fleet_frontend  Starting
 Container fleet_frontend  Started
Чт 11 июн 2026 16:45:03 UTC: Restart command executed.
jq: error (at <stdin>:1): Cannot index array with string "services"
Чт 11 июн 2026 16:50:01 UTC: Service db is DOWN! Attempting restart...
Чт 11 июн 2026 16:50:01 UTC: Service backend is DOWN! Attempting restart...
Чт 11 июн 2026 16:50:01 UTC: Service frontend is DOWN! Attempting restart...
 Container fleet_backend  Running
 Container fleet_frontend  Created
 Container fleet_db  Starting
 Container fleet_db  Started
 Container fleet_frontend  Starting
 Container fleet_frontend  Started
Чт 11 июн 2026 16:50:02 UTC: Restart command executed.
jq: error (at <stdin>:1): Cannot index array with string "services"
Чт 11 июн 2026 16:55:01 UTC: Service db is DOWN! Attempting restart...
Чт 11 июн 2026 16:55:01 UTC: Service backend is DOWN! Attempting restart...
Чт 11 июн 2026 16:55:01 UTC: Service frontend is DOWN! Attempting restart...
 Container fleet_backend  Running
 Container fleet_frontend  Created
 Container fleet_db  Starting
 Container fleet_db  Started
 Container fleet_frontend  Starting
 Container fleet_frontend  Started
Чт 11 июн 2026 16:55:02 UTC: Restart command executed.
jq: error (at <stdin>:1): Cannot index array with string "services"
Чт 11 июн 2026 17:00:01 UTC: Service db is DOWN! Attempting restart...
Чт 11 июн 2026 17:00:01 UTC: Service backend is DOWN! Attempting restart...
Чт 11 июн 2026 17:00:01 UTC: Service frontend is DOWN! Attempting restart...
 Container fleet_backend  Running
 Container fleet_frontend  Created
 Container fleet_db  Starting
 Container fleet_db  Started
 Container fleet_frontend  Starting
 Container fleet_frontend  Started
Чт 11 июн 2026 17:00:02 UTC: Restart command executed.
jq: error (at <stdin>:1): Cannot index array with string "services"
Чт 11 июн 2026 17:05:01 UTC: Service db is DOWN! Attempting restart...
Чт 11 июн 2026 17:05:01 UTC: Service backend is DOWN! Attempting restart...
Чт 11 июн 2026 17:05:01 UTC: Service frontend is DOWN! Attempting restart...
 Container fleet_backend  Running
 Container fleet_frontend  Created
 Container fleet_db  Starting
 Container fleet_db  Started
 Container fleet_frontend  Starting
 Container fleet_frontend  Started
Чт 11 июн 2026 17:05:02 UTC: Restart command executed.
jq: error (at <stdin>:1): Cannot index array with string "services"
Чт 11 июн 2026 17:10:01 UTC: Service db is DOWN! Attempting restart...
Чт 11 июн 2026 17:10:01 UTC: Service backend is DOWN! Attempting restart...
Чт 11 июн 2026 17:10:01 UTC: Service frontend is DOWN! Attempting restart...
 Container fleet_backend  Running
 Container fleet_frontend  Created
 Container fleet_db  Starting
 Container fleet_db  Started
 Container fleet_frontend  Starting
 Container fleet_frontend  Started
Чт 11 июн 2026 17:10:02 UTC: Restart command executed.
jq: error (at <stdin>:1): Cannot index array with string "services"
Чт 11 июн 2026 17:15:01 UTC: Service db is DOWN! Attempting restart...
Чт 11 июн 2026 17:15:01 UTC: Service backend is DOWN! Attempting restart...
Чт 11 июн 2026 17:15:01 UTC: Service frontend is DOWN! Attempting restart...
 Container fleet_backend  Running
 Container fleet_frontend  Created
 Container fleet_db  Starting
 Container fleet_db  Started
 Container fleet_frontend  Starting
 Container fleet_frontend  Started
Чт 11 июн 2026 17:15:02 UTC: Restart command executed.
jq: error (at <stdin>:1): Cannot index array with string "services"
Чт 11 июн 2026 17:20:01 UTC: Service db is DOWN! Attempting restart...
Чт 11 июн 2026 17:20:01 UTC: Service backend is DOWN! Attempting restart...
Чт 11 июн 2026 17:20:01 UTC: Service frontend is DOWN! Attempting restart...
 Container fleet_backend  Running
 Container fleet_frontend  Created
 Container fleet_db  Starting
 Container fleet_db  Started
 Container fleet_frontend  Starting
 Container fleet_frontend  Started
Чт 11 июн 2026 17:20:02 UTC: Restart command executed.
jq: error (at <stdin>:1): Cannot index array with string "services"
Чт 11 июн 2026 17:25:01 UTC: Service db is DOWN! Attempting restart...
Чт 11 июн 2026 17:25:01 UTC: Service backend is DOWN! Attempting restart...
Чт 11 июн 2026 17:25:01 UTC: Service frontend is DOWN! Attempting restart...
 Container fleet_backend  Running
 Container fleet_frontend  Created
 Container fleet_db  Starting
 Container fleet_db  Started
 Container fleet_frontend  Starting
 Container fleet_frontend  Started
Чт 11 июн 2026 17:25:02 UTC: Restart command executed.
jq: error (at <stdin>:1): Cannot index array with string "services"
Чт 11 июн 2026 17:30:02 UTC: Service db is DOWN! Attempting restart...
Чт 11 июн 2026 17:30:02 UTC: Service backend is DOWN! Attempting restart...
Чт 11 июн 2026 17:30:02 UTC: Service frontend is DOWN! Attempting restart...
 Container fleet_backend  Running
 Container fleet_frontend  Created
 Container fleet_db  Starting
 Container fleet_db  Started
 Container fleet_frontend  Starting
 Container fleet_frontend  Started
Чт 11 июн 2026 17:30:03 UTC: Restart command executed.
jq: error (at <stdin>:1): Cannot index array with string "services"
Чт 11 июн 2026 17:35:01 UTC: Service db is DOWN! Attempting restart...
Чт 11 июн 2026 17:35:01 UTC: Service backend is DOWN! Attempting restart...
Чт 11 июн 2026 17:35:01 UTC: Service frontend is DOWN! Attempting restart...
 Container fleet_backend  Running
 Container fleet_frontend  Created
 Container fleet_db  Starting
 Container fleet_db  Started
 Container fleet_frontend  Starting
 Container fleet_frontend  Started
Чт 11 июн 2026 17:35:02 UTC: Restart command executed.
jq: error (at <stdin>:1): Cannot index array with string "services"
Чт 11 июн 2026 17:40:01 UTC: Service db is DOWN! Attempting restart...
Чт 11 июн 2026 17:40:01 UTC: Service backend is DOWN! Attempting restart...
Чт 11 июн 2026 17:40:01 UTC: Service frontend is DOWN! Attempting restart...
 Container fleet_backend  Running
 Container fleet_frontend  Created
 Container fleet_db  Starting
 Container fleet_db  Started
 Container fleet_frontend  Starting
 Container fleet_frontend  Started
Чт 11 июн 2026 17:40:02 UTC: Restart command executed.
jq: error (at <stdin>:1): Cannot index array with string "services"
Чт 11 июн 2026 17:45:01 UTC: Service db is DOWN! Attempting restart...
Чт 11 июн 2026 17:45:01 UTC: Service backend is DOWN! Attempting restart...
Чт 11 июн 2026 17:45:01 UTC: Service frontend is DOWN! Attempting restart...
 Container fleet_backend  Running
 Container fleet_frontend  Created
 Container fleet_db  Starting
 Container fleet_db  Started
 Container fleet_frontend  Starting
 Container fleet_frontend  Started
Чт 11 июн 2026 17:45:02 UTC: Restart command executed.
jq: error (at <stdin>:1): Cannot index array with string "services"
Чт 11 июн 2026 17:50:01 UTC: Service db is DOWN! Attempting restart...
Чт 11 июн 2026 17:50:01 UTC: Service backend is DOWN! Attempting restart...
Чт 11 июн 2026 17:50:01 UTC: Service frontend is DOWN! Attempting restart...
 Container fleet_backend  Running
 Container fleet_frontend  Created
 Container fleet_db  Starting
 Container fleet_db  Started
 Container fleet_frontend  Starting
 Container fleet_frontend  Started
Чт 11 июн 2026 17:50:02 UTC: Restart command executed.
jq: error (at <stdin>:1): Cannot index array with string "services"
Чт 11 июн 2026 17:55:01 UTC: Service db is DOWN! Attempting restart...
Чт 11 июн 2026 17:55:01 UTC: Service backend is DOWN! Attempting restart...
Чт 11 июн 2026 17:55:01 UTC: Service frontend is DOWN! Attempting restart...
 Container fleet_backend  Running
 Container fleet_frontend  Created
 Container fleet_db  Starting
 Container fleet_db  Started
 Container fleet_frontend  Starting
 Container fleet_frontend  Started
Чт 11 июн 2026 17:55:02 UTC: Restart command executed.
jq: error (at <stdin>:1): Cannot index array with string "services"
Чт 11 июн 2026 18:00:01 UTC: Service db is DOWN! Attempting restart...
Чт 11 июн 2026 18:00:01 UTC: Service backend is DOWN! Attempting restart...
Чт 11 июн 2026 18:00:01 UTC: Service frontend is DOWN! Attempting restart...
 Container fleet_backend  Running
 Container fleet_frontend  Created
 Container fleet_db  Starting
 Container fleet_db  Started
 Container fleet_frontend  Starting
 Container fleet_frontend  Started
Чт 11 июн 2026 18:00:02 UTC: Restart command executed.
jq: error (at <stdin>:1): Cannot index array with string "services"
Чт 11 июн 2026 18:05:01 UTC: Service db is DOWN! Attempting restart...
Чт 11 июн 2026 18:05:01 UTC: Service backend is DOWN! Attempting restart...
Чт 11 июн 2026 18:05:01 UTC: Service frontend is DOWN! Attempting restart...
 Container fleet_backend  Running
 Container fleet_frontend  Created
 Container fleet_db  Starting
 Container fleet_db  Started
 Container fleet_frontend  Starting
 Container fleet_frontend  Started
Чт 11 июн 2026 18:05:02 UTC: Restart command executed.
jq: error (at <stdin>:1): Cannot index array with string "services"
Чт 11 июн 2026 18:10:01 UTC: Service db is DOWN! Attempting restart...
Чт 11 июн 2026 18:10:01 UTC: Service backend is DOWN! Attempting restart...
Чт 11 июн 2026 18:10:01 UTC: Service frontend is DOWN! Attempting restart...
 Container fleet_backend  Running
 Container fleet_frontend  Created
 Container fleet_db  Starting
 Container fleet_db  Started
 Container fleet_frontend  Starting
 Container fleet_frontend  Started
Чт 11 июн 2026 18:10:02 UTC: Restart command executed.
jq: error (at <stdin>:1): Cannot index array with string "services"
Чт 11 июн 2026 18:15:02 UTC: Service db is DOWN! Attempting restart...
Чт 11 июн 2026 18:15:02 UTC: Service backend is DOWN! Attempting restart...
Чт 11 июн 2026 18:15:02 UTC: Service frontend is DOWN! Attempting restart...
 Container fleet_backend  Running
 Container fleet_frontend  Created
 Container fleet_db  Starting
 Container fleet_db  Started
 Container fleet_frontend  Starting
 Container fleet_frontend  Started
Чт 11 июн 2026 18:15:03 UTC: Restart command executed.
jq: error (at <stdin>:1): Cannot index array with string "services"
Чт 11 июн 2026 18:20:01 UTC: Service db is DOWN! Attempting restart...
Чт 11 июн 2026 18:20:01 UTC: Service backend is DOWN! Attempting restart...
Чт 11 июн 2026 18:20:01 UTC: Service frontend is DOWN! Attempting restart...
 Container fleet_backend  Running
 Container fleet_frontend  Created
 Container fleet_db  Starting
 Container fleet_db  Started
 Container fleet_frontend  Starting
 Container fleet_frontend  Started
Чт 11 июн 2026 18:20:02 UTC: Restart command executed.
jq: error (at <stdin>:1): Cannot index array with string "services"
Чт 11 июн 2026 18:25:01 UTC: Service db is DOWN! Attempting restart...
Чт 11 июн 2026 18:25:01 UTC: Service backend is DOWN! Attempting restart...
Чт 11 июн 2026 18:25:01 UTC: Service frontend is DOWN! Attempting restart...
 Container fleet_backend  Running
 Container fleet_frontend  Created
 Container fleet_db  Starting
 Container fleet_db  Started
 Container fleet_frontend  Starting
 Container fleet_frontend  Started
Чт 11 июн 2026 18:25:02 UTC: Restart command executed.
jq: error (at <stdin>:1): Cannot index array with string "services"
Чт 11 июн 2026 18:30:01 UTC: Service db is DOWN! Attempting restart...
Чт 11 июн 2026 18:30:01 UTC: Service backend is DOWN! Attempting restart...
Чт 11 июн 2026 18:30:01 UTC: Service frontend is DOWN! Attempting restart...
 Container fleet_backend  Running
 Container fleet_frontend  Created
 Container fleet_db  Starting
 Container fleet_db  Started
 Container fleet_frontend  Starting
 Container fleet_frontend  Started
Чт 11 июн 2026 18:30:02 UTC: Restart command executed.
jq: error (at <stdin>:1): Cannot index array with string "services"
Чт 11 июн 2026 18:35:01 UTC: Service db is DOWN! Attempting restart...
Чт 11 июн 2026 18:35:01 UTC: Service backend is DOWN! Attempting restart...
Чт 11 июн 2026 18:35:01 UTC: Service frontend is DOWN! Attempting restart...
 Container fleet_backend  Running
 Container fleet_frontend  Created
 Container fleet_db  Starting
 Container fleet_db  Started
 Container fleet_frontend  Starting
 Container fleet_frontend  Started
Чт 11 июн 2026 18:35:02 UTC: Restart command executed.
jq: error (at <stdin>:1): Cannot index array with string "services"
Чт 11 июн 2026 18:40:01 UTC: Service db is DOWN! Attempting restart...
Чт 11 июн 2026 18:40:01 UTC: Service backend is DOWN! Attempting restart...
Чт 11 июн 2026 18:40:01 UTC: Service frontend is DOWN! Attempting restart...
 Container fleet_backend  Running
 Container fleet_frontend  Created
 Container fleet_db  Starting
 Container fleet_db  Started
 Container fleet_frontend  Starting
 Container fleet_frontend  Started
Чт 11 июн 2026 18:40:02 UTC: Restart command executed.
jq: error (at <stdin>:1): Cannot index array with string "services"
Чт 11 июн 2026 18:45:01 UTC: Service db is DOWN! Attempting restart...
Чт 11 июн 2026 18:45:01 UTC: Service backend is DOWN! Attempting restart...
Чт 11 июн 2026 18:45:01 UTC: Service frontend is DOWN! Attempting restart...
 Container fleet_backend  Running
 Container fleet_frontend  Created
 Container fleet_db  Starting
 Container fleet_db  Started
 Container fleet_frontend  Starting
 Container fleet_frontend  Started
Чт 11 июн 2026 18:45:02 UTC: Restart command executed.
jq: error (at <stdin>:1): Cannot index array with string "services"
Чт 11 июн 2026 18:50:01 UTC: Service db is DOWN! Attempting restart...
Чт 11 июн 2026 18:50:01 UTC: Service backend is DOWN! Attempting restart...
Чт 11 июн 2026 18:50:01 UTC: Service frontend is DOWN! Attempting restart...
 Container fleet_backend  Running
 Container fleet_frontend  Created
 Container fleet_db  Starting
 Container fleet_db  Started
 Container fleet_frontend  Starting
 Container fleet_frontend  Started
Чт 11 июн 2026 18:50:02 UTC: Restart command executed.
jq: error (at <stdin>:1): Cannot index array with string "services"
Чт 11 июн 2026 18:55:01 UTC: Service db is DOWN! Attempting restart...
Чт 11 июн 2026 18:55:01 UTC: Service backend is DOWN! Attempting restart...
Чт 11 июн 2026 18:55:01 UTC: Service frontend is DOWN! Attempting restart...
 Container fleet_backend  Running
 Container fleet_frontend  Created
 Container fleet_db  Starting
 Container fleet_db  Started
 Container fleet_frontend  Starting
 Container fleet_frontend  Started
Чт 11 июн 2026 18:55:02 UTC: Restart command executed.
jq: error (at <stdin>:1): Cannot index array with string "services"
Чт 11 июн 2026 19:00:02 UTC: Service db is DOWN! Attempting restart...
Чт 11 июн 2026 19:00:02 UTC: Service backend is DOWN! Attempting restart...
Чт 11 июн 2026 19:00:02 UTC: Service frontend is DOWN! Attempting restart...
 Container fleet_backend  Running
 Container fleet_frontend  Created
 Container fleet_db  Starting
 Container fleet_db  Started
 Container fleet_frontend  Starting
 Container fleet_frontend  Started
Чт 11 июн 2026 19:00:02 UTC: Restart command executed.
jq: error (at <stdin>:1): Cannot index array with string "services"
Чт 11 июн 2026 19:05:02 UTC: Service db is DOWN! Attempting restart...
Чт 11 июн 2026 19:05:02 UTC: Service backend is DOWN! Attempting restart...
Чт 11 июн 2026 19:05:02 UTC: Service frontend is DOWN! Attempting restart...
 Container fleet_backend  Running
 Container fleet_frontend  Created
 Container fleet_db  Starting
 Container fleet_db  Started
 Container fleet_frontend  Starting
 Container fleet_frontend  Started
Чт 11 июн 2026 19:05:03 UTC: Restart command executed.
jq: error (at <stdin>:1): Cannot index array with string "services"
Чт 11 июн 2026 19:10:01 UTC: Service db is DOWN! Attempting restart...
Чт 11 июн 2026 19:10:01 UTC: Service backend is DOWN! Attempting restart...
Чт 11 июн 2026 19:10:01 UTC: Service frontend is DOWN! Attempting restart...
 Container fleet_backend  Running
 Container fleet_frontend  Created
 Container fleet_db  Starting
 Container fleet_db  Started
 Container fleet_frontend  Starting
 Container fleet_frontend  Started
Чт 11 июн 2026 19:10:02 UTC: Restart command executed.
jq: error (at <stdin>:1): Cannot index array with string "services"
Чт 11 июн 2026 19:15:01 UTC: Service db is DOWN! Attempting restart...
Чт 11 июн 2026 19:15:01 UTC: Service backend is DOWN! Attempting restart...
Чт 11 июн 2026 19:15:01 UTC: Service frontend is DOWN! Attempting restart...
 Container fleet_backend  Running
 Container fleet_frontend  Created
 Container fleet_db  Starting
 Container fleet_db  Started
 Container fleet_frontend  Starting
 Container fleet_frontend  Started
Чт 11 июн 2026 19:15:02 UTC: Restart command executed.
jq: error (at <stdin>:1): Cannot index array with string "services"
Чт 11 июн 2026 19:20:01 UTC: Service db is DOWN! Attempting restart...
Чт 11 июн 2026 19:20:01 UTC: Service backend is DOWN! Attempting restart...
Чт 11 июн 2026 19:20:01 UTC: Service frontend is DOWN! Attempting restart...
 Container fleet_backend  Running
 Container fleet_frontend  Created
 Container fleet_db  Starting
 Container fleet_db  Started
 Container fleet_frontend  Starting
 Container fleet_frontend  Started
Чт 11 июн 2026 19:20:02 UTC: Restart command executed.
jq: error (at <stdin>:1): Cannot index array with string "services"
Чт 11 июн 2026 19:25:01 UTC: Service db is DOWN! Attempting restart...
Чт 11 июн 2026 19:25:01 UTC: Service backend is DOWN! Attempting restart...
Чт 11 июн 2026 19:25:01 UTC: Service frontend is DOWN! Attempting restart...
 Container fleet_backend  Running
 Container fleet_frontend  Created
 Container fleet_db  Starting
 Container fleet_db  Started
 Container fleet_frontend  Starting
 Container fleet_frontend  Started
Чт 11 июн 2026 19:25:02 UTC: Restart command executed.
jq: error (at <stdin>:1): Cannot index array with string "services"
Чт 11 июн 2026 19:30:01 UTC: Service db is DOWN! Attempting restart...
Чт 11 июн 2026 19:30:01 UTC: Service backend is DOWN! Attempting restart...
Чт 11 июн 2026 19:30:01 UTC: Service frontend is DOWN! Attempting restart...
 Container fleet_backend  Running
 Container fleet_frontend  Created
 Container fleet_db  Starting
 Container fleet_db  Started
 Container fleet_frontend  Starting
 Container fleet_frontend  Started
Чт 11 июн 2026 19:30:02 UTC: Restart command executed.
jq: error (at <stdin>:1): Cannot index array with string "services"
Чт 11 июн 2026 19:35:01 UTC: Service db is DOWN! Attempting restart...
Чт 11 июн 2026 19:35:01 UTC: Service backend is DOWN! Attempting restart...
Чт 11 июн 2026 19:35:01 UTC: Service frontend is DOWN! Attempting restart...
 Container fleet_backend  Running
 Container fleet_frontend  Created
 Container fleet_db  Starting
 Container fleet_db  Started
 Container fleet_frontend  Starting
 Container fleet_frontend  Started
Чт 11 июн 2026 19:35:02 UTC: Restart command executed.
jq: error (at <stdin>:1): Cannot index array with string "services"
Чт 11 июн 2026 19:40:01 UTC: Service db is DOWN! Attempting restart...
Чт 11 июн 2026 19:40:01 UTC: Service backend is DOWN! Attempting restart...
Чт 11 июн 2026 19:40:01 UTC: Service frontend is DOWN! Attempting restart...
 Container fleet_backend  Running
 Container fleet_frontend  Created
 Container fleet_db  Starting
 Container fleet_db  Started
 Container fleet_frontend  Starting
 Container fleet_frontend  Started
Чт 11 июн 2026 19:40:02 UTC: Restart command executed.
jq: error (at <stdin>:1): Cannot index array with string "services"
Чт 11 июн 2026 19:45:02 UTC: Service db is DOWN! Attempting restart...
Чт 11 июн 2026 19:45:02 UTC: Service backend is DOWN! Attempting restart...
Чт 11 июн 2026 19:45:02 UTC: Service frontend is DOWN! Attempting restart...
 Container fleet_backend  Running
 Container fleet_frontend  Created
 Container fleet_db  Starting
 Container fleet_db  Started
 Container fleet_frontend  Starting
 Container fleet_frontend  Started
Чт 11 июн 2026 19:45:02 UTC: Restart command executed.
jq: error (at <stdin>:1): Cannot index array with string "services"
Чт 11 июн 2026 19:50:02 UTC: Service db is DOWN! Attempting restart...
Чт 11 июн 2026 19:50:02 UTC: Service backend is DOWN! Attempting restart...
Чт 11 июн 2026 19:50:02 UTC: Service frontend is DOWN! Attempting restart...
 Container fleet_backend  Running
 Container fleet_frontend  Created
 Container fleet_db  Starting
 Container fleet_db  Started
 Container fleet_frontend  Starting
 Container fleet_frontend  Started
Чт 11 июн 2026 19:50:03 UTC: Restart command executed.
jq: error (at <stdin>:1): Cannot index array with string "services"
Чт 11 июн 2026 19:55:01 UTC: Service db is DOWN! Attempting restart...
Чт 11 июн 2026 19:55:01 UTC: Service backend is DOWN! Attempting restart...
Чт 11 июн 2026 19:55:01 UTC: Service frontend is DOWN! Attempting restart...
 Container fleet_backend  Running
 Container fleet_frontend  Created
 Container fleet_db  Starting
 Container fleet_db  Started
 Container fleet_frontend  Starting
 Container fleet_frontend  Started
Чт 11 июн 2026 19:55:02 UTC: Restart command executed.
jq: error (at <stdin>:1): Cannot index array with string "services"
Чт 11 июн 2026 20:00:01 UTC: Service db is DOWN! Attempting restart...
Чт 11 июн 2026 20:00:01 UTC: Service backend is DOWN! Attempting restart...
Чт 11 июн 2026 20:00:01 UTC: Service frontend is DOWN! Attempting restart...
 Container fleet_backend  Running
 Container fleet_frontend  Created
 Container fleet_db  Starting
 Container fleet_db  Started
 Container fleet_frontend  Starting
 Container fleet_frontend  Started
Чт 11 июн 2026 20:00:02 UTC: Restart command executed.
jq: error (at <stdin>:1): Cannot index array with string "services"
Чт 11 июн 2026 20:05:01 UTC: Service db is DOWN! Attempting restart...
Чт 11 июн 2026 20:05:01 UTC: Service backend is DOWN! Attempting restart...
Чт 11 июн 2026 20:05:01 UTC: Service frontend is DOWN! Attempting restart...
 Container fleet_backend  Running
 Container fleet_frontend  Created
 Container fleet_db  Starting
 Container fleet_db  Started
 Container fleet_frontend  Starting
 Container fleet_frontend  Started
Чт 11 июн 2026 20:05:02 UTC: Restart command executed.
jq: error (at <stdin>:1): Cannot index array with string "services"
Чт 11 июн 2026 20:10:01 UTC: Service db is DOWN! Attempting restart...
Чт 11 июн 2026 20:10:01 UTC: Service backend is DOWN! Attempting restart...
Чт 11 июн 2026 20:10:01 UTC: Service frontend is DOWN! Attempting restart...
 Container fleet_backend  Running
 Container fleet_frontend  Created
 Container fleet_db  Starting
 Container fleet_db  Started
 Container fleet_frontend  Starting
 Container fleet_frontend  Started
Чт 11 июн 2026 20:10:02 UTC: Restart command executed.
jq: error (at <stdin>:1): Cannot index array with string "services"
Чт 11 июн 2026 20:15:01 UTC: Service db is DOWN! Attempting restart...
Чт 11 июн 2026 20:15:01 UTC: Service backend is DOWN! Attempting restart...
Чт 11 июн 2026 20:15:01 UTC: Service frontend is DOWN! Attempting restart...
 Container fleet_backend  Running
 Container fleet_frontend  Created
 Container fleet_db  Starting
 Container fleet_db  Started
 Container fleet_frontend  Starting
 Container fleet_frontend  Started
Чт 11 июн 2026 20:15:02 UTC: Restart command executed.
jq: error (at <stdin>:1): Cannot index array with string "services"
Чт 11 июн 2026 20:20:01 UTC: Service db is DOWN! Attempting restart...
Чт 11 июн 2026 20:20:01 UTC: Service backend is DOWN! Attempting restart...
Чт 11 июн 2026 20:20:01 UTC: Service frontend is DOWN! Attempting restart...
 Container fleet_backend  Running
 Container fleet_frontend  Created
 Container fleet_db  Starting
 Container fleet_db  Started
 Container fleet_frontend  Starting
 Container fleet_frontend  Started
Чт 11 июн 2026 20:20:02 UTC: Restart command executed.
jq: error (at <stdin>:1): Cannot index array with string "services"
Чт 11 июн 2026 20:25:01 UTC: Service db is DOWN! Attempting restart...
Чт 11 июн 2026 20:25:01 UTC: Service backend is DOWN! Attempting restart...
Чт 11 июн 2026 20:25:01 UTC: Service frontend is DOWN! Attempting restart...
 Container fleet_backend  Running
 Container fleet_frontend  Created
 Container fleet_db  Starting
 Container fleet_db  Started
 Container fleet_frontend  Starting
 Container fleet_frontend  Started
Чт 11 июн 2026 20:25:02 UTC: Restart command executed.
jq: error (at <stdin>:1): Cannot index array with string "services"
Чт 11 июн 2026 20:30:01 UTC: Service db is DOWN! Attempting restart...
Чт 11 июн 2026 20:30:01 UTC: Service backend is DOWN! Attempting restart...
Чт 11 июн 2026 20:30:01 UTC: Service frontend is DOWN! Attempting restart...
 Container fleet_backend  Running
 Container fleet_frontend  Created
 Container fleet_db  Starting
 Container fleet_db  Started
 Container fleet_frontend  Starting
 Container fleet_frontend  Started
Чт 11 июн 2026 20:30:02 UTC: Restart command executed.
jq: error (at <stdin>:1): Cannot index array with string "services"
Чт 11 июн 2026 20:35:02 UTC: Service db is DOWN! Attempting restart...
Чт 11 июн 2026 20:35:02 UTC: Service backend is DOWN! Attempting restart...
Чт 11 июн 2026 20:35:02 UTC: Service frontend is DOWN! Attempting restart...
 Container fleet_backend  Running
 Container fleet_frontend  Created
 Container fleet_db  Starting
 Container fleet_db  Started
 Container fleet_frontend  Starting
 Container fleet_frontend  Started
Чт 11 июн 2026 20:35:03 UTC: Restart command executed.
jq: error (at <stdin>:1): Cannot index array with string "services"
Чт 11 июн 2026 20:40:01 UTC: Service db is DOWN! Attempting restart...
Чт 11 июн 2026 20:40:01 UTC: Service backend is DOWN! Attempting restart...
Чт 11 июн 2026 20:40:01 UTC: Service frontend is DOWN! Attempting restart...
 Container fleet_backend  Running
 Container fleet_frontend  Created
 Container fleet_db  Starting
 Container fleet_db  Started
 Container fleet_frontend  Starting
 Container fleet_frontend  Started
Чт 11 июн 2026 20:40:02 UTC: Restart command executed.
jq: error (at <stdin>:1): Cannot index array with string "services"
Чт 11 июн 2026 20:45:01 UTC: Service db is DOWN! Attempting restart...
Чт 11 июн 2026 20:45:01 UTC: Service backend is DOWN! Attempting restart...
Чт 11 июн 2026 20:45:01 UTC: Service frontend is DOWN! Attempting restart...
 Container fleet_backend  Running
 Container fleet_frontend  Created
 Container fleet_db  Starting
 Container fleet_db  Started
 Container fleet_frontend  Starting
 Container fleet_frontend  Started
Чт 11 июн 2026 20:45:02 UTC: Restart command executed.
jq: error (at <stdin>:1): Cannot index array with string "services"
Чт 11 июн 2026 20:50:01 UTC: Service db is DOWN! Attempting restart...
Чт 11 июн 2026 20:50:01 UTC: Service backend is DOWN! Attempting restart...
Чт 11 июн 2026 20:50:01 UTC: Service frontend is DOWN! Attempting restart...
 Container fleet_backend  Running
 Container fleet_frontend  Created
 Container fleet_db  Starting
 Container fleet_db  Started
 Container fleet_frontend  Starting
 Container fleet_frontend  Started
Чт 11 июн 2026 20:50:02 UTC: Restart command executed.
jq: error (at <stdin>:1): Cannot index array with string "services"
Чт 11 июн 2026 20:55:01 UTC: Service db is DOWN! Attempting restart...
Чт 11 июн 2026 20:55:01 UTC: Service backend is DOWN! Attempting restart...
Чт 11 июн 2026 20:55:01 UTC: Service frontend is DOWN! Attempting restart...
 Container fleet_backend  Running
 Container fleet_frontend  Created
 Container fleet_db  Starting
 Container fleet_db  Started
 Container fleet_frontend  Starting
 Container fleet_frontend  Started
Чт 11 июн 2026 20:55:02 UTC: Restart command executed.
jq: error (at <stdin>:1): Cannot index array with string "services"
Чт 11 июн 2026 21:00:01 UTC: Service db is DOWN! Attempting restart...
Чт 11 июн 2026 21:00:01 UTC: Service backend is DOWN! Attempting restart...
Чт 11 июн 2026 21:00:01 UTC: Service frontend is DOWN! Attempting restart...
 Container fleet_backend  Running
 Container fleet_frontend  Created
 Container fleet_db  Starting
 Container fleet_db  Started
 Container fleet_frontend  Starting
 Container fleet_frontend  Started
Чт 11 июн 2026 21:00:02 UTC: Restart command executed.
jq: error (at <stdin>:1): Cannot index array with string "services"
Чт 11 июн 2026 21:05:01 UTC: Service db is DOWN! Attempting restart...
Чт 11 июн 2026 21:05:01 UTC: Service backend is DOWN! Attempting restart...
Чт 11 июн 2026 21:05:01 UTC: Service frontend is DOWN! Attempting restart...
 Container fleet_backend  Running
 Container fleet_frontend  Created
 Container fleet_db  Starting
 Container fleet_db  Started
 Container fleet_frontend  Starting
 Container fleet_frontend  Started
Чт 11 июн 2026 21:05:02 UTC: Restart command executed.
jq: error (at <stdin>:1): Cannot index array with string "services"
Чт 11 июн 2026 21:10:01 UTC: Service db is DOWN! Attempting restart...
Чт 11 июн 2026 21:10:01 UTC: Service backend is DOWN! Attempting restart...
Чт 11 июн 2026 21:10:01 UTC: Service frontend is DOWN! Attempting restart...
 Container fleet_backend  Running
 Container fleet_frontend  Created
 Container fleet_db  Starting
 Container fleet_db  Started
 Container fleet_frontend  Starting
 Container fleet_frontend  Started
Чт 11 июн 2026 21:10:02 UTC: Restart command executed.
jq: error (at <stdin>:1): Cannot index array with string "services"
Чт 11 июн 2026 21:15:01 UTC: Service db is DOWN! Attempting restart...
Чт 11 июн 2026 21:15:01 UTC: Service backend is DOWN! Attempting restart...
Чт 11 июн 2026 21:15:01 UTC: Service frontend is DOWN! Attempting restart...
 Container fleet_backend  Running
 Container fleet_frontend  Created
 Container fleet_db  Starting
 Container fleet_db  Started
 Container fleet_frontend  Starting
 Container fleet_frontend  Started
Чт 11 июн 2026 21:15:02 UTC: Restart command executed.
jq: error (at <stdin>:1): Cannot index array with string "services"
Чт 11 июн 2026 21:20:02 UTC: Service db is DOWN! Attempting restart...
Чт 11 июн 2026 21:20:02 UTC: Service backend is DOWN! Attempting restart...
Чт 11 июн 2026 21:20:02 UTC: Service frontend is DOWN! Attempting restart...
 Container fleet_backend  Running
 Container fleet_frontend  Created
 Container fleet_db  Starting
 Container fleet_db  Started
 Container fleet_frontend  Starting
 Container fleet_frontend  Started
Чт 11 июн 2026 21:20:03 UTC: Restart command executed.
jq: error (at <stdin>:1): Cannot index array with string "services"
Чт 11 июн 2026 21:25:01 UTC: Service db is DOWN! Attempting restart...
Чт 11 июн 2026 21:25:01 UTC: Service backend is DOWN! Attempting restart...
Чт 11 июн 2026 21:25:01 UTC: Service frontend is DOWN! Attempting restart...
 Container fleet_backend  Running
 Container fleet_frontend  Created
 Container fleet_db  Starting
 Container fleet_db  Started
 Container fleet_frontend  Starting
 Container fleet_frontend  Started
Чт 11 июн 2026 21:25:02 UTC: Restart command executed.
jq: error (at <stdin>:1): Cannot index array with string "services"
Чт 11 июн 2026 21:30:01 UTC: Service db is DOWN! Attempting restart...
Чт 11 июн 2026 21:30:01 UTC: Service backend is DOWN! Attempting restart...
Чт 11 июн 2026 21:30:01 UTC: Service frontend is DOWN! Attempting restart...
 Container fleet_backend  Running
 Container fleet_frontend  Created
 Container fleet_db  Starting
 Container fleet_db  Started
 Container fleet_frontend  Starting
 Container fleet_frontend  Started
Чт 11 июн 2026 21:30:02 UTC: Restart command executed.
jq: error (at <stdin>:1): Cannot index array with string "services"
Чт 11 июн 2026 21:35:01 UTC: Service db is DOWN! Attempting restart...
Чт 11 июн 2026 21:35:01 UTC: Service backend is DOWN! Attempting restart...
Чт 11 июн 2026 21:35:01 UTC: Service frontend is DOWN! Attempting restart...
 Container fleet_backend  Running
 Container fleet_frontend  Created
 Container fleet_db  Starting
 Container fleet_db  Started
 Container fleet_frontend  Starting
 Container fleet_frontend  Started
Чт 11 июн 2026 21:35:02 UTC: Restart command executed.
jq: error (at <stdin>:1): Cannot index array with string "services"
Чт 11 июн 2026 21:40:01 UTC: Service db is DOWN! Attempting restart...
Чт 11 июн 2026 21:40:01 UTC: Service backend is DOWN! Attempting restart...
Чт 11 июн 2026 21:40:01 UTC: Service frontend is DOWN! Attempting restart...
 Container fleet_backend  Running
 Container fleet_frontend  Created
 Container fleet_db  Starting
 Container fleet_db  Started
 Container fleet_frontend  Starting
 Container fleet_frontend  Started
Чт 11 июн 2026 21:40:02 UTC: Restart command executed.
jq: error (at <stdin>:1): Cannot index array with string "services"
Чт 11 июн 2026 21:45:01 UTC: Service db is DOWN! Attempting restart...
Чт 11 июн 2026 21:45:01 UTC: Service backend is DOWN! Attempting restart...
Чт 11 июн 2026 21:45:01 UTC: Service frontend is DOWN! Attempting restart...
 Container fleet_backend  Running
 Container fleet_frontend  Created
 Container fleet_db  Starting
 Container fleet_db  Started
 Container fleet_frontend  Starting
 Container fleet_frontend  Started
Чт 11 июн 2026 21:45:02 UTC: Restart command executed.
jq: error (at <stdin>:1): Cannot index array with string "services"
Чт 11 июн 2026 21:50:01 UTC: Service db is DOWN! Attempting restart...
Чт 11 июн 2026 21:50:01 UTC: Service backend is DOWN! Attempting restart...
Чт 11 июн 2026 21:50:01 UTC: Service frontend is DOWN! Attempting restart...
 Container fleet_backend  Running
 Container fleet_frontend  Created
 Container fleet_db  Starting
 Container fleet_db  Started
 Container fleet_frontend  Starting
 Container fleet_frontend  Started
Чт 11 июн 2026 21:50:02 UTC: Restart command executed.
jq: error (at <stdin>:1): Cannot index array with string "services"
Чт 11 июн 2026 21:55:01 UTC: Service db is DOWN! Attempting restart...
Чт 11 июн 2026 21:55:01 UTC: Service backend is DOWN! Attempting restart...
Чт 11 июн 2026 21:55:01 UTC: Service frontend is DOWN! Attempting restart...
 Container fleet_backend  Running
 Container fleet_frontend  Created
 Container fleet_db  Starting
 Container fleet_db  Started
 Container fleet_frontend  Starting
 Container fleet_frontend  Started
Чт 11 июн 2026 21:55:02 UTC: Restart command executed.
jq: error (at <stdin>:1): Cannot index array with string "services"
Чт 11 июн 2026 22:00:01 UTC: Service db is DOWN! Attempting restart...
Чт 11 июн 2026 22:00:01 UTC: Service backend is DOWN! Attempting restart...
Чт 11 июн 2026 22:00:01 UTC: Service frontend is DOWN! Attempting restart...
 Container fleet_backend  Running
 Container fleet_frontend  Created
 Container fleet_db  Starting
 Container fleet_db  Started
 Container fleet_frontend  Starting
 Container fleet_frontend  Started
Чт 11 июн 2026 22:00:02 UTC: Restart command executed.
jq: error (at <stdin>:1): Cannot index array with string "services"
Чт 11 июн 2026 22:05:02 UTC: Service db is DOWN! Attempting restart...
Чт 11 июн 2026 22:05:02 UTC: Service backend is DOWN! Attempting restart...
Чт 11 июн 2026 22:05:02 UTC: Service frontend is DOWN! Attempting restart...
 Container fleet_backend  Running
 Container fleet_frontend  Created
 Container fleet_db  Starting
 Container fleet_db  Started
 Container fleet_frontend  Starting
 Container fleet_frontend  Started
Чт 11 июн 2026 22:05:03 UTC: Restart command executed.
jq: error (at <stdin>:1): Cannot index array with string "services"
Чт 11 июн 2026 22:10:01 UTC: Service db is DOWN! Attempting restart...
Чт 11 июн 2026 22:10:01 UTC: Service backend is DOWN! Attempting restart...
Чт 11 июн 2026 22:10:01 UTC: Service frontend is DOWN! Attempting restart...
 Container fleet_backend  Running
 Container fleet_frontend  Created
 Container fleet_db  Starting
 Container fleet_db  Started
 Container fleet_frontend  Starting
 Container fleet_frontend  Started
Чт 11 июн 2026 22:10:02 UTC: Restart command executed.
jq: error (at <stdin>:1): Cannot index array with string "services"
Чт 11 июн 2026 22:15:01 UTC: Service db is DOWN! Attempting restart...
Чт 11 июн 2026 22:15:01 UTC: Service backend is DOWN! Attempting restart...
Чт 11 июн 2026 22:15:01 UTC: Service frontend is DOWN! Attempting restart...
 Container fleet_backend  Running
 Container fleet_frontend  Created
 Container fleet_db  Starting
 Container fleet_db  Started
 Container fleet_frontend  Starting
 Container fleet_frontend  Started
Чт 11 июн 2026 22:15:02 UTC: Restart command executed.
jq: error (at <stdin>:1): Cannot index array with string "services"
Чт 11 июн 2026 22:20:01 UTC: Service db is DOWN! Attempting restart...
Чт 11 июн 2026 22:20:01 UTC: Service backend is DOWN! Attempting restart...
Чт 11 июн 2026 22:20:01 UTC: Service frontend is DOWN! Attempting restart...
 Container fleet_backend  Running
 Container fleet_frontend  Created
 Container fleet_db  Starting
 Container fleet_db  Started
 Container fleet_frontend  Starting
 Container fleet_frontend  Started
Чт 11 июн 2026 22:20:02 UTC: Restart command executed.
jq: error (at <stdin>:1): Cannot index array with string "services"
Чт 11 июн 2026 22:25:01 UTC: Service db is DOWN! Attempting restart...
Чт 11 июн 2026 22:25:01 UTC: Service backend is DOWN! Attempting restart...
Чт 11 июн 2026 22:25:01 UTC: Service frontend is DOWN! Attempting restart...
 Container fleet_backend  Running
 Container fleet_frontend  Created
 Container fleet_db  Starting
 Container fleet_db  Started
 Container fleet_frontend  Starting
 Container fleet_frontend  Started
Чт 11 июн 2026 22:25:02 UTC: Restart command executed.
jq: error (at <stdin>:1): Cannot index array with string "services"
Чт 11 июн 2026 22:30:01 UTC: Service db is DOWN! Attempting restart...
Чт 11 июн 2026 22:30:01 UTC: Service backend is DOWN! Attempting restart...
Чт 11 июн 2026 22:30:01 UTC: Service frontend is DOWN! Attempting restart...
 Container fleet_backend  Running
 Container fleet_frontend  Created
 Container fleet_db  Starting
 Container fleet_db  Started
 Container fleet_frontend  Starting
 Container fleet_frontend  Started
Чт 11 июн 2026 22:30:02 UTC: Restart command executed.
jq: error (at <stdin>:1): Cannot index array with string "services"
Чт 11 июн 2026 22:35:01 UTC: Service db is DOWN! Attempting restart...
Чт 11 июн 2026 22:35:01 UTC: Service backend is DOWN! Attempting restart...
Чт 11 июн 2026 22:35:01 UTC: Service frontend is DOWN! Attempting restart...
 Container fleet_backend  Running
 Container fleet_frontend  Created
 Container fleet_db  Starting
 Container fleet_db  Started
 Container fleet_frontend  Starting
 Container fleet_frontend  Started
Чт 11 июн 2026 22:35:02 UTC: Restart command executed.
jq: error (at <stdin>:1): Cannot index array with string "services"
Чт 11 июн 2026 22:40:01 UTC: Service db is DOWN! Attempting restart...
Чт 11 июн 2026 22:40:01 UTC: Service backend is DOWN! Attempting restart...
Чт 11 июн 2026 22:40:01 UTC: Service frontend is DOWN! Attempting restart...
 Container fleet_backend  Running
 Container fleet_frontend  Created
 Container fleet_db  Starting
 Container fleet_db  Started
 Container fleet_frontend  Starting
 Container fleet_frontend  Started
Чт 11 июн 2026 22:40:02 UTC: Restart command executed.
jq: error (at <stdin>:1): Cannot index array with string "services"
Чт 11 июн 2026 22:45:01 UTC: Service db is DOWN! Attempting restart...
Чт 11 июн 2026 22:45:01 UTC: Service backend is DOWN! Attempting restart...
Чт 11 июн 2026 22:45:01 UTC: Service frontend is DOWN! Attempting restart...
 Container fleet_backend  Running
 Container fleet_frontend  Created
 Container fleet_db  Starting
 Container fleet_db  Started
 Container fleet_frontend  Starting
 Container fleet_frontend  Started
Чт 11 июн 2026 22:45:02 UTC: Restart command executed.
jq: error (at <stdin>:1): Cannot index array with string "services"
Чт 11 июн 2026 22:50:02 UTC: Service db is DOWN! Attempting restart...
Чт 11 июн 2026 22:50:02 UTC: Service backend is DOWN! Attempting restart...
Чт 11 июн 2026 22:50:02 UTC: Service frontend is DOWN! Attempting restart...
 Container fleet_backend  Running
 Container fleet_frontend  Created
 Container fleet_db  Starting
 Container fleet_db  Started
 Container fleet_frontend  Starting
 Container fleet_frontend  Started
Чт 11 июн 2026 22:50:02 UTC: Restart command executed.
jq: error (at <stdin>:1): Cannot index array with string "services"
Чт 11 июн 2026 22:55:02 UTC: Service db is DOWN! Attempting restart...
Чт 11 июн 2026 22:55:02 UTC: Service backend is DOWN! Attempting restart...
Чт 11 июн 2026 22:55:02 UTC: Service frontend is DOWN! Attempting restart...
 Container fleet_backend  Running
 Container fleet_frontend  Created
 Container fleet_db  Starting
 Container fleet_db  Started
 Container fleet_frontend  Starting
 Container fleet_frontend  Started
Чт 11 июн 2026 22:55:03 UTC: Restart command executed.
jq: error (at <stdin>:1): Cannot index array with string "services"
Чт 11 июн 2026 23:00:01 UTC: Service db is DOWN! Attempting restart...
Чт 11 июн 2026 23:00:01 UTC: Service backend is DOWN! Attempting restart...
Чт 11 июн 2026 23:00:01 UTC: Service frontend is DOWN! Attempting restart...
 Container fleet_backend  Running
 Container fleet_frontend  Created
 Container fleet_db  Starting
 Container fleet_db  Started
 Container fleet_frontend  Starting
 Container fleet_frontend  Started
Чт 11 июн 2026 23:00:02 UTC: Restart command executed.
jq: error (at <stdin>:1): Cannot index array with string "services"
Чт 11 июн 2026 23:05:01 UTC: Service db is DOWN! Attempting restart...
Чт 11 июн 2026 23:05:01 UTC: Service backend is DOWN! Attempting restart...
Чт 11 июн 2026 23:05:01 UTC: Service frontend is DOWN! Attempting restart...
 Container fleet_backend  Running
 Container fleet_frontend  Created
 Container fleet_db  Starting
 Container fleet_db  Started
 Container fleet_frontend  Starting
 Container fleet_frontend  Started
Чт 11 июн 2026 23:05:02 UTC: Restart command executed.
jq: error (at <stdin>:1): Cannot index array with string "services"
Чт 11 июн 2026 23:10:01 UTC: Service db is DOWN! Attempting restart...
Чт 11 июн 2026 23:10:01 UTC: Service backend is DOWN! Attempting restart...
Чт 11 июн 2026 23:10:01 UTC: Service frontend is DOWN! Attempting restart...
 Container fleet_backend  Running
 Container fleet_frontend  Created
 Container fleet_db  Starting
 Container fleet_db  Started
 Container fleet_frontend  Starting
 Container fleet_frontend  Started
Чт 11 июн 2026 23:10:02 UTC: Restart command executed.
jq: error (at <stdin>:1): Cannot index array with string "services"
Чт 11 июн 2026 23:15:01 UTC: Service db is DOWN! Attempting restart...
Чт 11 июн 2026 23:15:01 UTC: Service backend is DOWN! Attempting restart...
Чт 11 июн 2026 23:15:01 UTC: Service frontend is DOWN! Attempting restart...
 Container fleet_backend  Running
 Container fleet_frontend  Created
 Container fleet_db  Starting
 Container fleet_db  Started
 Container fleet_frontend  Starting
 Container fleet_frontend  Started
Чт 11 июн 2026 23:15:02 UTC: Restart command executed.
jq: error (at <stdin>:1): Cannot index array with string "services"
Чт 11 июн 2026 23:20:01 UTC: Service db is DOWN! Attempting restart...
Чт 11 июн 2026 23:20:01 UTC: Service backend is DOWN! Attempting restart...
Чт 11 июн 2026 23:20:01 UTC: Service frontend is DOWN! Attempting restart...
 Container fleet_backend  Running
 Container fleet_frontend  Created
 Container fleet_db  Starting
 Container fleet_db  Started
 Container fleet_frontend  Starting
 Container fleet_frontend  Started
Чт 11 июн 2026 23:20:02 UTC: Restart command executed.
jq: error (at <stdin>:1): Cannot index array with string "services"
Чт 11 июн 2026 23:25:01 UTC: Service db is DOWN! Attempting restart...
Чт 11 июн 2026 23:25:01 UTC: Service backend is DOWN! Attempting restart...
Чт 11 июн 2026 23:25:01 UTC: Service frontend is DOWN! Attempting restart...
 Container fleet_backend  Running
 Container fleet_frontend  Created
 Container fleet_db  Starting
 Container fleet_db  Started
 Container fleet_frontend  Starting
 Container fleet_frontend  Started
Чт 11 июн 2026 23:25:02 UTC: Restart command executed.
jq: error (at <stdin>:1): Cannot index array with string "services"
Чт 11 июн 2026 23:30:01 UTC: Service db is DOWN! Attempting restart...
Чт 11 июн 2026 23:30:01 UTC: Service backend is DOWN! Attempting restart...
Чт 11 июн 2026 23:30:01 UTC: Service frontend is DOWN! Attempting restart...
 Container fleet_backend  Running
 Container fleet_frontend  Created
 Container fleet_db  Starting
 Container fleet_db  Started
 Container fleet_frontend  Starting
 Container fleet_frontend  Started
Чт 11 июн 2026 23:30:02 UTC: Restart command executed.
jq: error (at <stdin>:1): Cannot index array with string "services"
Чт 11 июн 2026 23:35:02 UTC: Service db is DOWN! Attempting restart...
Чт 11 июн 2026 23:35:02 UTC: Service backend is DOWN! Attempting restart...
Чт 11 июн 2026 23:35:02 UTC: Service frontend is DOWN! Attempting restart...
 Container fleet_backend  Running
 Container fleet_frontend  Created
 Container fleet_db  Starting
 Container fleet_db  Started
 Container fleet_frontend  Starting
 Container fleet_frontend  Started
Чт 11 июн 2026 23:35:02 UTC: Restart command executed.
jq: error (at <stdin>:1): Cannot index array with string "services"
Чт 11 июн 2026 23:40:02 UTC: Service db is DOWN! Attempting restart...
Чт 11 июн 2026 23:40:02 UTC: Service backend is DOWN! Attempting restart...
Чт 11 июн 2026 23:40:02 UTC: Service frontend is DOWN! Attempting restart...
 Container fleet_backend  Running
 Container fleet_frontend  Created
 Container fleet_db  Starting
 Container fleet_db  Started
 Container fleet_frontend  Starting
 Container fleet_frontend  Started
Чт 11 июн 2026 23:40:02 UTC: Restart command executed.
jq: error (at <stdin>:1): Cannot index array with string "services"
Чт 11 июн 2026 23:45:02 UTC: Service db is DOWN! Attempting restart...
Чт 11 июн 2026 23:45:02 UTC: Service backend is DOWN! Attempting restart...
Чт 11 июн 2026 23:45:02 UTC: Service frontend is DOWN! Attempting restart...
 Container fleet_backend  Running
 Container fleet_frontend  Created
 Container fleet_db  Starting
 Container fleet_db  Started
 Container fleet_frontend  Starting
 Container fleet_frontend  Started
Чт 11 июн 2026 23:45:03 UTC: Restart command executed.
jq: error (at <stdin>:1): Cannot index array with string "services"
Чт 11 июн 2026 23:50:01 UTC: Service db is DOWN! Attempting restart...
Чт 11 июн 2026 23:50:01 UTC: Service backend is DOWN! Attempting restart...
Чт 11 июн 2026 23:50:01 UTC: Service frontend is DOWN! Attempting restart...
 Container fleet_backend  Running
 Container fleet_frontend  Created
 Container fleet_db  Starting
 Container fleet_db  Started
 Container fleet_frontend  Starting
 Container fleet_frontend  Started
Чт 11 июн 2026 23:50:02 UTC: Restart command executed.
jq: error (at <stdin>:1): Cannot index array with string "services"
Чт 11 июн 2026 23:55:01 UTC: Service db is DOWN! Attempting restart...
Чт 11 июн 2026 23:55:01 UTC: Service backend is DOWN! Attempting restart...
Чт 11 июн 2026 23:55:01 UTC: Service frontend is DOWN! Attempting restart...
 Container fleet_backend  Running
 Container fleet_frontend  Created
 Container fleet_db  Starting
 Container fleet_db  Started
 Container fleet_frontend  Starting
 Container fleet_frontend  Started
Чт 11 июн 2026 23:55:02 UTC: Restart command executed.
jq: error (at <stdin>:1): Cannot index array with string "services"
Пт 12 июн 2026 00:00:01 UTC: Service db is DOWN! Attempting restart...
Пт 12 июн 2026 00:00:01 UTC: Service backend is DOWN! Attempting restart...
Пт 12 июн 2026 00:00:01 UTC: Service frontend is DOWN! Attempting restart...
 Container fleet_backend  Running
 Container fleet_frontend  Created
 Container fleet_db  Starting
 Container fleet_db  Started
 Container fleet_frontend  Starting
 Container fleet_frontend  Started
Пт 12 июн 2026 00:00:02 UTC: Restart command executed.
jq: error (at <stdin>:1): Cannot index array with string "services"
Пт 12 июн 2026 00:05:01 UTC: Service db is DOWN! Attempting restart...
Пт 12 июн 2026 00:05:01 UTC: Service backend is DOWN! Attempting restart...
Пт 12 июн 2026 00:05:01 UTC: Service frontend is DOWN! Attempting restart...
 Container fleet_backend  Running
 Container fleet_frontend  Created
 Container fleet_db  Starting
 Container fleet_db  Started
 Container fleet_frontend  Starting
 Container fleet_frontend  Started
Пт 12 июн 2026 00:05:02 UTC: Restart command executed.
jq: error (at <stdin>:1): Cannot index array with string "services"
Пт 12 июн 2026 00:10:01 UTC: Service db is DOWN! Attempting restart...
Пт 12 июн 2026 00:10:01 UTC: Service backend is DOWN! Attempting restart...
Пт 12 июн 2026 00:10:01 UTC: Service frontend is DOWN! Attempting restart...
 Container fleet_backend  Running
 Container fleet_frontend  Created
 Container fleet_db  Starting
 Container fleet_db  Started
 Container fleet_frontend  Starting
 Container fleet_frontend  Started
Пт 12 июн 2026 00:10:02 UTC: Restart command executed.
jq: error (at <stdin>:1): Cannot index array with string "services"
Пт 12 июн 2026 00:15:01 UTC: Service db is DOWN! Attempting restart...
Пт 12 июн 2026 00:15:01 UTC: Service backend is DOWN! Attempting restart...
Пт 12 июн 2026 00:15:01 UTC: Service frontend is DOWN! Attempting restart...
 Container fleet_backend  Running
 Container fleet_frontend  Created
 Container fleet_db  Starting
 Container fleet_db  Started
 Container fleet_frontend  Starting
 Container fleet_frontend  Started
Пт 12 июн 2026 00:15:02 UTC: Restart command executed.
jq: error (at <stdin>:1): Cannot index array with string "services"
Пт 12 июн 2026 00:20:02 UTC: Service db is DOWN! Attempting restart...
Пт 12 июн 2026 00:20:02 UTC: Service backend is DOWN! Attempting restart...
Пт 12 июн 2026 00:20:02 UTC: Service frontend is DOWN! Attempting restart...
 Container fleet_backend  Running
 Container fleet_frontend  Created
 Container fleet_db  Starting
 Container fleet_db  Started
 Container fleet_frontend  Starting
 Container fleet_frontend  Started
Пт 12 июн 2026 00:20:02 UTC: Restart command executed.
jq: error (at <stdin>:1): Cannot index array with string "services"
Пт 12 июн 2026 00:25:02 UTC: Service db is DOWN! Attempting restart...
Пт 12 июн 2026 00:25:02 UTC: Service backend is DOWN! Attempting restart...
Пт 12 июн 2026 00:25:02 UTC: Service frontend is DOWN! Attempting restart...
 Container fleet_backend  Running
 Container fleet_frontend  Created
 Container fleet_db  Starting
 Container fleet_db  Started
 Container fleet_frontend  Starting
 Container fleet_frontend  Started
Пт 12 июн 2026 00:25:02 UTC: Restart command executed.
jq: error (at <stdin>:1): Cannot index array with string "services"
Пт 12 июн 2026 00:30:01 UTC: Service db is DOWN! Attempting restart...
Пт 12 июн 2026 00:30:01 UTC: Service backend is DOWN! Attempting restart...
Пт 12 июн 2026 00:30:01 UTC: Service frontend is DOWN! Attempting restart...
 Container fleet_backend  Running
 Container fleet_frontend  Created
 Container fleet_db  Starting
 Container fleet_db  Started
 Container fleet_frontend  Starting
 Container fleet_frontend  Started
Пт 12 июн 2026 00:30:02 UTC: Restart command executed.
jq: error (at <stdin>:1): Cannot index array with string "services"
Пт 12 июн 2026 00:35:01 UTC: Service db is DOWN! Attempting restart...
Пт 12 июн 2026 00:35:01 UTC: Service backend is DOWN! Attempting restart...
Пт 12 июн 2026 00:35:01 UTC: Service frontend is DOWN! Attempting restart...
 Container fleet_backend  Running
 Container fleet_frontend  Created
 Container fleet_db  Starting
 Container fleet_db  Started
 Container fleet_frontend  Starting
 Container fleet_frontend  Started
Пт 12 июн 2026 00:35:02 UTC: Restart command executed.
jq: error (at <stdin>:1): Cannot index array with string "services"
Пт 12 июн 2026 00:40:01 UTC: Service db is DOWN! Attempting restart...
Пт 12 июн 2026 00:40:01 UTC: Service backend is DOWN! Attempting restart...
Пт 12 июн 2026 00:40:01 UTC: Service frontend is DOWN! Attempting restart...
 Container fleet_backend  Running
 Container fleet_frontend  Created
 Container fleet_db  Starting
 Container fleet_db  Started
 Container fleet_frontend  Starting
 Container fleet_frontend  Started
Пт 12 июн 2026 00:40:02 UTC: Restart command executed.
jq: error (at <stdin>:1): Cannot index array with string "services"
Пт 12 июн 2026 00:45:01 UTC: Service db is DOWN! Attempting restart...
Пт 12 июн 2026 00:45:01 UTC: Service backend is DOWN! Attempting restart...
Пт 12 июн 2026 00:45:01 UTC: Service frontend is DOWN! Attempting restart...
 Container fleet_backend  Running
 Container fleet_frontend  Created
 Container fleet_db  Starting
 Container fleet_db  Started
 Container fleet_frontend  Starting
 Container fleet_frontend  Started
Пт 12 июн 2026 00:45:02 UTC: Restart command executed.
jq: error (at <stdin>:1): Cannot index array with string "services"
Пт 12 июн 2026 00:50:01 UTC: Service db is DOWN! Attempting restart...
Пт 12 июн 2026 00:50:01 UTC: Service backend is DOWN! Attempting restart...
Пт 12 июн 2026 00:50:01 UTC: Service frontend is DOWN! Attempting restart...
 Container fleet_backend  Running
 Container fleet_frontend  Created
 Container fleet_db  Starting
 Container fleet_db  Started
 Container fleet_frontend  Starting
 Container fleet_frontend  Started
Пт 12 июн 2026 00:50:02 UTC: Restart command executed.
jq: error (at <stdin>:1): Cannot index array with string "services"
Пт 12 июн 2026 00:55:01 UTC: Service db is DOWN! Attempting restart...
Пт 12 июн 2026 00:55:01 UTC: Service backend is DOWN! Attempting restart...
Пт 12 июн 2026 00:55:01 UTC: Service frontend is DOWN! Attempting restart...
 Container fleet_backend  Running
 Container fleet_frontend  Created
 Container fleet_db  Starting
 Container fleet_db  Started
 Container fleet_frontend  Starting
 Container fleet_frontend  Started
Пт 12 июн 2026 00:55:02 UTC: Restart command executed.
jq: error (at <stdin>:1): Cannot index array with string "services"
Пт 12 июн 2026 01:00:01 UTC: Service db is DOWN! Attempting restart...
Пт 12 июн 2026 01:00:01 UTC: Service backend is DOWN! Attempting restart...
Пт 12 июн 2026 01:00:01 UTC: Service frontend is DOWN! Attempting restart...
 Container fleet_backend  Running
 Container fleet_frontend  Created
 Container fleet_db  Starting
 Container fleet_db  Started
 Container fleet_frontend  Starting
 Container fleet_frontend  Started
Пт 12 июн 2026 01:00:02 UTC: Restart command executed.
jq: error (at <stdin>:1): Cannot index array with string "services"
Пт 12 июн 2026 01:05:02 UTC: Service db is DOWN! Attempting restart...
Пт 12 июн 2026 01:05:02 UTC: Service backend is DOWN! Attempting restart...
Пт 12 июн 2026 01:05:02 UTC: Service frontend is DOWN! Attempting restart...
 Container fleet_backend  Running
 Container fleet_frontend  Created
 Container fleet_db  Starting
 Container fleet_db  Started
 Container fleet_frontend  Starting
 Container fleet_frontend  Started
Пт 12 июн 2026 01:05:02 UTC: Restart command executed.
jq: error (at <stdin>:1): Cannot index array with string "services"
Пт 12 июн 2026 01:10:02 UTC: Service db is DOWN! Attempting restart...
Пт 12 июн 2026 01:10:02 UTC: Service backend is DOWN! Attempting restart...
Пт 12 июн 2026 01:10:02 UTC: Service frontend is DOWN! Attempting restart...
 Container fleet_backend  Running
 Container fleet_frontend  Created
 Container fleet_db  Starting
 Container fleet_db  Started
 Container fleet_frontend  Starting
 Container fleet_frontend  Started
Пт 12 июн 2026 01:10:02 UTC: Restart command executed.
jq: error (at <stdin>:1): Cannot index array with string "services"
Пт 12 июн 2026 01:15:02 UTC: Service db is DOWN! Attempting restart...
Пт 12 июн 2026 01:15:02 UTC: Service backend is DOWN! Attempting restart...
Пт 12 июн 2026 01:15:02 UTC: Service frontend is DOWN! Attempting restart...
 Container fleet_backend  Running
 Container fleet_frontend  Created
 Container fleet_db  Starting
 Container fleet_db  Started
 Container fleet_frontend  Starting
 Container fleet_frontend  Started
Пт 12 июн 2026 01:15:03 UTC: Restart command executed.
jq: error (at <stdin>:1): Cannot index array with string "services"
Пт 12 июн 2026 01:20:01 UTC: Service db is DOWN! Attempting restart...
Пт 12 июн 2026 01:20:01 UTC: Service backend is DOWN! Attempting restart...
Пт 12 июн 2026 01:20:01 UTC: Service frontend is DOWN! Attempting restart...
 Container fleet_backend  Running
 Container fleet_frontend  Created
 Container fleet_db  Starting
 Container fleet_db  Started
 Container fleet_frontend  Starting
 Container fleet_frontend  Started
Пт 12 июн 2026 01:20:02 UTC: Restart command executed.
jq: error (at <stdin>:1): Cannot index array with string "services"
Пт 12 июн 2026 01:25:01 UTC: Service db is DOWN! Attempting restart...
Пт 12 июн 2026 01:25:01 UTC: Service backend is DOWN! Attempting restart...
Пт 12 июн 2026 01:25:01 UTC: Service frontend is DOWN! Attempting restart...
 Container fleet_backend  Running
 Container fleet_frontend  Created
 Container fleet_db  Starting
 Container fleet_db  Started
 Container fleet_frontend  Starting
 Container fleet_frontend  Started
Пт 12 июн 2026 01:25:02 UTC: Restart command executed.
jq: error (at <stdin>:1): Cannot index array with string "services"
Пт 12 июн 2026 01:30:01 UTC: Service db is DOWN! Attempting restart...
Пт 12 июн 2026 01:30:01 UTC: Service backend is DOWN! Attempting restart...
Пт 12 июн 2026 01:30:01 UTC: Service frontend is DOWN! Attempting restart...
 Container fleet_backend  Running
 Container fleet_frontend  Created
 Container fleet_db  Starting
 Container fleet_db  Started
 Container fleet_frontend  Starting
 Container fleet_frontend  Started
Пт 12 июн 2026 01:30:02 UTC: Restart command executed.
jq: error (at <stdin>:1): Cannot index array with string "services"
Пт 12 июн 2026 01:35:01 UTC: Service db is DOWN! Attempting restart...
Пт 12 июн 2026 01:35:01 UTC: Service backend is DOWN! Attempting restart...
Пт 12 июн 2026 01:35:01 UTC: Service frontend is DOWN! Attempting restart...
 Container fleet_backend  Running
 Container fleet_frontend  Created
 Container fleet_db  Starting
 Container fleet_db  Started
 Container fleet_frontend  Starting
 Container fleet_frontend  Started
Пт 12 июн 2026 01:35:02 UTC: Restart command executed.
jq: error (at <stdin>:1): Cannot index array with string "services"
Пт 12 июн 2026 01:40:01 UTC: Service db is DOWN! Attempting restart...
Пт 12 июн 2026 01:40:01 UTC: Service backend is DOWN! Attempting restart...
Пт 12 июн 2026 01:40:01 UTC: Service frontend is DOWN! Attempting restart...
 Container fleet_backend  Running
 Container fleet_frontend  Created
 Container fleet_db  Starting
 Container fleet_db  Started
 Container fleet_frontend  Starting
 Container fleet_frontend  Started
Пт 12 июн 2026 01:40:02 UTC: Restart command executed.
jq: error (at <stdin>:1): Cannot index array with string "services"
Пт 12 июн 2026 01:45:01 UTC: Service db is DOWN! Attempting restart...
Пт 12 июн 2026 01:45:01 UTC: Service backend is DOWN! Attempting restart...
Пт 12 июн 2026 01:45:01 UTC: Service frontend is DOWN! Attempting restart...
 Container fleet_backend  Running
 Container fleet_frontend  Created
 Container fleet_db  Starting
 Container fleet_db  Started
 Container fleet_frontend  Starting
 Container fleet_frontend  Started
Пт 12 июн 2026 01:45:02 UTC: Restart command executed.
jq: error (at <stdin>:1): Cannot index array with string "services"
Пт 12 июн 2026 01:50:01 UTC: Service db is DOWN! Attempting restart...
Пт 12 июн 2026 01:50:01 UTC: Service backend is DOWN! Attempting restart...
Пт 12 июн 2026 01:50:01 UTC: Service frontend is DOWN! Attempting restart...
 Container fleet_backend  Running
 Container fleet_frontend  Created
 Container fleet_db  Starting
 Container fleet_db  Started
 Container fleet_frontend  Starting
 Container fleet_frontend  Started
Пт 12 июн 2026 01:50:02 UTC: Restart command executed.
jq: error (at <stdin>:1): Cannot index array with string "services"
Пт 12 июн 2026 01:55:01 UTC: Service db is DOWN! Attempting restart...
Пт 12 июн 2026 01:55:01 UTC: Service backend is DOWN! Attempting restart...
Пт 12 июн 2026 01:55:01 UTC: Service frontend is DOWN! Attempting restart...
 Container fleet_backend  Running
 Container fleet_frontend  Created
 Container fleet_db  Starting
 Container fleet_db  Started
 Container fleet_frontend  Starting
 Container fleet_frontend  Started
Пт 12 июн 2026 01:55:02 UTC: Restart command executed.
jq: error (at <stdin>:1): Cannot index array with string "services"
Пт 12 июн 2026 02:00:02 UTC: Service db is DOWN! Attempting restart...
Пт 12 июн 2026 02:00:02 UTC: Service backend is DOWN! Attempting restart...
Пт 12 июн 2026 02:00:02 UTC: Service frontend is DOWN! Attempting restart...
 Container fleet_backend  Running
 Container fleet_frontend  Created
 Container fleet_db  Starting
 Container fleet_db  Started
 Container fleet_frontend  Starting
 Container fleet_frontend  Started
Пт 12 июн 2026 02:00:03 UTC: Restart command executed.
jq: error (at <stdin>:1): Cannot index array with string "services"
Пт 12 июн 2026 02:05:01 UTC: Service db is DOWN! Attempting restart...
Пт 12 июн 2026 02:05:01 UTC: Service backend is DOWN! Attempting restart...
Пт 12 июн 2026 02:05:01 UTC: Service frontend is DOWN! Attempting restart...
 Container fleet_backend  Running
 Container fleet_frontend  Created
 Container fleet_db  Starting
 Container fleet_db  Started
 Container fleet_frontend  Starting
 Container fleet_frontend  Started
Пт 12 июн 2026 02:05:02 UTC: Restart command executed.
jq: error (at <stdin>:1): Cannot index array with string "services"
Пт 12 июн 2026 02:10:01 UTC: Service db is DOWN! Attempting restart...
Пт 12 июн 2026 02:10:01 UTC: Service backend is DOWN! Attempting restart...
Пт 12 июн 2026 02:10:01 UTC: Service frontend is DOWN! Attempting restart...
 Container fleet_backend  Running
 Container fleet_frontend  Created
 Container fleet_db  Starting
 Container fleet_db  Started
 Container fleet_frontend  Starting
 Container fleet_frontend  Started
Пт 12 июн 2026 02:10:02 UTC: Restart command executed.
jq: error (at <stdin>:1): Cannot index array with string "services"
Пт 12 июн 2026 02:15:01 UTC: Service db is DOWN! Attempting restart...
Пт 12 июн 2026 02:15:01 UTC: Service backend is DOWN! Attempting restart...
Пт 12 июн 2026 02:15:01 UTC: Service frontend is DOWN! Attempting restart...
 Container fleet_backend  Running
 Container fleet_frontend  Created
 Container fleet_db  Starting
 Container fleet_db  Started
 Container fleet_frontend  Starting
 Container fleet_frontend  Started
Пт 12 июн 2026 02:15:02 UTC: Restart command executed.
jq: error (at <stdin>:1): Cannot index array with string "services"
Пт 12 июн 2026 02:20:01 UTC: Service db is DOWN! Attempting restart...
Пт 12 июн 2026 02:20:01 UTC: Service backend is DOWN! Attempting restart...
Пт 12 июн 2026 02:20:01 UTC: Service frontend is DOWN! Attempting restart...
 Container fleet_backend  Running
 Container fleet_frontend  Created
 Container fleet_db  Starting
 Container fleet_db  Started
 Container fleet_frontend  Starting
 Container fleet_frontend  Started
Пт 12 июн 2026 02:20:02 UTC: Restart command executed.
jq: error (at <stdin>:1): Cannot index array with string "services"
Пт 12 июн 2026 02:25:01 UTC: Service db is DOWN! Attempting restart...
Пт 12 июн 2026 02:25:01 UTC: Service backend is DOWN! Attempting restart...
Пт 12 июн 2026 02:25:01 UTC: Service frontend is DOWN! Attempting restart...
 Container fleet_backend  Running
 Container fleet_frontend  Created
 Container fleet_db  Starting
 Container fleet_db  Started
 Container fleet_frontend  Starting
 Container fleet_frontend  Started
Пт 12 июн 2026 02:25:02 UTC: Restart command executed.
jq: error (at <stdin>:1): Cannot index array with string "services"
Пт 12 июн 2026 02:30:01 UTC: Service db is DOWN! Attempting restart...
Пт 12 июн 2026 02:30:01 UTC: Service backend is DOWN! Attempting restart...
Пт 12 июн 2026 02:30:01 UTC: Service frontend is DOWN! Attempting restart...
 Container fleet_backend  Running
 Container fleet_frontend  Created
 Container fleet_db  Starting
 Container fleet_db  Started
 Container fleet_frontend  Starting
 Container fleet_frontend  Started
Пт 12 июн 2026 02:30:02 UTC: Restart command executed.
jq: error (at <stdin>:1): Cannot index array with string "services"
Пт 12 июн 2026 02:35:01 UTC: Service db is DOWN! Attempting restart...
Пт 12 июн 2026 02:35:01 UTC: Service backend is DOWN! Attempting restart...
Пт 12 июн 2026 02:35:01 UTC: Service frontend is DOWN! Attempting restart...
 Container fleet_backend  Running
 Container fleet_frontend  Created
 Container fleet_db  Starting
 Container fleet_db  Started
 Container fleet_frontend  Starting
 Container fleet_frontend  Started
Пт 12 июн 2026 02:35:02 UTC: Restart command executed.
jq: error (at <stdin>:1): Cannot index array with string "services"
Пт 12 июн 2026 02:40:02 UTC: Service db is DOWN! Attempting restart...
Пт 12 июн 2026 02:40:02 UTC: Service backend is DOWN! Attempting restart...
Пт 12 июн 2026 02:40:02 UTC: Service frontend is DOWN! Attempting restart...
 Container fleet_backend  Running
 Container fleet_frontend  Created
 Container fleet_db  Starting
 Container fleet_db  Started
 Container fleet_frontend  Starting
 Container fleet_frontend  Started
Пт 12 июн 2026 02:40:02 UTC: Restart command executed.
jq: error (at <stdin>:1): Cannot index array with string "services"
Пт 12 июн 2026 02:45:02 UTC: Service db is DOWN! Attempting restart...
Пт 12 июн 2026 02:45:02 UTC: Service backend is DOWN! Attempting restart...
Пт 12 июн 2026 02:45:02 UTC: Service frontend is DOWN! Attempting restart...
 Container fleet_backend  Running
 Container fleet_frontend  Created
 Container fleet_db  Starting
 Container fleet_db  Started
 Container fleet_frontend  Starting
 Container fleet_frontend  Started
Пт 12 июн 2026 02:45:03 UTC: Restart command executed.
jq: error (at <stdin>:1): Cannot index array with string "services"
Пт 12 июн 2026 02:50:01 UTC: Service db is DOWN! Attempting restart...
Пт 12 июн 2026 02:50:01 UTC: Service backend is DOWN! Attempting restart...
Пт 12 июн 2026 02:50:01 UTC: Service frontend is DOWN! Attempting restart...
 Container fleet_backend  Running
 Container fleet_frontend  Created
 Container fleet_db  Starting
 Container fleet_db  Started
 Container fleet_frontend  Starting
 Container fleet_frontend  Started
Пт 12 июн 2026 02:50:02 UTC: Restart command executed.
jq: error (at <stdin>:1): Cannot index array with string "services"
Пт 12 июн 2026 02:55:01 UTC: Service db is DOWN! Attempting restart...
Пт 12 июн 2026 02:55:01 UTC: Service backend is DOWN! Attempting restart...
Пт 12 июн 2026 02:55:01 UTC: Service frontend is DOWN! Attempting restart...
 Container fleet_backend  Running
 Container fleet_frontend  Created
 Container fleet_db  Starting
 Container fleet_db  Started
 Container fleet_frontend  Starting
 Container fleet_frontend  Started
Пт 12 июн 2026 02:55:02 UTC: Restart command executed.
jq: error (at <stdin>:1): Cannot index array with string "services"
Пт 12 июн 2026 03:00:01 UTC: Service db is DOWN! Attempting restart...
Пт 12 июн 2026 03:00:01 UTC: Service backend is DOWN! Attempting restart...
Пт 12 июн 2026 03:00:01 UTC: Service frontend is DOWN! Attempting restart...
 Container fleet_backend  Running
 Container fleet_frontend  Created
 Container fleet_db  Starting
 Container fleet_db  Started
 Container fleet_frontend  Starting
 Container fleet_frontend  Started
Пт 12 июн 2026 03:00:02 UTC: Restart command executed.
jq: error (at <stdin>:1): Cannot index array with string "services"
Пт 12 июн 2026 03:05:01 UTC: Service db is DOWN! Attempting restart...
Пт 12 июн 2026 03:05:01 UTC: Service backend is DOWN! Attempting restart...
Пт 12 июн 2026 03:05:01 UTC: Service frontend is DOWN! Attempting restart...
 Container fleet_backend  Running
 Container fleet_frontend  Created
 Container fleet_db  Starting
 Container fleet_db  Started
 Container fleet_frontend  Starting
 Container fleet_frontend  Started
Пт 12 июн 2026 03:05:02 UTC: Restart command executed.
jq: error (at <stdin>:1): Cannot index array with string "services"
Пт 12 июн 2026 03:10:01 UTC: Service db is DOWN! Attempting restart...
Пт 12 июн 2026 03:10:01 UTC: Service backend is DOWN! Attempting restart...
Пт 12 июн 2026 03:10:01 UTC: Service frontend is DOWN! Attempting restart...
 Container fleet_backend  Running
 Container fleet_frontend  Created
 Container fleet_db  Starting
 Container fleet_db  Started
 Container fleet_frontend  Starting
 Container fleet_frontend  Started
Пт 12 июн 2026 03:10:02 UTC: Restart command executed.
jq: error (at <stdin>:1): Cannot index array with string "services"
Пт 12 июн 2026 03:15:01 UTC: Service db is DOWN! Attempting restart...
Пт 12 июн 2026 03:15:01 UTC: Service backend is DOWN! Attempting restart...
Пт 12 июн 2026 03:15:01 UTC: Service frontend is DOWN! Attempting restart...
 Container fleet_backend  Running
 Container fleet_frontend  Created
 Container fleet_db  Starting
 Container fleet_db  Started
 Container fleet_frontend  Starting
 Container fleet_frontend  Started
Пт 12 июн 2026 03:15:02 UTC: Restart command executed.
jq: error (at <stdin>:1): Cannot index array with string "services"
Пт 12 июн 2026 03:20:01 UTC: Service db is DOWN! Attempting restart...
Пт 12 июн 2026 03:20:01 UTC: Service backend is DOWN! Attempting restart...
Пт 12 июн 2026 03:20:01 UTC: Service frontend is DOWN! Attempting restart...
 Container fleet_backend  Running
 Container fleet_frontend  Created
 Container fleet_db  Starting
 Container fleet_db  Started
 Container fleet_frontend  Starting
 Container fleet_frontend  Started
Пт 12 июн 2026 03:20:02 UTC: Restart command executed.
jq: error (at <stdin>:1): Cannot index array with string "services"
Пт 12 июн 2026 03:25:01 UTC: Service db is DOWN! Attempting restart...
Пт 12 июн 2026 03:25:01 UTC: Service backend is DOWN! Attempting restart...
Пт 12 июн 2026 03:25:01 UTC: Service frontend is DOWN! Attempting restart...
 Container fleet_backend  Running
 Container fleet_frontend  Created
 Container fleet_db  Starting
 Container fleet_db  Started
 Container fleet_frontend  Starting
 Container fleet_frontend  Started
Пт 12 июн 2026 03:25:02 UTC: Restart command executed.
jq: error (at <stdin>:1): Cannot index array with string "services"
Пт 12 июн 2026 03:30:02 UTC: Service db is DOWN! Attempting restart...
Пт 12 июн 2026 03:30:02 UTC: Service backend is DOWN! Attempting restart...
Пт 12 июн 2026 03:30:02 UTC: Service frontend is DOWN! Attempting restart...
 Container fleet_backend  Running
 Container fleet_frontend  Created
 Container fleet_db  Starting
 Container fleet_db  Started
 Container fleet_frontend  Starting
 Container fleet_frontend  Started
Пт 12 июн 2026 03:30:03 UTC: Restart command executed.
jq: error (at <stdin>:1): Cannot index array with string "services"
Пт 12 июн 2026 03:35:01 UTC: Service db is DOWN! Attempting restart...
Пт 12 июн 2026 03:35:01 UTC: Service backend is DOWN! Attempting restart...
Пт 12 июн 2026 03:35:01 UTC: Service frontend is DOWN! Attempting restart...
 Container fleet_backend  Running
 Container fleet_frontend  Created
 Container fleet_db  Starting
 Container fleet_db  Started
 Container fleet_frontend  Starting
 Container fleet_frontend  Started
Пт 12 июн 2026 03:35:02 UTC: Restart command executed.
jq: error (at <stdin>:1): Cannot index array with string "services"
Пт 12 июн 2026 03:40:01 UTC: Service db is DOWN! Attempting restart...
Пт 12 июн 2026 03:40:01 UTC: Service backend is DOWN! Attempting restart...
Пт 12 июн 2026 03:40:01 UTC: Service frontend is DOWN! Attempting restart...
 Container fleet_backend  Running
 Container fleet_frontend  Created
 Container fleet_db  Starting
 Container fleet_db  Started
 Container fleet_frontend  Starting
 Container fleet_frontend  Started
Пт 12 июн 2026 03:40:02 UTC: Restart command executed.
jq: error (at <stdin>:1): Cannot index array with string "services"
Пт 12 июн 2026 03:45:01 UTC: Service db is DOWN! Attempting restart...
Пт 12 июн 2026 03:45:01 UTC: Service backend is DOWN! Attempting restart...
Пт 12 июн 2026 03:45:01 UTC: Service frontend is DOWN! Attempting restart...
 Container fleet_backend  Running
 Container fleet_frontend  Created
 Container fleet_db  Starting
 Container fleet_db  Started
 Container fleet_frontend  Starting
 Container fleet_frontend  Started
Пт 12 июн 2026 03:45:02 UTC: Restart command executed.
jq: error (at <stdin>:1): Cannot index array with string "services"
Пт 12 июн 2026 03:50:01 UTC: Service db is DOWN! Attempting restart...
Пт 12 июн 2026 03:50:01 UTC: Service backend is DOWN! Attempting restart...
Пт 12 июн 2026 03:50:01 UTC: Service frontend is DOWN! Attempting restart...
 Container fleet_backend  Running
 Container fleet_frontend  Created
 Container fleet_db  Starting
 Container fleet_db  Started
 Container fleet_frontend  Starting
 Container fleet_frontend  Started
Пт 12 июн 2026 03:50:02 UTC: Restart command executed.
jq: error (at <stdin>:1): Cannot index array with string "services"
Пт 12 июн 2026 03:55:01 UTC: Service db is DOWN! Attempting restart...
Пт 12 июн 2026 03:55:01 UTC: Service backend is DOWN! Attempting restart...
Пт 12 июн 2026 03:55:01 UTC: Service frontend is DOWN! Attempting restart...
 Container fleet_backend  Running
 Container fleet_frontend  Created
 Container fleet_db  Starting
 Container fleet_db  Started
 Container fleet_frontend  Starting
 Container fleet_frontend  Started
Пт 12 июн 2026 03:55:02 UTC: Restart command executed.
jq: error (at <stdin>:1): Cannot index array with string "services"
Пт 12 июн 2026 04:00:01 UTC: Service db is DOWN! Attempting restart...
Пт 12 июн 2026 04:00:01 UTC: Service backend is DOWN! Attempting restart...
Пт 12 июн 2026 04:00:01 UTC: Service frontend is DOWN! Attempting restart...
 Container fleet_backend  Running
 Container fleet_frontend  Created
 Container fleet_db  Starting
 Container fleet_db  Started
 Container fleet_frontend  Starting
 Container fleet_frontend  Started
Пт 12 июн 2026 04:00:02 UTC: Restart command executed.
jq: error (at <stdin>:1): Cannot index array with string "services"
Пт 12 июн 2026 04:05:01 UTC: Service db is DOWN! Attempting restart...
Пт 12 июн 2026 04:05:01 UTC: Service backend is DOWN! Attempting restart...
Пт 12 июн 2026 04:05:01 UTC: Service frontend is DOWN! Attempting restart...
 Container fleet_backend  Running
 Container fleet_frontend  Created
 Container fleet_db  Starting
 Container fleet_db  Started
 Container fleet_frontend  Starting
 Container fleet_frontend  Started
Пт 12 июн 2026 04:05:02 UTC: Restart command executed.
jq: error (at <stdin>:1): Cannot index array with string "services"
Пт 12 июн 2026 04:10:02 UTC: Service db is DOWN! Attempting restart...
Пт 12 июн 2026 04:10:02 UTC: Service backend is DOWN! Attempting restart...
Пт 12 июн 2026 04:10:02 UTC: Service frontend is DOWN! Attempting restart...
 Container fleet_backend  Running
 Container fleet_frontend  Created
 Container fleet_db  Starting
 Container fleet_db  Started
 Container fleet_frontend  Starting
 Container fleet_frontend  Started
Пт 12 июн 2026 04:10:02 UTC: Restart command executed.
jq: error (at <stdin>:1): Cannot index array with string "services"
Пт 12 июн 2026 04:15:02 UTC: Service db is DOWN! Attempting restart...
Пт 12 июн 2026 04:15:02 UTC: Service backend is DOWN! Attempting restart...
Пт 12 июн 2026 04:15:02 UTC: Service frontend is DOWN! Attempting restart...
 Container fleet_backend  Running
 Container fleet_frontend  Created
 Container fleet_db  Starting
 Container fleet_db  Started
 Container fleet_frontend  Starting
 Container fleet_frontend  Started
Пт 12 июн 2026 04:15:03 UTC: Restart command executed.
jq: error (at <stdin>:1): Cannot index array with string "services"
Пт 12 июн 2026 04:20:01 UTC: Service db is DOWN! Attempting restart...
Пт 12 июн 2026 04:20:01 UTC: Service backend is DOWN! Attempting restart...
Пт 12 июн 2026 04:20:01 UTC: Service frontend is DOWN! Attempting restart...
 Container fleet_backend  Running
 Container fleet_frontend  Created
 Container fleet_db  Starting
 Container fleet_db  Started
 Container fleet_frontend  Starting
 Container fleet_frontend  Started
Пт 12 июн 2026 04:20:02 UTC: Restart command executed.
jq: error (at <stdin>:1): Cannot index array with string "services"
Пт 12 июн 2026 04:25:01 UTC: Service db is DOWN! Attempting restart...
Пт 12 июн 2026 04:25:01 UTC: Service backend is DOWN! Attempting restart...
Пт 12 июн 2026 04:25:01 UTC: Service frontend is DOWN! Attempting restart...
 Container fleet_backend  Running
 Container fleet_frontend  Created
 Container fleet_db  Starting
 Container fleet_db  Started
 Container fleet_frontend  Starting
 Container fleet_frontend  Started
Пт 12 июн 2026 04:25:02 UTC: Restart command executed.
jq: error (at <stdin>:1): Cannot index array with string "services"
Пт 12 июн 2026 04:30:01 UTC: Service db is DOWN! Attempting restart...
Пт 12 июн 2026 04:30:01 UTC: Service backend is DOWN! Attempting restart...
Пт 12 июн 2026 04:30:01 UTC: Service frontend is DOWN! Attempting restart...
 Container fleet_backend  Running
 Container fleet_frontend  Created
 Container fleet_db  Starting
 Container fleet_db  Started
 Container fleet_frontend  Starting
 Container fleet_frontend  Started
Пт 12 июн 2026 04:30:02 UTC: Restart command executed.
jq: error (at <stdin>:1): Cannot index array with string "services"
Пт 12 июн 2026 04:35:01 UTC: Service db is DOWN! Attempting restart...
Пт 12 июн 2026 04:35:01 UTC: Service backend is DOWN! Attempting restart...
Пт 12 июн 2026 04:35:01 UTC: Service frontend is DOWN! Attempting restart...
 Container fleet_backend  Running
 Container fleet_frontend  Created
 Container fleet_db  Starting
 Container fleet_db  Started
 Container fleet_frontend  Starting
 Container fleet_frontend  Started
Пт 12 июн 2026 04:35:02 UTC: Restart command executed.
jq: error (at <stdin>:1): Cannot index array with string "services"
Пт 12 июн 2026 04:40:01 UTC: Service db is DOWN! Attempting restart...
Пт 12 июн 2026 04:40:01 UTC: Service backend is DOWN! Attempting restart...
Пт 12 июн 2026 04:40:01 UTC: Service frontend is DOWN! Attempting restart...
 Container fleet_backend  Running
 Container fleet_frontend  Created
 Container fleet_db  Starting
 Container fleet_db  Started
 Container fleet_frontend  Starting
 Container fleet_frontend  Started
Пт 12 июн 2026 04:40:02 UTC: Restart command executed.
jq: error (at <stdin>:1): Cannot index array with string "services"
Пт 12 июн 2026 04:45:01 UTC: Service db is DOWN! Attempting restart...
Пт 12 июн 2026 04:45:01 UTC: Service backend is DOWN! Attempting restart...
Пт 12 июн 2026 04:45:01 UTC: Service frontend is DOWN! Attempting restart...
 Container fleet_backend  Running
 Container fleet_frontend  Created
 Container fleet_db  Starting
 Container fleet_db  Started
 Container fleet_frontend  Starting
 Container fleet_frontend  Started
Пт 12 июн 2026 04:45:02 UTC: Restart command executed.
jq: error (at <stdin>:1): Cannot index array with string "services"
Пт 12 июн 2026 04:50:01 UTC: Service db is DOWN! Attempting restart...
Пт 12 июн 2026 04:50:01 UTC: Service backend is DOWN! Attempting restart...
Пт 12 июн 2026 04:50:01 UTC: Service frontend is DOWN! Attempting restart...
 Container fleet_backend  Running
 Container fleet_frontend  Created
 Container fleet_db  Starting
 Container fleet_db  Started
 Container fleet_frontend  Starting
 Container fleet_frontend  Started
Пт 12 июн 2026 04:50:02 UTC: Restart command executed.
jq: error (at <stdin>:1): Cannot index array with string "services"
Пт 12 июн 2026 04:55:02 UTC: Service db is DOWN! Attempting restart...
Пт 12 июн 2026 04:55:02 UTC: Service backend is DOWN! Attempting restart...
Пт 12 июн 2026 04:55:02 UTC: Service frontend is DOWN! Attempting restart...
 Container fleet_backend  Running
 Container fleet_frontend  Created
 Container fleet_db  Starting
 Container fleet_db  Started
 Container fleet_frontend  Starting
 Container fleet_frontend  Started
Пт 12 июн 2026 04:55:03 UTC: Restart command executed.
jq: error (at <stdin>:1): Cannot index array with string "services"
Пт 12 июн 2026 05:00:01 UTC: Service db is DOWN! Attempting restart...
Пт 12 июн 2026 05:00:01 UTC: Service backend is DOWN! Attempting restart...
Пт 12 июн 2026 05:00:01 UTC: Service frontend is DOWN! Attempting restart...
 Container fleet_backend  Running
 Container fleet_frontend  Created
 Container fleet_db  Starting
 Container fleet_db  Started
 Container fleet_frontend  Starting
 Container fleet_frontend  Started
Пт 12 июн 2026 05:00:02 UTC: Restart command executed.
jq: error (at <stdin>:1): Cannot index array with string "services"
Пт 12 июн 2026 05:05:01 UTC: Service db is DOWN! Attempting restart...
Пт 12 июн 2026 05:05:01 UTC: Service backend is DOWN! Attempting restart...
Пт 12 июн 2026 05:05:01 UTC: Service frontend is DOWN! Attempting restart...
 Container fleet_backend  Running
 Container fleet_frontend  Created
 Container fleet_db  Starting
 Container fleet_db  Started
 Container fleet_frontend  Starting
 Container fleet_frontend  Started
Пт 12 июн 2026 05:05:02 UTC: Restart command executed.
jq: error (at <stdin>:1): Cannot index array with string "services"
Пт 12 июн 2026 05:10:01 UTC: Service db is DOWN! Attempting restart...
Пт 12 июн 2026 05:10:01 UTC: Service backend is DOWN! Attempting restart...
Пт 12 июн 2026 05:10:01 UTC: Service frontend is DOWN! Attempting restart...
 Container fleet_backend  Running
 Container fleet_frontend  Created
 Container fleet_db  Starting
 Container fleet_db  Started
 Container fleet_frontend  Starting
 Container fleet_frontend  Started
Пт 12 июн 2026 05:10:02 UTC: Restart command executed.
jq: error (at <stdin>:1): Cannot index array with string "services"
Пт 12 июн 2026 05:15:01 UTC: Service db is DOWN! Attempting restart...
Пт 12 июн 2026 05:15:01 UTC: Service backend is DOWN! Attempting restart...
Пт 12 июн 2026 05:15:01 UTC: Service frontend is DOWN! Attempting restart...
 Container fleet_backend  Running
 Container fleet_frontend  Created
 Container fleet_db  Starting
 Container fleet_db  Started
 Container fleet_frontend  Starting
 Container fleet_frontend  Started
Пт 12 июн 2026 05:15:02 UTC: Restart command executed.
jq: error (at <stdin>:1): Cannot index array with string "services"
Пт 12 июн 2026 05:20:01 UTC: Service db is DOWN! Attempting restart...
Пт 12 июн 2026 05:20:01 UTC: Service backend is DOWN! Attempting restart...
Пт 12 июн 2026 05:20:01 UTC: Service frontend is DOWN! Attempting restart...
 Container fleet_backend  Running
 Container fleet_frontend  Created
 Container fleet_db  Starting
 Container fleet_db  Started
 Container fleet_frontend  Starting
 Container fleet_frontend  Started
Пт 12 июн 2026 05:20:02 UTC: Restart command executed.
jq: error (at <stdin>:1): Cannot index array with string "services"
Пт 12 июн 2026 05:25:01 UTC: Service db is DOWN! Attempting restart...
Пт 12 июн 2026 05:25:01 UTC: Service backend is DOWN! Attempting restart...
Пт 12 июн 2026 05:25:01 UTC: Service frontend is DOWN! Attempting restart...
 Container fleet_backend  Running
 Container fleet_frontend  Created
 Container fleet_db  Starting
 Container fleet_db  Started
 Container fleet_frontend  Starting
 Container fleet_frontend  Started
Пт 12 июн 2026 05:25:02 UTC: Restart command executed.
jq: error (at <stdin>:1): Cannot index array with string "services"
Пт 12 июн 2026 05:30:01 UTC: Service db is DOWN! Attempting restart...
Пт 12 июн 2026 05:30:01 UTC: Service backend is DOWN! Attempting restart...
Пт 12 июн 2026 05:30:01 UTC: Service frontend is DOWN! Attempting restart...
 Container fleet_backend  Running
 Container fleet_frontend  Created
 Container fleet_db  Starting
 Container fleet_db  Started
 Container fleet_frontend  Starting
 Container fleet_frontend  Started
Пт 12 июн 2026 05:30:02 UTC: Restart command executed.
jq: error (at <stdin>:1): Cannot index array with string "services"
Пт 12 июн 2026 05:35:02 UTC: Service db is DOWN! Attempting restart...
Пт 12 июн 2026 05:35:02 UTC: Service backend is DOWN! Attempting restart...
Пт 12 июн 2026 05:35:02 UTC: Service frontend is DOWN! Attempting restart...
 Container fleet_backend  Running
 Container fleet_frontend  Created
 Container fleet_db  Starting
 Container fleet_db  Started
 Container fleet_frontend  Starting
 Container fleet_frontend  Started
Пт 12 июн 2026 05:35:02 UTC: Restart command executed.
jq: error (at <stdin>:1): Cannot index array with string "services"
Пт 12 июн 2026 05:40:02 UTC: Service db is DOWN! Attempting restart...
Пт 12 июн 2026 05:40:02 UTC: Service backend is DOWN! Attempting restart...
Пт 12 июн 2026 05:40:02 UTC: Service frontend is DOWN! Attempting restart...
 Container fleet_backend  Running
 Container fleet_frontend  Created
 Container fleet_db  Starting
 Container fleet_db  Started
 Container fleet_frontend  Starting
 Container fleet_frontend  Started
Пт 12 июн 2026 05:40:02 UTC: Restart command executed.
jq: error (at <stdin>:1): Cannot index array with string "services"
Пт 12 июн 2026 05:45:01 UTC: Service db is DOWN! Attempting restart...
Пт 12 июн 2026 05:45:01 UTC: Service backend is DOWN! Attempting restart...
Пт 12 июн 2026 05:45:01 UTC: Service frontend is DOWN! Attempting restart...
 Container fleet_backend  Running
 Container fleet_frontend  Created
 Container fleet_db  Starting
 Container fleet_db  Started
 Container fleet_frontend  Starting
 Container fleet_frontend  Started
Пт 12 июн 2026 05:45:02 UTC: Restart command executed.
jq: error (at <stdin>:1): Cannot index array with string "services"
Пт 12 июн 2026 05:50:01 UTC: Service db is DOWN! Attempting restart...
Пт 12 июн 2026 05:50:01 UTC: Service backend is DOWN! Attempting restart...
Пт 12 июн 2026 05:50:01 UTC: Service frontend is DOWN! Attempting restart...
 Container fleet_backend  Running
 Container fleet_frontend  Created
 Container fleet_db  Starting
 Container fleet_db  Started
 Container fleet_frontend  Starting
 Container fleet_frontend  Started
Пт 12 июн 2026 05:50:02 UTC: Restart command executed.
jq: error (at <stdin>:1): Cannot index array with string "services"
Пт 12 июн 2026 05:55:01 UTC: Service db is DOWN! Attempting restart...
Пт 12 июн 2026 05:55:01 UTC: Service backend is DOWN! Attempting restart...
Пт 12 июн 2026 05:55:01 UTC: Service frontend is DOWN! Attempting restart...
 Container fleet_backend  Running
 Container fleet_frontend  Created
 Container fleet_db  Starting
 Container fleet_db  Started
 Container fleet_frontend  Starting
 Container fleet_frontend  Started
Пт 12 июн 2026 05:55:02 UTC: Restart command executed.
jq: error (at <stdin>:1): Cannot index array with string "services"
Пт 12 июн 2026 06:00:01 UTC: Service db is DOWN! Attempting restart...
Пт 12 июн 2026 06:00:01 UTC: Service backend is DOWN! Attempting restart...
Пт 12 июн 2026 06:00:01 UTC: Service frontend is DOWN! Attempting restart...
 Container fleet_backend  Running
 Container fleet_frontend  Created
 Container fleet_db  Starting
 Container fleet_db  Started
 Container fleet_frontend  Starting
 Container fleet_frontend  Started
Пт 12 июн 2026 06:00:02 UTC: Restart command executed.
jq: error (at <stdin>:1): Cannot index array with string "services"
Пт 12 июн 2026 06:05:01 UTC: Service db is DOWN! Attempting restart...
Пт 12 июн 2026 06:05:01 UTC: Service backend is DOWN! Attempting restart...
Пт 12 июн 2026 06:05:01 UTC: Service frontend is DOWN! Attempting restart...
 Container fleet_backend  Running
 Container fleet_frontend  Created
 Container fleet_db  Starting
 Container fleet_db  Started
 Container fleet_frontend  Starting
 Container fleet_frontend  Started
Пт 12 июн 2026 06:05:02 UTC: Restart command executed.
jq: error (at <stdin>:1): Cannot index array with string "services"
Пт 12 июн 2026 06:10:01 UTC: Service db is DOWN! Attempting restart...
Пт 12 июн 2026 06:10:01 UTC: Service backend is DOWN! Attempting restart...
Пт 12 июн 2026 06:10:01 UTC: Service frontend is DOWN! Attempting restart...
 Container fleet_backend  Running
 Container fleet_frontend  Created
 Container fleet_db  Starting
 Container fleet_db  Started
 Container fleet_frontend  Starting
 Container fleet_frontend  Started
Пт 12 июн 2026 06:10:02 UTC: Restart command executed.
jq: error (at <stdin>:1): Cannot index array with string "services"
Пт 12 июн 2026 06:15:01 UTC: Service db is DOWN! Attempting restart...
Пт 12 июн 2026 06:15:01 UTC: Service backend is DOWN! Attempting restart...
Пт 12 июн 2026 06:15:01 UTC: Service frontend is DOWN! Attempting restart...
 Container fleet_backend  Running
 Container fleet_frontend  Created
 Container fleet_db  Starting
 Container fleet_db  Started
 Container fleet_frontend  Starting
 Container fleet_frontend  Started
Пт 12 июн 2026 06:15:02 UTC: Restart command executed.
jq: error (at <stdin>:1): Cannot index array with string "services"
Пт 12 июн 2026 06:20:02 UTC: Service db is DOWN! Attempting restart...
Пт 12 июн 2026 06:20:02 UTC: Service backend is DOWN! Attempting restart...
Пт 12 июн 2026 06:20:02 UTC: Service frontend is DOWN! Attempting restart...
 Container fleet_backend  Running
 Container fleet_frontend  Created
 Container fleet_db  Starting
 Container fleet_db  Started
 Container fleet_frontend  Starting
 Container fleet_frontend  Started
Пт 12 июн 2026 06:20:02 UTC: Restart command executed.
jq: error (at <stdin>:1): Cannot index array with string "services"
Пт 12 июн 2026 06:25:02 UTC: Service db is DOWN! Attempting restart...
Пт 12 июн 2026 06:25:02 UTC: Service backend is DOWN! Attempting restart...
Пт 12 июн 2026 06:25:02 UTC: Service frontend is DOWN! Attempting restart...
 Container fleet_backend  Running
 Container fleet_frontend  Created
 Container fleet_db  Starting
 Container fleet_db  Started
 Container fleet_frontend  Starting
 Container fleet_frontend  Started
Пт 12 июн 2026 06:25:02 UTC: Restart command executed.
jq: error (at <stdin>:1): Cannot index array with string "services"
Пт 12 июн 2026 06:30:02 UTC: Service db is DOWN! Attempting restart...
Пт 12 июн 2026 06:30:02 UTC: Service backend is DOWN! Attempting restart...
Пт 12 июн 2026 06:30:02 UTC: Service frontend is DOWN! Attempting restart...
 Container fleet_backend  Running
 Container fleet_frontend  Created
 Container fleet_db  Starting
 Container fleet_db  Started
 Container fleet_frontend  Starting
 Container fleet_frontend  Started
Пт 12 июн 2026 06:30:03 UTC: Restart command executed.
jq: error (at <stdin>:1): Cannot index array with string "services"
Пт 12 июн 2026 06:35:01 UTC: Service db is DOWN! Attempting restart...
Пт 12 июн 2026 06:35:01 UTC: Service backend is DOWN! Attempting restart...
Пт 12 июн 2026 06:35:01 UTC: Service frontend is DOWN! Attempting restart...
 Container fleet_backend  Running
 Container fleet_frontend  Created
 Container fleet_db  Starting
 Container fleet_db  Started
 Container fleet_frontend  Starting
 Container fleet_frontend  Started
Пт 12 июн 2026 06:35:02 UTC: Restart command executed.
jq: error (at <stdin>:1): Cannot index array with string "services"
Пт 12 июн 2026 06:40:01 UTC: Service db is DOWN! Attempting restart...
Пт 12 июн 2026 06:40:01 UTC: Service backend is DOWN! Attempting restart...
Пт 12 июн 2026 06:40:01 UTC: Service frontend is DOWN! Attempting restart...
 Container fleet_backend  Running
 Container fleet_frontend  Created
 Container fleet_db  Starting
 Container fleet_db  Started
 Container fleet_frontend  Starting
 Container fleet_frontend  Started
Пт 12 июн 2026 06:40:02 UTC: Restart command executed.
jq: error (at <stdin>:1): Cannot index array with string "services"
Пт 12 июн 2026 06:45:01 UTC: Service db is DOWN! Attempting restart...
Пт 12 июн 2026 06:45:01 UTC: Service backend is DOWN! Attempting restart...
Пт 12 июн 2026 06:45:01 UTC: Service frontend is DOWN! Attempting restart...
 Container fleet_backend  Running
 Container fleet_frontend  Created
 Container fleet_db  Starting
 Container fleet_db  Started
 Container fleet_frontend  Starting
 Container fleet_frontend  Started
Пт 12 июн 2026 06:45:02 UTC: Restart command executed.
jq: error (at <stdin>:1): Cannot index array with string "services"
Пт 12 июн 2026 06:50:01 UTC: Service db is DOWN! Attempting restart...
Пт 12 июн 2026 06:50:01 UTC: Service backend is DOWN! Attempting restart...
Пт 12 июн 2026 06:50:01 UTC: Service frontend is DOWN! Attempting restart...
 Container fleet_backend  Running
 Container fleet_frontend  Created
 Container fleet_db  Starting
 Container fleet_db  Started
 Container fleet_frontend  Starting
 Container fleet_frontend  Started
Пт 12 июн 2026 06:50:02 UTC: Restart command executed.
jq: error (at <stdin>:1): Cannot index array with string "services"
Пт 12 июн 2026 06:55:01 UTC: Service db is DOWN! Attempting restart...
Пт 12 июн 2026 06:55:01 UTC: Service backend is DOWN! Attempting restart...
Пт 12 июн 2026 06:55:01 UTC: Service frontend is DOWN! Attempting restart...
 Container fleet_backend  Running
 Container fleet_frontend  Created
 Container fleet_db  Starting
 Container fleet_db  Started
 Container fleet_frontend  Starting
 Container fleet_frontend  Started
Пт 12 июн 2026 06:55:02 UTC: Restart command executed.
jq: error (at <stdin>:1): Cannot index array with string "services"
Пт 12 июн 2026 07:00:01 UTC: Service db is DOWN! Attempting restart...
Пт 12 июн 2026 07:00:01 UTC: Service backend is DOWN! Attempting restart...
Пт 12 июн 2026 07:00:01 UTC: Service frontend is DOWN! Attempting restart...
 Container fleet_backend  Running
 Container fleet_frontend  Created
 Container fleet_db  Starting
 Container fleet_db  Started
 Container fleet_frontend  Starting
 Container fleet_frontend  Started
Пт 12 июн 2026 07:00:02 UTC: Restart command executed.
jq: error (at <stdin>:1): Cannot index array with string "services"
Пт 12 июн 2026 07:05:01 UTC: Service db is DOWN! Attempting restart...
Пт 12 июн 2026 07:05:01 UTC: Service backend is DOWN! Attempting restart...
Пт 12 июн 2026 07:05:01 UTC: Service frontend is DOWN! Attempting restart...
 Container fleet_backend  Running
 Container fleet_frontend  Created
 Container fleet_db  Starting
 Container fleet_db  Started
 Container fleet_frontend  Starting
 Container fleet_frontend  Started
Пт 12 июн 2026 07:05:02 UTC: Restart command executed.
jq: error (at <stdin>:1): Cannot index array with string "services"
Пт 12 июн 2026 07:10:02 UTC: Service db is DOWN! Attempting restart...
Пт 12 июн 2026 07:10:02 UTC: Service backend is DOWN! Attempting restart...
Пт 12 июн 2026 07:10:02 UTC: Service frontend is DOWN! Attempting restart...
 Container fleet_backend  Running
 Container fleet_frontend  Created
 Container fleet_db  Starting
 Container fleet_db  Started
 Container fleet_frontend  Starting
 Container fleet_frontend  Started
Пт 12 июн 2026 07:10:02 UTC: Restart command executed.
jq: error (at <stdin>:1): Cannot index array with string "services"
Пт 12 июн 2026 07:15:02 UTC: Service db is DOWN! Attempting restart...
Пт 12 июн 2026 07:15:02 UTC: Service backend is DOWN! Attempting restart...
Пт 12 июн 2026 07:15:02 UTC: Service frontend is DOWN! Attempting restart...
 Container fleet_backend  Running
 Container fleet_frontend  Created
 Container fleet_db  Starting
 Container fleet_db  Started
 Container fleet_frontend  Starting
 Container fleet_frontend  Started
Пт 12 июн 2026 07:15:03 UTC: Restart command executed.
jq: error (at <stdin>:1): Cannot index array with string "services"
Пт 12 июн 2026 07:20:01 UTC: Service db is DOWN! Attempting restart...
Пт 12 июн 2026 07:20:01 UTC: Service backend is DOWN! Attempting restart...
Пт 12 июн 2026 07:20:01 UTC: Service frontend is DOWN! Attempting restart...
 Container fleet_backend  Running
 Container fleet_frontend  Created
 Container fleet_db  Starting
 Container fleet_db  Started
 Container fleet_frontend  Starting
 Container fleet_frontend  Started
Пт 12 июн 2026 07:20:02 UTC: Restart command executed.
jq: error (at <stdin>:1): Cannot index array with string "services"
Пт 12 июн 2026 07:25:01 UTC: Service db is DOWN! Attempting restart...
Пт 12 июн 2026 07:25:01 UTC: Service backend is DOWN! Attempting restart...
Пт 12 июн 2026 07:25:01 UTC: Service frontend is DOWN! Attempting restart...
 Container fleet_backend  Running
 Container fleet_frontend  Created
 Container fleet_db  Starting
 Container fleet_db  Started
 Container fleet_frontend  Starting
 Container fleet_frontend  Started
Пт 12 июн 2026 07:25:02 UTC: Restart command executed.
jq: error (at <stdin>:1): Cannot index array with string "services"
Пт 12 июн 2026 07:30:01 UTC: Service db is DOWN! Attempting restart...
Пт 12 июн 2026 07:30:01 UTC: Service backend is DOWN! Attempting restart...
Пт 12 июн 2026 07:30:01 UTC: Service frontend is DOWN! Attempting restart...
 Container fleet_backend  Running
 Container fleet_frontend  Created
 Container fleet_db  Starting
 Container fleet_db  Started
 Container fleet_frontend  Starting
 Container fleet_frontend  Started
Пт 12 июн 2026 07:30:02 UTC: Restart command executed.
jq: error (at <stdin>:1): Cannot index array with string "services"
Пт 12 июн 2026 07:35:01 UTC: Service db is DOWN! Attempting restart...
Пт 12 июн 2026 07:35:01 UTC: Service backend is DOWN! Attempting restart...
Пт 12 июн 2026 07:35:01 UTC: Service frontend is DOWN! Attempting restart...
 Container fleet_backend  Running
 Container fleet_frontend  Created
 Container fleet_db  Starting
 Container fleet_db  Started
 Container fleet_frontend  Starting
 Container fleet_frontend  Started
Пт 12 июн 2026 07:35:02 UTC: Restart command executed.
jq: error (at <stdin>:1): Cannot index array with string "services"
Пт 12 июн 2026 07:40:01 UTC: Service db is DOWN! Attempting restart...
Пт 12 июн 2026 07:40:01 UTC: Service backend is DOWN! Attempting restart...
Пт 12 июн 2026 07:40:01 UTC: Service frontend is DOWN! Attempting restart...
 Container fleet_backend  Running
 Container fleet_frontend  Created
 Container fleet_db  Starting
 Container fleet_db  Started
 Container fleet_frontend  Starting
 Container fleet_frontend  Started
Пт 12 июн 2026 07:40:02 UTC: Restart command executed.
jq: error (at <stdin>:1): Cannot index array with string "services"
Пт 12 июн 2026 07:45:01 UTC: Service db is DOWN! Attempting restart...
Пт 12 июн 2026 07:45:01 UTC: Service backend is DOWN! Attempting restart...
Пт 12 июн 2026 07:45:01 UTC: Service frontend is DOWN! Attempting restart...
 Container fleet_backend  Running
 Container fleet_frontend  Created
 Container fleet_db  Starting
 Container fleet_db  Started
 Container fleet_frontend  Starting
 Container fleet_frontend  Started
Пт 12 июн 2026 07:45:02 UTC: Restart command executed.
jq: error (at <stdin>:1): Cannot index array with string "services"
Пт 12 июн 2026 07:50:01 UTC: Service db is DOWN! Attempting restart...
Пт 12 июн 2026 07:50:01 UTC: Service backend is DOWN! Attempting restart...
Пт 12 июн 2026 07:50:01 UTC: Service frontend is DOWN! Attempting restart...
 Container fleet_backend  Running
 Container fleet_frontend  Created
 Container fleet_db  Starting
 Container fleet_db  Started
 Container fleet_frontend  Starting
 Container fleet_frontend  Started
Пт 12 июн 2026 07:50:02 UTC: Restart command executed.
jq: error (at <stdin>:1): Cannot index array with string "services"
Пт 12 июн 2026 07:55:01 UTC: Service db is DOWN! Attempting restart...
Пт 12 июн 2026 07:55:01 UTC: Service backend is DOWN! Attempting restart...
Пт 12 июн 2026 07:55:01 UTC: Service frontend is DOWN! Attempting restart...
 Container fleet_backend  Running
 Container fleet_frontend  Created
 Container fleet_db  Starting
 Container fleet_db  Started
 Container fleet_frontend  Starting
 Container fleet_frontend  Started
Пт 12 июн 2026 07:55:02 UTC: Restart command executed.
jq: error (at <stdin>:1): Cannot index array with string "services"
Пт 12 июн 2026 08:00:02 UTC: Service db is DOWN! Attempting restart...
Пт 12 июн 2026 08:00:02 UTC: Service backend is DOWN! Attempting restart...
Пт 12 июн 2026 08:00:02 UTC: Service frontend is DOWN! Attempting restart...
 Container fleet_backend  Running
 Container fleet_frontend  Created
 Container fleet_db  Starting
 Container fleet_db  Started
 Container fleet_frontend  Starting
 Container fleet_frontend  Started
Пт 12 июн 2026 08:00:03 UTC: Restart command executed.
jq: error (at <stdin>:1): Cannot index array with string "services"
Пт 12 июн 2026 08:05:01 UTC: Service db is DOWN! Attempting restart...
Пт 12 июн 2026 08:05:01 UTC: Service backend is DOWN! Attempting restart...
Пт 12 июн 2026 08:05:01 UTC: Service frontend is DOWN! Attempting restart...
 Container fleet_backend  Running
 Container fleet_frontend  Created
 Container fleet_db  Starting
 Container fleet_db  Started
 Container fleet_frontend  Starting
 Container fleet_frontend  Started
Пт 12 июн 2026 08:05:02 UTC: Restart command executed.
jq: error (at <stdin>:1): Cannot index array with string "services"
Пт 12 июн 2026 08:10:01 UTC: Service db is DOWN! Attempting restart...
Пт 12 июн 2026 08:10:01 UTC: Service backend is DOWN! Attempting restart...
Пт 12 июн 2026 08:10:01 UTC: Service frontend is DOWN! Attempting restart...
 Container fleet_backend  Running
 Container fleet_frontend  Created
 Container fleet_db  Starting
 Container fleet_db  Started
 Container fleet_frontend  Starting
 Container fleet_frontend  Started
Пт 12 июн 2026 08:10:02 UTC: Restart command executed.
jq: error (at <stdin>:1): Cannot index array with string "services"
Пт 12 июн 2026 08:15:01 UTC: Service db is DOWN! Attempting restart...
Пт 12 июн 2026 08:15:01 UTC: Service backend is DOWN! Attempting restart...
Пт 12 июн 2026 08:15:01 UTC: Service frontend is DOWN! Attempting restart...
 Container fleet_backend  Running
 Container fleet_frontend  Created
 Container fleet_db  Starting
 Container fleet_db  Started
 Container fleet_frontend  Starting
 Container fleet_frontend  Started
Пт 12 июн 2026 08:15:02 UTC: Restart command executed.
jq: error (at <stdin>:1): Cannot index array with string "services"
Пт 12 июн 2026 08:20:01 UTC: Service db is DOWN! Attempting restart...
Пт 12 июн 2026 08:20:01 UTC: Service backend is DOWN! Attempting restart...
Пт 12 июн 2026 08:20:01 UTC: Service frontend is DOWN! Attempting restart...
 Container fleet_backend  Running
 Container fleet_frontend  Created
 Container fleet_db  Starting
 Container fleet_db  Started
 Container fleet_frontend  Starting
 Container fleet_frontend  Started
Пт 12 июн 2026 08:20:02 UTC: Restart command executed.
jq: error (at <stdin>:1): Cannot index array with string "services"
Пт 12 июн 2026 08:25:01 UTC: Service db is DOWN! Attempting restart...
Пт 12 июн 2026 08:25:01 UTC: Service backend is DOWN! Attempting restart...
Пт 12 июн 2026 08:25:01 UTC: Service frontend is DOWN! Attempting restart...
 Container fleet_backend  Running
 Container fleet_frontend  Created
 Container fleet_db  Starting
 Container fleet_db  Started
 Container fleet_frontend  Starting
 Container fleet_frontend  Started
Пт 12 июн 2026 08:25:02 UTC: Restart command executed.
jq: error (at <stdin>:1): Cannot index array with string "services"
Пт 12 июн 2026 08:30:01 UTC: Service db is DOWN! Attempting restart...
Пт 12 июн 2026 08:30:01 UTC: Service backend is DOWN! Attempting restart...
Пт 12 июн 2026 08:30:01 UTC: Service frontend is DOWN! Attempting restart...
 Container fleet_backend  Running
 Container fleet_frontend  Created
 Container fleet_db  Starting
 Container fleet_db  Started
 Container fleet_frontend  Starting
 Container fleet_frontend  Started
Пт 12 июн 2026 08:30:02 UTC: Restart command executed.
jq: error (at <stdin>:1): Cannot index array with string "services"
Пт 12 июн 2026 08:35:01 UTC: Service db is DOWN! Attempting restart...
Пт 12 июн 2026 08:35:01 UTC: Service backend is DOWN! Attempting restart...
Пт 12 июн 2026 08:35:01 UTC: Service frontend is DOWN! Attempting restart...
 Container fleet_backend  Running
 Container fleet_frontend  Created
 Container fleet_db  Starting
 Container fleet_db  Started
 Container fleet_frontend  Starting
 Container fleet_frontend  Started
Пт 12 июн 2026 08:35:02 UTC: Restart command executed.
jq: error (at <stdin>:1): Cannot index array with string "services"
Пт 12 июн 2026 08:40:01 UTC: Service db is DOWN! Attempting restart...
Пт 12 июн 2026 08:40:01 UTC: Service backend is DOWN! Attempting restart...
Пт 12 июн 2026 08:40:01 UTC: Service frontend is DOWN! Attempting restart...
 Container fleet_backend  Running
 Container fleet_frontend  Created
 Container fleet_db  Starting
 Container fleet_db  Started
 Container fleet_frontend  Starting
 Container fleet_frontend  Started
Пт 12 июн 2026 08:40:02 UTC: Restart command executed.
jq: error (at <stdin>:1): Cannot index array with string "services"
Пт 12 июн 2026 08:45:02 UTC: Service db is DOWN! Attempting restart...
Пт 12 июн 2026 08:45:02 UTC: Service backend is DOWN! Attempting restart...
Пт 12 июн 2026 08:45:02 UTC: Service frontend is DOWN! Attempting restart...
 Container fleet_backend  Running
 Container fleet_frontend  Created
 Container fleet_db  Starting
 Container fleet_db  Started
 Container fleet_frontend  Starting
 Container fleet_frontend  Started
Пт 12 июн 2026 08:45:03 UTC: Restart command executed.
jq: error (at <stdin>:1): Cannot index array with string "services"
Пт 12 июн 2026 08:50:01 UTC: Service db is DOWN! Attempting restart...
Пт 12 июн 2026 08:50:01 UTC: Service backend is DOWN! Attempting restart...
Пт 12 июн 2026 08:50:01 UTC: Service frontend is DOWN! Attempting restart...
 Container fleet_backend  Running
 Container fleet_frontend  Created
 Container fleet_db  Starting
 Container fleet_db  Started
 Container fleet_frontend  Starting
 Container fleet_frontend  Started
Пт 12 июн 2026 08:50:02 UTC: Restart command executed.
jq: error (at <stdin>:1): Cannot index array with string "services"
Пт 12 июн 2026 08:55:01 UTC: Service db is DOWN! Attempting restart...
Пт 12 июн 2026 08:55:01 UTC: Service backend is DOWN! Attempting restart...
Пт 12 июн 2026 08:55:01 UTC: Service frontend is DOWN! Attempting restart...
 Container fleet_backend  Running
 Container fleet_frontend  Created
 Container fleet_db  Starting
 Container fleet_db  Started
 Container fleet_frontend  Starting
 Container fleet_frontend  Started
Пт 12 июн 2026 08:55:02 UTC: Restart command executed.
jq: error (at <stdin>:1): Cannot index array with string "services"
Пт 12 июн 2026 09:00:01 UTC: Service db is DOWN! Attempting restart...
Пт 12 июн 2026 09:00:01 UTC: Service backend is DOWN! Attempting restart...
Пт 12 июн 2026 09:00:01 UTC: Service frontend is DOWN! Attempting restart...
 Container fleet_backend  Running
 Container fleet_frontend  Created
 Container fleet_db  Starting
 Container fleet_db  Started
 Container fleet_frontend  Starting
 Container fleet_frontend  Started
Пт 12 июн 2026 09:00:02 UTC: Restart command executed.
jq: error (at <stdin>:1): Cannot index array with string "services"
Пт 12 июн 2026 09:05:01 UTC: Service db is DOWN! Attempting restart...
Пт 12 июн 2026 09:05:01 UTC: Service backend is DOWN! Attempting restart...
Пт 12 июн 2026 09:05:01 UTC: Service frontend is DOWN! Attempting restart...
 Container fleet_backend  Running
 Container fleet_frontend  Created
 Container fleet_db  Starting
 Container fleet_db  Started
 Container fleet_frontend  Starting
 Container fleet_frontend  Started
Пт 12 июн 2026 09:05:02 UTC: Restart command executed.
jq: error (at <stdin>:1): Cannot index array with string "services"
Пт 12 июн 2026 09:10:01 UTC: Service db is DOWN! Attempting restart...
Пт 12 июн 2026 09:10:01 UTC: Service backend is DOWN! Attempting restart...
Пт 12 июн 2026 09:10:01 UTC: Service frontend is DOWN! Attempting restart...
 Container fleet_backend  Running
 Container fleet_frontend  Created
 Container fleet_db  Starting
 Container fleet_db  Started
 Container fleet_frontend  Starting
 Container fleet_frontend  Started
Пт 12 июн 2026 09:10:02 UTC: Restart command executed.
jq: error (at <stdin>:1): Cannot index array with string "services"
Пт 12 июн 2026 09:15:01 UTC: Service db is DOWN! Attempting restart...
Пт 12 июн 2026 09:15:01 UTC: Service backend is DOWN! Attempting restart...
Пт 12 июн 2026 09:15:01 UTC: Service frontend is DOWN! Attempting restart...
 Container fleet_backend  Running
 Container fleet_frontend  Created
 Container fleet_db  Starting
 Container fleet_db  Started
 Container fleet_frontend  Starting
 Container fleet_frontend  Started
Пт 12 июн 2026 09:15:02 UTC: Restart command executed.
jq: error (at <stdin>:1): Cannot index array with string "services"
Пт 12 июн 2026 09:20:01 UTC: Service db is DOWN! Attempting restart...
Пт 12 июн 2026 09:20:01 UTC: Service backend is DOWN! Attempting restart...
Пт 12 июн 2026 09:20:01 UTC: Service frontend is DOWN! Attempting restart...
 Container fleet_backend  Running
 Container fleet_frontend  Created
 Container fleet_db  Starting
 Container fleet_db  Started
 Container fleet_frontend  Starting
 Container fleet_frontend  Started
Пт 12 июн 2026 09:20:02 UTC: Restart command executed.
jq: error (at <stdin>:1): Cannot index array with string "services"
Пт 12 июн 2026 09:25:02 UTC: Service db is DOWN! Attempting restart...
Пт 12 июн 2026 09:25:02 UTC: Service backend is DOWN! Attempting restart...
Пт 12 июн 2026 09:25:02 UTC: Service frontend is DOWN! Attempting restart...
 Container fleet_backend  Running
 Container fleet_frontend  Created
 Container fleet_db  Starting
 Container fleet_db  Started
 Container fleet_frontend  Starting
 Container fleet_frontend  Started
Пт 12 июн 2026 09:25:02 UTC: Restart command executed.
jq: error (at <stdin>:1): Cannot index array with string "services"
Пт 12 июн 2026 09:30:02 UTC: Service db is DOWN! Attempting restart...
Пт 12 июн 2026 09:30:02 UTC: Service backend is DOWN! Attempting restart...
Пт 12 июн 2026 09:30:02 UTC: Service frontend is DOWN! Attempting restart...
 Container fleet_backend  Running
 Container fleet_frontend  Created
 Container fleet_db  Starting
 Container fleet_db  Started
 Container fleet_frontend  Starting
 Container fleet_frontend  Started
Пт 12 июн 2026 09:30:03 UTC: Restart command executed.
jq: error (at <stdin>:1): Cannot index array with string "services"
Пт 12 июн 2026 09:35:01 UTC: Service db is DOWN! Attempting restart...
Пт 12 июн 2026 09:35:01 UTC: Service backend is DOWN! Attempting restart...
Пт 12 июн 2026 09:35:01 UTC: Service frontend is DOWN! Attempting restart...
 Container fleet_backend  Running
 Container fleet_frontend  Created
 Container fleet_db  Starting
 Container fleet_db  Started
 Container fleet_frontend  Starting
 Container fleet_frontend  Started
Пт 12 июн 2026 09:35:02 UTC: Restart command executed.
jq: error (at <stdin>:1): Cannot index array with string "services"
Пт 12 июн 2026 09:40:01 UTC: Service db is DOWN! Attempting restart...
Пт 12 июн 2026 09:40:01 UTC: Service backend is DOWN! Attempting restart...
Пт 12 июн 2026 09:40:01 UTC: Service frontend is DOWN! Attempting restart...
 Container fleet_backend  Running
 Container fleet_frontend  Created
 Container fleet_db  Starting
 Container fleet_db  Started
 Container fleet_frontend  Starting
 Container fleet_frontend  Started
Пт 12 июн 2026 09:40:02 UTC: Restart command executed.
jq: error (at <stdin>:1): Cannot index array with string "services"
Пт 12 июн 2026 09:45:01 UTC: Service db is DOWN! Attempting restart...
Пт 12 июн 2026 09:45:01 UTC: Service backend is DOWN! Attempting restart...
Пт 12 июн 2026 09:45:01 UTC: Service frontend is DOWN! Attempting restart...
 Container fleet_backend  Running
 Container fleet_frontend  Created
 Container fleet_db  Starting
 Container fleet_db  Started
 Container fleet_frontend  Starting
 Container fleet_frontend  Started
Пт 12 июн 2026 09:45:02 UTC: Restart command executed.
jq: error (at <stdin>:1): Cannot index array with string "services"
Пт 12 июн 2026 09:50:01 UTC: Service db is DOWN! Attempting restart...
Пт 12 июн 2026 09:50:01 UTC: Service backend is DOWN! Attempting restart...
Пт 12 июн 2026 09:50:01 UTC: Service frontend is DOWN! Attempting restart...
 Container fleet_backend  Running
 Container fleet_frontend  Created
 Container fleet_db  Starting
 Container fleet_db  Started
 Container fleet_frontend  Starting
 Container fleet_frontend  Started
Пт 12 июн 2026 09:50:02 UTC: Restart command executed.
jq: error (at <stdin>:1): Cannot index array with string "services"
Пт 12 июн 2026 09:55:01 UTC: Service db is DOWN! Attempting restart...
Пт 12 июн 2026 09:55:01 UTC: Service backend is DOWN! Attempting restart...
Пт 12 июн 2026 09:55:01 UTC: Service frontend is DOWN! Attempting restart...
 Container fleet_backend  Running
 Container fleet_frontend  Created
 Container fleet_db  Starting
 Container fleet_db  Started
 Container fleet_frontend  Starting
 Container fleet_frontend  Started
Пт 12 июн 2026 09:55:02 UTC: Restart command executed.
jq: error (at <stdin>:1): Cannot index array with string "services"
Пт 12 июн 2026 10:00:01 UTC: Service db is DOWN! Attempting restart...
Пт 12 июн 2026 10:00:01 UTC: Service backend is DOWN! Attempting restart...
Пт 12 июн 2026 10:00:01 UTC: Service frontend is DOWN! Attempting restart...
 Container fleet_backend  Running
 Container fleet_frontend  Created
 Container fleet_db  Starting
 Container fleet_db  Started
 Container fleet_frontend  Starting
 Container fleet_frontend  Started
Пт 12 июн 2026 10:00:02 UTC: Restart command executed.
jq: error (at <stdin>:1): Cannot index array with string "services"
Пт 12 июн 2026 10:05:01 UTC: Service db is DOWN! Attempting restart...
Пт 12 июн 2026 10:05:01 UTC: Service backend is DOWN! Attempting restart...
Пт 12 июн 2026 10:05:01 UTC: Service frontend is DOWN! Attempting restart...
 Container fleet_backend  Running
 Container fleet_frontend  Created
 Container fleet_db  Starting
 Container fleet_db  Started
 Container fleet_frontend  Starting
 Container fleet_frontend  Started
Пт 12 июн 2026 10:05:02 UTC: Restart command executed.
jq: error (at <stdin>:1): Cannot index array with string "services"
Пт 12 июн 2026 10:10:01 UTC: Service db is DOWN! Attempting restart...
Пт 12 июн 2026 10:10:01 UTC: Service backend is DOWN! Attempting restart...
Пт 12 июн 2026 10:10:01 UTC: Service frontend is DOWN! Attempting restart...
 Container fleet_backend  Running
 Container fleet_frontend  Created
 Container fleet_db  Starting
 Container fleet_db  Started
 Container fleet_frontend  Starting
 Container fleet_frontend  Started
Пт 12 июн 2026 10:10:02 UTC: Restart command executed.
jq: error (at <stdin>:1): Cannot index array with string "services"
Пт 12 июн 2026 10:15:02 UTC: Service db is DOWN! Attempting restart...
Пт 12 июн 2026 10:15:02 UTC: Service backend is DOWN! Attempting restart...
Пт 12 июн 2026 10:15:02 UTC: Service frontend is DOWN! Attempting restart...
 Container fleet_backend  Running
 Container fleet_frontend  Created
 Container fleet_db  Starting
 Container fleet_db  Started
 Container fleet_frontend  Starting
 Container fleet_frontend  Started
Пт 12 июн 2026 10:15:03 UTC: Restart command executed.
jq: error (at <stdin>:1): Cannot index array with string "services"
Пт 12 июн 2026 10:20:01 UTC: Service db is DOWN! Attempting restart...
Пт 12 июн 2026 10:20:01 UTC: Service backend is DOWN! Attempting restart...
Пт 12 июн 2026 10:20:01 UTC: Service frontend is DOWN! Attempting restart...
 Container fleet_backend  Running
 Container fleet_frontend  Created
 Container fleet_db  Starting
 Container fleet_db  Started
 Container fleet_frontend  Starting
 Container fleet_frontend  Started
Пт 12 июн 2026 10:20:02 UTC: Restart command executed.
jq: error (at <stdin>:1): Cannot index array with string "services"
Пт 12 июн 2026 10:25:01 UTC: Service db is DOWN! Attempting restart...
Пт 12 июн 2026 10:25:01 UTC: Service backend is DOWN! Attempting restart...
Пт 12 июн 2026 10:25:01 UTC: Service frontend is DOWN! Attempting restart...
 Container fleet_backend  Running
 Container fleet_frontend  Created
 Container fleet_db  Starting
 Container fleet_db  Started
 Container fleet_frontend  Starting
 Container fleet_frontend  Started
Пт 12 июн 2026 10:25:02 UTC: Restart command executed.
jq: error (at <stdin>:1): Cannot index array with string "services"
Пт 12 июн 2026 10:30:01 UTC: Service db is DOWN! Attempting restart...
Пт 12 июн 2026 10:30:01 UTC: Service backend is DOWN! Attempting restart...
Пт 12 июн 2026 10:30:01 UTC: Service frontend is DOWN! Attempting restart...
 Container fleet_backend  Running
 Container fleet_frontend  Created
 Container fleet_db  Starting
 Container fleet_db  Started
 Container fleet_frontend  Starting
 Container fleet_frontend  Started
Пт 12 июн 2026 10:30:02 UTC: Restart command executed.
jq: error (at <stdin>:1): Cannot index array with string "services"
Пт 12 июн 2026 10:35:01 UTC: Service db is DOWN! Attempting restart...
Пт 12 июн 2026 10:35:01 UTC: Service backend is DOWN! Attempting restart...
Пт 12 июн 2026 10:35:01 UTC: Service frontend is DOWN! Attempting restart...
 Container fleet_backend  Running
 Container fleet_frontend  Created
 Container fleet_db  Starting
 Container fleet_db  Started
 Container fleet_frontend  Starting
 Container fleet_frontend  Started
Пт 12 июн 2026 10:35:02 UTC: Restart command executed.
jq: error (at <stdin>:1): Cannot index array with string "services"
Пт 12 июн 2026 10:40:01 UTC: Service db is DOWN! Attempting restart...
Пт 12 июн 2026 10:40:01 UTC: Service backend is DOWN! Attempting restart...
Пт 12 июн 2026 10:40:01 UTC: Service frontend is DOWN! Attempting restart...
 Container fleet_backend  Running
 Container fleet_frontend  Created
 Container fleet_db  Starting
 Container fleet_db  Started
 Container fleet_frontend  Starting
 Container fleet_frontend  Started
Пт 12 июн 2026 10:40:02 UTC: Restart command executed.
jq: error (at <stdin>:1): Cannot index array with string "services"
Пт 12 июн 2026 10:45:01 UTC: Service db is DOWN! Attempting restart...
Пт 12 июн 2026 10:45:01 UTC: Service backend is DOWN! Attempting restart...
Пт 12 июн 2026 10:45:01 UTC: Service frontend is DOWN! Attempting restart...
 Container fleet_backend  Running
 Container fleet_frontend  Created
 Container fleet_db  Starting
 Container fleet_db  Started
 Container fleet_frontend  Starting
 Container fleet_frontend  Started
Пт 12 июн 2026 10:45:02 UTC: Restart command executed.
jq: error (at <stdin>:1): Cannot index array with string "services"
Пт 12 июн 2026 10:50:01 UTC: Service db is DOWN! Attempting restart...
Пт 12 июн 2026 10:50:01 UTC: Service backend is DOWN! Attempting restart...
Пт 12 июн 2026 10:50:01 UTC: Service frontend is DOWN! Attempting restart...
 Container fleet_backend  Running
 Container fleet_frontend  Created
 Container fleet_db  Starting
 Container fleet_db  Started
 Container fleet_frontend  Starting
 Container fleet_frontend  Started
Пт 12 июн 2026 10:50:02 UTC: Restart command executed.
jq: error (at <stdin>:1): Cannot index array with string "services"
Пт 12 июн 2026 10:55:01 UTC: Service db is DOWN! Attempting restart...
Пт 12 июн 2026 10:55:01 UTC: Service backend is DOWN! Attempting restart...
Пт 12 июн 2026 10:55:01 UTC: Service frontend is DOWN! Attempting restart...
 Container fleet_backend  Running
 Container fleet_frontend  Created
 Container fleet_db  Starting
 Container fleet_db  Started
 Container fleet_frontend  Starting
 Container fleet_frontend  Started
Пт 12 июн 2026 10:55:02 UTC: Restart command executed.
jq: error (at <stdin>:1): Cannot index array with string "services"
Пт 12 июн 2026 11:00:02 UTC: Service db is DOWN! Attempting restart...
Пт 12 июн 2026 11:00:02 UTC: Service backend is DOWN! Attempting restart...
Пт 12 июн 2026 11:00:02 UTC: Service frontend is DOWN! Attempting restart...
 Container fleet_backend  Running
 Container fleet_frontend  Created
 Container fleet_db  Starting
 Container fleet_db  Started
 Container fleet_frontend  Starting
 Container fleet_frontend  Started
Пт 12 июн 2026 11:00:02 UTC: Restart command executed.
jq: error (at <stdin>:1): Cannot index array with string "services"
Пт 12 июн 2026 11:05:02 UTC: Service db is DOWN! Attempting restart...
Пт 12 июн 2026 11:05:02 UTC: Service backend is DOWN! Attempting restart...
Пт 12 июн 2026 11:05:02 UTC: Service frontend is DOWN! Attempting restart...
 Container fleet_backend  Running
 Container fleet_frontend  Created
 Container fleet_db  Starting
 Container fleet_db  Started
 Container fleet_frontend  Starting
 Container fleet_frontend  Started
Пт 12 июн 2026 11:05:03 UTC: Restart command executed.
jq: error (at <stdin>:1): Cannot index array with string "services"
Пт 12 июн 2026 11:10:01 UTC: Service db is DOWN! Attempting restart...
Пт 12 июн 2026 11:10:01 UTC: Service backend is DOWN! Attempting restart...
Пт 12 июн 2026 11:10:01 UTC: Service frontend is DOWN! Attempting restart...
 Container fleet_backend  Running
 Container fleet_frontend  Created
 Container fleet_db  Starting
 Container fleet_db  Started
 Container fleet_frontend  Starting
 Container fleet_frontend  Started
Пт 12 июн 2026 11:10:02 UTC: Restart command executed.
jq: error (at <stdin>:1): Cannot index array with string "services"
Пт 12 июн 2026 11:15:01 UTC: Service db is DOWN! Attempting restart...
Пт 12 июн 2026 11:15:01 UTC: Service backend is DOWN! Attempting restart...
Пт 12 июн 2026 11:15:01 UTC: Service frontend is DOWN! Attempting restart...
 Container fleet_backend  Running
 Container fleet_frontend  Created
 Container fleet_db  Starting
 Container fleet_db  Started
 Container fleet_frontend  Starting
 Container fleet_frontend  Started
Пт 12 июн 2026 11:15:02 UTC: Restart command executed.
jq: error (at <stdin>:1): Cannot index array with string "services"
Пт 12 июн 2026 11:20:01 UTC: Service db is DOWN! Attempting restart...
Пт 12 июн 2026 11:20:01 UTC: Service backend is DOWN! Attempting restart...
Пт 12 июн 2026 11:20:01 UTC: Service frontend is DOWN! Attempting restart...
 Container fleet_backend  Running
 Container fleet_frontend  Created
 Container fleet_db  Starting
 Container fleet_db  Started
 Container fleet_frontend  Starting
 Container fleet_frontend  Started
Пт 12 июн 2026 11:20:02 UTC: Restart command executed.
jq: error (at <stdin>:1): Cannot index array with string "services"
Пт 12 июн 2026 11:25:01 UTC: Service db is DOWN! Attempting restart...
Пт 12 июн 2026 11:25:01 UTC: Service backend is DOWN! Attempting restart...
Пт 12 июн 2026 11:25:01 UTC: Service frontend is DOWN! Attempting restart...
 Container fleet_backend  Running
 Container fleet_frontend  Created
 Container fleet_db  Starting
 Container fleet_db  Started
 Container fleet_frontend  Starting
 Container fleet_frontend  Started
Пт 12 июн 2026 11:25:02 UTC: Restart command executed.
jq: error (at <stdin>:1): Cannot index array with string "services"
Пт 12 июн 2026 11:30:01 UTC: Service db is DOWN! Attempting restart...
Пт 12 июн 2026 11:30:01 UTC: Service backend is DOWN! Attempting restart...
Пт 12 июн 2026 11:30:01 UTC: Service frontend is DOWN! Attempting restart...
 Container fleet_backend  Running
 Container fleet_frontend  Created
 Container fleet_db  Starting
 Container fleet_db  Started
 Container fleet_frontend  Starting
 Container fleet_frontend  Started
Пт 12 июн 2026 11:30:02 UTC: Restart command executed.
jq: error (at <stdin>:1): Cannot index array with string "services"
Пт 12 июн 2026 11:35:01 UTC: Service db is DOWN! Attempting restart...
Пт 12 июн 2026 11:35:01 UTC: Service backend is DOWN! Attempting restart...
Пт 12 июн 2026 11:35:01 UTC: Service frontend is DOWN! Attempting restart...
 Container fleet_backend  Running
 Container fleet_frontend  Created
 Container fleet_db  Starting
 Container fleet_db  Started
 Container fleet_frontend  Starting
 Container fleet_frontend  Started
Пт 12 июн 2026 11:35:02 UTC: Restart command executed.
jq: error (at <stdin>:1): Cannot index array with string "services"
Пт 12 июн 2026 11:40:01 UTC: Service db is DOWN! Attempting restart...
Пт 12 июн 2026 11:40:01 UTC: Service backend is DOWN! Attempting restart...
Пт 12 июн 2026 11:40:01 UTC: Service frontend is DOWN! Attempting restart...
 Container fleet_backend  Running
 Container fleet_frontend  Created
 Container fleet_db  Starting
 Container fleet_db  Started
 Container fleet_frontend  Starting
 Container fleet_frontend  Started
Пт 12 июн 2026 11:40:02 UTC: Restart command executed.
jq: error (at <stdin>:1): Cannot index array with string "services"
Пт 12 июн 2026 11:45:01 UTC: Service db is DOWN! Attempting restart...
Пт 12 июн 2026 11:45:01 UTC: Service backend is DOWN! Attempting restart...
Пт 12 июн 2026 11:45:01 UTC: Service frontend is DOWN! Attempting restart...
 Container fleet_backend  Running
 Container fleet_frontend  Created
 Container fleet_db  Starting
 Container fleet_db  Started
 Container fleet_frontend  Starting
 Container fleet_frontend  Started
Пт 12 июн 2026 11:45:02 UTC: Restart command executed.
jq: error (at <stdin>:1): Cannot index array with string "services"
Пт 12 июн 2026 11:50:02 UTC: Service db is DOWN! Attempting restart...
Пт 12 июн 2026 11:50:02 UTC: Service backend is DOWN! Attempting restart...
Пт 12 июн 2026 11:50:02 UTC: Service frontend is DOWN! Attempting restart...
 Container fleet_backend  Running
 Container fleet_frontend  Created
 Container fleet_db  Starting
 Container fleet_db  Started
 Container fleet_frontend  Starting
 Container fleet_frontend  Started
Пт 12 июн 2026 11:50:03 UTC: Restart command executed.
jq: error (at <stdin>:1): Cannot index array with string "services"
Пт 12 июн 2026 11:55:01 UTC: Service db is DOWN! Attempting restart...
Пт 12 июн 2026 11:55:01 UTC: Service backend is DOWN! Attempting restart...
Пт 12 июн 2026 11:55:01 UTC: Service frontend is DOWN! Attempting restart...
 Container fleet_backend  Running
 Container fleet_frontend  Created
 Container fleet_db  Starting
 Container fleet_db  Started
 Container fleet_frontend  Starting
 Container fleet_frontend  Started
Пт 12 июн 2026 11:55:02 UTC: Restart command executed.
jq: error (at <stdin>:1): Cannot index array with string "services"
Пт 12 июн 2026 12:00:01 UTC: Service db is DOWN! Attempting restart...
Пт 12 июн 2026 12:00:01 UTC: Service backend is DOWN! Attempting restart...
Пт 12 июн 2026 12:00:01 UTC: Service frontend is DOWN! Attempting restart...
 Container fleet_backend  Running
 Container fleet_frontend  Created
 Container fleet_db  Starting
 Container fleet_db  Started
 Container fleet_frontend  Starting
 Container fleet_frontend  Started
Пт 12 июн 2026 12:00:02 UTC: Restart command executed.
jq: error (at <stdin>:1): Cannot index array with string "services"
Пт 12 июн 2026 12:05:01 UTC: Service db is DOWN! Attempting restart...
Пт 12 июн 2026 12:05:01 UTC: Service backend is DOWN! Attempting restart...
Пт 12 июн 2026 12:05:01 UTC: Service frontend is DOWN! Attempting restart...
 Container fleet_backend  Running
 Container fleet_frontend  Created
 Container fleet_db  Starting
 Container fleet_db  Started
 Container fleet_frontend  Starting
 Container fleet_frontend  Started
Пт 12 июн 2026 12:05:02 UTC: Restart command executed.
jq: error (at <stdin>:1): Cannot index array with string "services"
Пт 12 июн 2026 12:10:01 UTC: Service db is DOWN! Attempting restart...
Пт 12 июн 2026 12:10:01 UTC: Service backend is DOWN! Attempting restart...
Пт 12 июн 2026 12:10:01 UTC: Service frontend is DOWN! Attempting restart...
 Container fleet_backend  Running
 Container fleet_frontend  Created
 Container fleet_db  Starting
 Container fleet_db  Started
 Container fleet_frontend  Starting
 Container fleet_frontend  Started
Пт 12 июн 2026 12:10:02 UTC: Restart command executed.
jq: error (at <stdin>:1): Cannot index array with string "services"
Пт 12 июн 2026 12:15:01 UTC: Service db is DOWN! Attempting restart...
Пт 12 июн 2026 12:15:01 UTC: Service backend is DOWN! Attempting restart...
Пт 12 июн 2026 12:15:01 UTC: Service frontend is DOWN! Attempting restart...
 Container fleet_backend  Running
 Container fleet_frontend  Created
 Container fleet_db  Starting
 Container fleet_db  Started
 Container fleet_frontend  Starting
 Container fleet_frontend  Started
Пт 12 июн 2026 12:15:02 UTC: Restart command executed.
jq: error (at <stdin>:1): Cannot index array with string "services"
Пт 12 июн 2026 12:20:01 UTC: Service db is DOWN! Attempting restart...
Пт 12 июн 2026 12:20:01 UTC: Service backend is DOWN! Attempting restart...
Пт 12 июн 2026 12:20:01 UTC: Service frontend is DOWN! Attempting restart...
 Container fleet_backend  Running
 Container fleet_frontend  Created
 Container fleet_db  Starting
 Container fleet_db  Started
 Container fleet_frontend  Starting
 Container fleet_frontend  Started
Пт 12 июн 2026 12:20:02 UTC: Restart command executed.
jq: error (at <stdin>:1): Cannot index array with string "services"
Пт 12 июн 2026 12:25:01 UTC: Service db is DOWN! Attempting restart...
Пт 12 июн 2026 12:25:01 UTC: Service backend is DOWN! Attempting restart...
Пт 12 июн 2026 12:25:01 UTC: Service frontend is DOWN! Attempting restart...
 Container fleet_backend  Running
 Container fleet_frontend  Created
 Container fleet_db  Starting
 Container fleet_db  Started
 Container fleet_frontend  Starting
 Container fleet_frontend  Started
Пт 12 июн 2026 12:25:02 UTC: Restart command executed.
jq: error (at <stdin>:1): Cannot index array with string "services"
Пт 12 июн 2026 12:30:01 UTC: Service db is DOWN! Attempting restart...
Пт 12 июн 2026 12:30:01 UTC: Service backend is DOWN! Attempting restart...
Пт 12 июн 2026 12:30:01 UTC: Service frontend is DOWN! Attempting restart...
 Container fleet_backend  Running
 Container fleet_frontend  Created
 Container fleet_db  Starting
 Container fleet_db  Started
 Container fleet_frontend  Starting
 Container fleet_frontend  Started
Пт 12 июн 2026 12:30:02 UTC: Restart command executed.
jq: error (at <stdin>:1): Cannot index array with string "services"
Пт 12 июн 2026 12:35:02 UTC: Service db is DOWN! Attempting restart...
Пт 12 июн 2026 12:35:02 UTC: Service backend is DOWN! Attempting restart...
Пт 12 июн 2026 12:35:02 UTC: Service frontend is DOWN! Attempting restart...
 Container fleet_backend  Running
 Container fleet_frontend  Created
 Container fleet_db  Starting
 Container fleet_db  Started
 Container fleet_frontend  Starting
 Container fleet_frontend  Started
Пт 12 июн 2026 12:35:02 UTC: Restart command executed.
jq: error (at <stdin>:1): Cannot index array with string "services"
Пт 12 июн 2026 12:40:02 UTC: Service db is DOWN! Attempting restart...
Пт 12 июн 2026 12:40:02 UTC: Service backend is DOWN! Attempting restart...
Пт 12 июн 2026 12:40:02 UTC: Service frontend is DOWN! Attempting restart...
 Container fleet_backend  Running
 Container fleet_frontend  Created
 Container fleet_db  Starting
 Container fleet_db  Started
 Container fleet_frontend  Starting
 Container fleet_frontend  Started
Пт 12 июн 2026 12:40:03 UTC: Restart command executed.
jq: error (at <stdin>:1): Cannot index array with string "services"
Пт 12 июн 2026 12:45:01 UTC: Service db is DOWN! Attempting restart...
Пт 12 июн 2026 12:45:01 UTC: Service backend is DOWN! Attempting restart...
Пт 12 июн 2026 12:45:01 UTC: Service frontend is DOWN! Attempting restart...
 Container fleet_backend  Running
 Container fleet_frontend  Created
 Container fleet_db  Starting
 Container fleet_db  Started
 Container fleet_frontend  Starting
 Container fleet_frontend  Started
Пт 12 июн 2026 12:45:02 UTC: Restart command executed.
jq: error (at <stdin>:1): Cannot index array with string "services"
Пт 12 июн 2026 12:50:01 UTC: Service db is DOWN! Attempting restart...
Пт 12 июн 2026 12:50:01 UTC: Service backend is DOWN! Attempting restart...
Пт 12 июн 2026 12:50:01 UTC: Service frontend is DOWN! Attempting restart...
 Container fleet_backend  Running
 Container fleet_frontend  Created
 Container fleet_db  Starting
 Container fleet_db  Started
 Container fleet_frontend  Starting
 Container fleet_frontend  Started
Пт 12 июн 2026 12:50:02 UTC: Restart command executed.
jq: error (at <stdin>:1): Cannot index array with string "services"
Пт 12 июн 2026 12:55:01 UTC: Service db is DOWN! Attempting restart...
Пт 12 июн 2026 12:55:01 UTC: Service backend is DOWN! Attempting restart...
Пт 12 июн 2026 12:55:01 UTC: Service frontend is DOWN! Attempting restart...
 Container fleet_backend  Running
 Container fleet_frontend  Created
 Container fleet_db  Starting
 Container fleet_db  Started
 Container fleet_frontend  Starting
 Container fleet_frontend  Started
Пт 12 июн 2026 12:55:02 UTC: Restart command executed.
jq: error (at <stdin>:1): Cannot index array with string "services"
Пт 12 июн 2026 13:00:01 UTC: Service db is DOWN! Attempting restart...
Пт 12 июн 2026 13:00:01 UTC: Service backend is DOWN! Attempting restart...
Пт 12 июн 2026 13:00:01 UTC: Service frontend is DOWN! Attempting restart...
 Container fleet_backend  Running
 Container fleet_frontend  Created
 Container fleet_db  Starting
 Container fleet_db  Started
 Container fleet_frontend  Starting
 Container fleet_frontend  Started
Пт 12 июн 2026 13:00:02 UTC: Restart command executed.
jq: error (at <stdin>:1): Cannot index array with string "services"
Пт 12 июн 2026 13:05:01 UTC: Service db is DOWN! Attempting restart...
Пт 12 июн 2026 13:05:01 UTC: Service backend is DOWN! Attempting restart...
Пт 12 июн 2026 13:05:01 UTC: Service frontend is DOWN! Attempting restart...
 Container fleet_backend  Running
 Container fleet_frontend  Created
 Container fleet_db  Starting
 Container fleet_db  Started
 Container fleet_frontend  Starting
 Container fleet_frontend  Started
Пт 12 июн 2026 13:05:02 UTC: Restart command executed.
jq: error (at <stdin>:1): Cannot index array with string "services"
Пт 12 июн 2026 13:10:01 UTC: Service db is DOWN! Attempting restart...
Пт 12 июн 2026 13:10:01 UTC: Service backend is DOWN! Attempting restart...
Пт 12 июн 2026 13:10:01 UTC: Service frontend is DOWN! Attempting restart...
 Container fleet_backend  Running
 Container fleet_frontend  Created
 Container fleet_db  Starting
 Container fleet_db  Started
 Container fleet_frontend  Starting
 Container fleet_frontend  Started
Пт 12 июн 2026 13:10:02 UTC: Restart command executed.
jq: error (at <stdin>:1): Cannot index array with string "services"
Пт 12 июн 2026 13:15:01 UTC: Service db is DOWN! Attempting restart...
Пт 12 июн 2026 13:15:01 UTC: Service backend is DOWN! Attempting restart...
Пт 12 июн 2026 13:15:01 UTC: Service frontend is DOWN! Attempting restart...
 Container fleet_backend  Running
 Container fleet_frontend  Created
 Container fleet_db  Starting
 Container fleet_db  Started
 Container fleet_frontend  Starting
 Container fleet_frontend  Started
Пт 12 июн 2026 13:15:02 UTC: Restart command executed.
jq: error (at <stdin>:1): Cannot index array with string "services"
Пт 12 июн 2026 13:20:02 UTC: Service db is DOWN! Attempting restart...
Пт 12 июн 2026 13:20:02 UTC: Service backend is DOWN! Attempting restart...
Пт 12 июн 2026 13:20:02 UTC: Service frontend is DOWN! Attempting restart...
 Container fleet_backend  Running
 Container fleet_frontend  Created
 Container fleet_db  Starting
 Container fleet_db  Started
 Container fleet_frontend  Starting
 Container fleet_frontend  Started
Пт 12 июн 2026 13:20:02 UTC: Restart command executed.
jq: error (at <stdin>:1): Cannot index array with string "services"
Пт 12 июн 2026 13:25:02 UTC: Service db is DOWN! Attempting restart...
Пт 12 июн 2026 13:25:02 UTC: Service backend is DOWN! Attempting restart...
Пт 12 июн 2026 13:25:02 UTC: Service frontend is DOWN! Attempting restart...
 Container fleet_backend  Running
 Container fleet_frontend  Created
 Container fleet_db  Starting
 Container fleet_db  Started
 Container fleet_frontend  Starting
 Container fleet_frontend  Started
Пт 12 июн 2026 13:25:03 UTC: Restart command executed.
jq: error (at <stdin>:1): Cannot index array with string "services"
Пт 12 июн 2026 13:30:01 UTC: Service db is DOWN! Attempting restart...
Пт 12 июн 2026 13:30:01 UTC: Service backend is DOWN! Attempting restart...
Пт 12 июн 2026 13:30:01 UTC: Service frontend is DOWN! Attempting restart...
 Container fleet_backend  Running
 Container fleet_frontend  Created
 Container fleet_db  Starting
 Container fleet_db  Started
 Container fleet_frontend  Starting
 Container fleet_frontend  Started
Пт 12 июн 2026 13:30:02 UTC: Restart command executed.
jq: error (at <stdin>:1): Cannot index array with string "services"
Пт 12 июн 2026 13:35:01 UTC: Service db is DOWN! Attempting restart...
Пт 12 июн 2026 13:35:01 UTC: Service backend is DOWN! Attempting restart...
Пт 12 июн 2026 13:35:01 UTC: Service frontend is DOWN! Attempting restart...
 Container fleet_backend  Running
 Container fleet_frontend  Created
 Container fleet_db  Starting
 Container fleet_db  Started
 Container fleet_frontend  Starting
 Container fleet_frontend  Started
Пт 12 июн 2026 13:35:02 UTC: Restart command executed.
jq: error (at <stdin>:1): Cannot index array with string "services"
Пт 12 июн 2026 13:40:01 UTC: Service db is DOWN! Attempting restart...
Пт 12 июн 2026 13:40:01 UTC: Service backend is DOWN! Attempting restart...
Пт 12 июн 2026 13:40:01 UTC: Service frontend is DOWN! Attempting restart...
 Container fleet_backend  Running
 Container fleet_frontend  Created
 Container fleet_db  Starting
 Container fleet_db  Started
 Container fleet_frontend  Starting
 Container fleet_frontend  Started
Пт 12 июн 2026 13:40:02 UTC: Restart command executed.
jq: error (at <stdin>:1): Cannot index array with string "services"
Пт 12 июн 2026 13:45:01 UTC: Service db is DOWN! Attempting restart...
Пт 12 июн 2026 13:45:01 UTC: Service backend is DOWN! Attempting restart...
Пт 12 июн 2026 13:45:01 UTC: Service frontend is DOWN! Attempting restart...
 Container fleet_backend  Running
 Container fleet_frontend  Created
 Container fleet_db  Starting
 Container fleet_db  Started
 Container fleet_frontend  Starting
 Container fleet_frontend  Started
Пт 12 июн 2026 13:45:02 UTC: Restart command executed.
jq: error (at <stdin>:1): Cannot index array with string "services"
Пт 12 июн 2026 13:50:01 UTC: Service db is DOWN! Attempting restart...
Пт 12 июн 2026 13:50:01 UTC: Service backend is DOWN! Attempting restart...
Пт 12 июн 2026 13:50:01 UTC: Service frontend is DOWN! Attempting restart...
 Container fleet_backend  Running
 Container fleet_frontend  Created
 Container fleet_db  Starting
 Container fleet_db  Started
 Container fleet_frontend  Starting
 Container fleet_frontend  Started
Пт 12 июн 2026 13:50:02 UTC: Restart command executed.
jq: error (at <stdin>:1): Cannot index array with string "services"
Пт 12 июн 2026 13:55:01 UTC: Service db is DOWN! Attempting restart...
Пт 12 июн 2026 13:55:01 UTC: Service backend is DOWN! Attempting restart...
Пт 12 июн 2026 13:55:01 UTC: Service frontend is DOWN! Attempting restart...
 Container fleet_backend  Running
 Container fleet_frontend  Created
 Container fleet_db  Starting
 Container fleet_db  Started
 Container fleet_frontend  Starting
 Container fleet_frontend  Started
Пт 12 июн 2026 13:55:02 UTC: Restart command executed.
jq: error (at <stdin>:1): Cannot index array with string "services"
Пт 12 июн 2026 14:00:01 UTC: Service db is DOWN! Attempting restart...
Пт 12 июн 2026 14:00:01 UTC: Service backend is DOWN! Attempting restart...
Пт 12 июн 2026 14:00:01 UTC: Service frontend is DOWN! Attempting restart...
 Container fleet_backend  Running
 Container fleet_frontend  Created
 Container fleet_db  Starting
 Container fleet_db  Started
 Container fleet_frontend  Starting
 Container fleet_frontend  Started
Пт 12 июн 2026 14:00:02 UTC: Restart command executed.
jq: error (at <stdin>:1): Cannot index array with string "services"
Пт 12 июн 2026 14:05:02 UTC: Service db is DOWN! Attempting restart...
Пт 12 июн 2026 14:05:02 UTC: Service backend is DOWN! Attempting restart...
Пт 12 июн 2026 14:05:02 UTC: Service frontend is DOWN! Attempting restart...
 Container fleet_backend  Running
 Container fleet_frontend  Created
 Container fleet_db  Starting
 Container fleet_db  Started
 Container fleet_frontend  Starting
 Container fleet_frontend  Started
Пт 12 июн 2026 14:05:02 UTC: Restart command executed.
jq: error (at <stdin>:1): Cannot index array with string "services"
Пт 12 июн 2026 14:10:02 UTC: Service db is DOWN! Attempting restart...
Пт 12 июн 2026 14:10:02 UTC: Service backend is DOWN! Attempting restart...
Пт 12 июн 2026 14:10:02 UTC: Service frontend is DOWN! Attempting restart...
 Container fleet_backend  Running
 Container fleet_frontend  Created
 Container fleet_db  Starting
 Container fleet_db  Started
 Container fleet_frontend  Starting
 Container fleet_frontend  Started
Пт 12 июн 2026 14:10:02 UTC: Restart command executed.
jq: error (at <stdin>:1): Cannot index array with string "services"
Пт 12 июн 2026 14:15:01 UTC: Service db is DOWN! Attempting restart...
Пт 12 июн 2026 14:15:01 UTC: Service backend is DOWN! Attempting restart...
Пт 12 июн 2026 14:15:01 UTC: Service frontend is DOWN! Attempting restart...
 Container fleet_backend  Running
 Container fleet_frontend  Created
 Container fleet_db  Starting
 Container fleet_db  Started
 Container fleet_frontend  Starting
 Container fleet_frontend  Started
Пт 12 июн 2026 14:15:02 UTC: Restart command executed.
jq: error (at <stdin>:1): Cannot index array with string "services"
Пт 12 июн 2026 14:20:01 UTC: Service db is DOWN! Attempting restart...
Пт 12 июн 2026 14:20:01 UTC: Service backend is DOWN! Attempting restart...
Пт 12 июн 2026 14:20:01 UTC: Service frontend is DOWN! Attempting restart...
 Container fleet_backend  Running
 Container fleet_frontend  Created
 Container fleet_db  Starting
 Container fleet_db  Started
 Container fleet_frontend  Starting
 Container fleet_frontend  Started
Пт 12 июн 2026 14:20:02 UTC: Restart command executed.
jq: error (at <stdin>:1): Cannot index array with string "services"
Пт 12 июн 2026 14:25:01 UTC: Service db is DOWN! Attempting restart...
Пт 12 июн 2026 14:25:01 UTC: Service backend is DOWN! Attempting restart...
Пт 12 июн 2026 14:25:01 UTC: Service frontend is DOWN! Attempting restart...
 Container fleet_backend  Running
 Container fleet_frontend  Created
 Container fleet_db  Starting
 Container fleet_db  Started
 Container fleet_frontend  Starting
 Container fleet_frontend  Started
Пт 12 июн 2026 14:25:02 UTC: Restart command executed.
jq: error (at <stdin>:1): Cannot index array with string "services"
Пт 12 июн 2026 14:30:01 UTC: Service db is DOWN! Attempting restart...
Пт 12 июн 2026 14:30:01 UTC: Service backend is DOWN! Attempting restart...
Пт 12 июн 2026 14:30:01 UTC: Service frontend is DOWN! Attempting restart...
 Container fleet_backend  Running
 Container fleet_frontend  Created
 Container fleet_db  Starting
 Container fleet_db  Started
 Container fleet_frontend  Starting
 Container fleet_frontend  Started
Пт 12 июн 2026 14:30:02 UTC: Restart command executed.
jq: error (at <stdin>:1): Cannot index array with string "services"
Пт 12 июн 2026 14:35:01 UTC: Service db is DOWN! Attempting restart...
Пт 12 июн 2026 14:35:01 UTC: Service backend is DOWN! Attempting restart...
Пт 12 июн 2026 14:35:01 UTC: Service frontend is DOWN! Attempting restart...
 Container fleet_backend  Running
 Container fleet_frontend  Created
 Container fleet_db  Starting
 Container fleet_db  Started
 Container fleet_frontend  Starting
 Container fleet_frontend  Started
Пт 12 июн 2026 14:35:02 UTC: Restart command executed.
jq: error (at <stdin>:1): Cannot index array with string "services"
Пт 12 июн 2026 14:40:01 UTC: Service db is DOWN! Attempting restart...
Пт 12 июн 2026 14:40:01 UTC: Service backend is DOWN! Attempting restart...
Пт 12 июн 2026 14:40:01 UTC: Service frontend is DOWN! Attempting restart...
 Container fleet_backend  Running
 Container fleet_frontend  Created
 Container fleet_db  Starting
 Container fleet_db  Started
 Container fleet_frontend  Starting
 Container fleet_frontend  Started
Пт 12 июн 2026 14:40:02 UTC: Restart command executed.
jq: error (at <stdin>:1): Cannot index array with string "services"
Пт 12 июн 2026 14:45:01 UTC: Service db is DOWN! Attempting restart...
Пт 12 июн 2026 14:45:01 UTC: Service backend is DOWN! Attempting restart...
Пт 12 июн 2026 14:45:01 UTC: Service frontend is DOWN! Attempting restart...
 Container fleet_backend  Running
 Container fleet_frontend  Created
 Container fleet_db  Starting
 Container fleet_db  Started
 Container fleet_frontend  Starting
 Container fleet_frontend  Started
Пт 12 июн 2026 14:45:02 UTC: Restart command executed.
jq: error (at <stdin>:1): Cannot index array with string "services"
Пт 12 июн 2026 14:50:01 UTC: Service db is DOWN! Attempting restart...
Пт 12 июн 2026 14:50:02 UTC: Service backend is DOWN! Attempting restart...
Пт 12 июн 2026 14:50:02 UTC: Service frontend is DOWN! Attempting restart...
 Container fleet_backend  Running
 Container fleet_frontend  Created
 Container fleet_db  Starting
 Container fleet_db  Started
 Container fleet_frontend  Starting
 Container fleet_frontend  Started
Пт 12 июн 2026 14:50:02 UTC: Restart command executed.
jq: error (at <stdin>:1): Cannot index array with string "services"
Пт 12 июн 2026 14:55:02 UTC: Service db is DOWN! Attempting restart...
Пт 12 июн 2026 14:55:02 UTC: Service backend is DOWN! Attempting restart...
Пт 12 июн 2026 14:55:02 UTC: Service frontend is DOWN! Attempting restart...
 Container fleet_backend  Running
 Container fleet_frontend  Created
 Container fleet_db  Starting
 Container fleet_db  Started
 Container fleet_frontend  Starting
 Container fleet_frontend  Started
Пт 12 июн 2026 14:55:02 UTC: Restart command executed.
jq: error (at <stdin>:1): Cannot index array with string "services"
Пт 12 июн 2026 15:00:02 UTC: Service db is DOWN! Attempting restart...
Пт 12 июн 2026 15:00:02 UTC: Service backend is DOWN! Attempting restart...
Пт 12 июн 2026 15:00:02 UTC: Service frontend is DOWN! Attempting restart...
 Container fleet_backend  Running
 Container fleet_frontend  Created
 Container fleet_db  Starting
 Container fleet_db  Started
 Container fleet_frontend  Starting
 Container fleet_frontend  Started
Пт 12 июн 2026 15:00:03 UTC: Restart command executed.
jq: error (at <stdin>:1): Cannot index array with string "services"
Пт 12 июн 2026 15:05:01 UTC: Service db is DOWN! Attempting restart...
Пт 12 июн 2026 15:05:01 UTC: Service backend is DOWN! Attempting restart...
Пт 12 июн 2026 15:05:01 UTC: Service frontend is DOWN! Attempting restart...
 Container fleet_backend  Running
 Container fleet_frontend  Created
 Container fleet_db  Starting
 Container fleet_db  Started
 Container fleet_frontend  Starting
 Container fleet_frontend  Started
Пт 12 июн 2026 15:05:02 UTC: Restart command executed.
jq: error (at <stdin>:1): Cannot index array with string "services"
Пт 12 июн 2026 15:10:01 UTC: Service db is DOWN! Attempting restart...
Пт 12 июн 2026 15:10:01 UTC: Service backend is DOWN! Attempting restart...
Пт 12 июн 2026 15:10:01 UTC: Service frontend is DOWN! Attempting restart...
 Container fleet_backend  Running
 Container fleet_frontend  Created
 Container fleet_db  Starting
 Container fleet_db  Started
 Container fleet_frontend  Starting
 Container fleet_frontend  Started
Пт 12 июн 2026 15:10:02 UTC: Restart command executed.
jq: error (at <stdin>:1): Cannot index array with string "services"
Пт 12 июн 2026 15:15:01 UTC: Service db is DOWN! Attempting restart...
Пт 12 июн 2026 15:15:01 UTC: Service backend is DOWN! Attempting restart...
Пт 12 июн 2026 15:15:01 UTC: Service frontend is DOWN! Attempting restart...
 Container fleet_backend  Running
 Container fleet_frontend  Created
 Container fleet_db  Starting
 Container fleet_db  Started
 Container fleet_frontend  Starting
 Container fleet_frontend  Started
Пт 12 июн 2026 15:15:02 UTC: Restart command executed.
jq: error (at <stdin>:1): Cannot index array with string "services"
Пт 12 июн 2026 15:20:01 UTC: Service db is DOWN! Attempting restart...
Пт 12 июн 2026 15:20:01 UTC: Service backend is DOWN! Attempting restart...
Пт 12 июн 2026 15:20:01 UTC: Service frontend is DOWN! Attempting restart...
 Container fleet_backend  Running
 Container fleet_frontend  Created
 Container fleet_db  Starting
 Container fleet_db  Started
 Container fleet_frontend  Starting
 Container fleet_frontend  Started
Пт 12 июн 2026 15:20:02 UTC: Restart command executed.
jq: error (at <stdin>:1): Cannot index array with string "services"
Пт 12 июн 2026 15:25:01 UTC: Service db is DOWN! Attempting restart...
Пт 12 июн 2026 15:25:01 UTC: Service backend is DOWN! Attempting restart...
Пт 12 июн 2026 15:25:01 UTC: Service frontend is DOWN! Attempting restart...
 Container fleet_backend  Running
 Container fleet_frontend  Created
 Container fleet_db  Starting
 Container fleet_db  Started
 Container fleet_frontend  Starting
 Container fleet_frontend  Started
Пт 12 июн 2026 15:25:02 UTC: Restart command executed.
jq: error (at <stdin>:1): Cannot index array with string "services"
Пт 12 июн 2026 15:30:01 UTC: Service db is DOWN! Attempting restart...
Пт 12 июн 2026 15:30:01 UTC: Service backend is DOWN! Attempting restart...
Пт 12 июн 2026 15:30:01 UTC: Service frontend is DOWN! Attempting restart...
 Container fleet_backend  Running
 Container fleet_frontend  Created
 Container fleet_db  Starting
 Container fleet_db  Started
 Container fleet_frontend  Starting
 Container fleet_frontend  Started
Пт 12 июн 2026 15:30:02 UTC: Restart command executed.
jq: error (at <stdin>:1): Cannot index array with string "services"
Пт 12 июн 2026 15:35:01 UTC: Service db is DOWN! Attempting restart...
Пт 12 июн 2026 15:35:01 UTC: Service backend is DOWN! Attempting restart...
Пт 12 июн 2026 15:35:01 UTC: Service frontend is DOWN! Attempting restart...
 Container fleet_backend  Running
 Container fleet_frontend  Created
 Container fleet_db  Starting
 Container fleet_db  Started
 Container fleet_frontend  Starting
 Container fleet_frontend  Started
Пт 12 июн 2026 15:35:02 UTC: Restart command executed.
jq: error (at <stdin>:1): Cannot index array with string "services"
Пт 12 июн 2026 15:40:02 UTC: Service db is DOWN! Attempting restart...
Пт 12 июн 2026 15:40:02 UTC: Service backend is DOWN! Attempting restart...
Пт 12 июн 2026 15:40:02 UTC: Service frontend is DOWN! Attempting restart...
 Container fleet_backend  Running
 Container fleet_frontend  Created
 Container fleet_db  Starting
 Container fleet_db  Started
 Container fleet_frontend  Starting
 Container fleet_frontend  Started
Пт 12 июн 2026 15:40:02 UTC: Restart command executed.
jq: error (at <stdin>:1): Cannot index array with string "services"
Пт 12 июн 2026 15:45:02 UTC: Service db is DOWN! Attempting restart...
Пт 12 июн 2026 15:45:02 UTC: Service backend is DOWN! Attempting restart...
Пт 12 июн 2026 15:45:02 UTC: Service frontend is DOWN! Attempting restart...
 Container fleet_backend  Running
 Container fleet_frontend  Created
 Container fleet_db  Starting
 Container fleet_db  Started
 Container fleet_frontend  Starting
 Container fleet_frontend  Started
Пт 12 июн 2026 15:45:03 UTC: Restart command executed.
jq: error (at <stdin>:1): Cannot index array with string "services"
Пт 12 июн 2026 15:50:01 UTC: Service db is DOWN! Attempting restart...
Пт 12 июн 2026 15:50:01 UTC: Service backend is DOWN! Attempting restart...
Пт 12 июн 2026 15:50:01 UTC: Service frontend is DOWN! Attempting restart...
 Container fleet_backend  Running
 Container fleet_frontend  Created
 Container fleet_db  Starting
 Container fleet_db  Started
 Container fleet_frontend  Starting
 Container fleet_frontend  Started
Пт 12 июн 2026 15:50:02 UTC: Restart command executed.
jq: error (at <stdin>:1): Cannot index array with string "services"
Пт 12 июн 2026 15:55:01 UTC: Service db is DOWN! Attempting restart...
Пт 12 июн 2026 15:55:01 UTC: Service backend is DOWN! Attempting restart...
Пт 12 июн 2026 15:55:01 UTC: Service frontend is DOWN! Attempting restart...
 Container fleet_backend  Running
 Container fleet_frontend  Created
 Container fleet_db  Starting
 Container fleet_db  Started
 Container fleet_frontend  Starting
 Container fleet_frontend  Started
Пт 12 июн 2026 15:55:02 UTC: Restart command executed.
jq: error (at <stdin>:1): Cannot index array with string "services"
Пт 12 июн 2026 16:00:01 UTC: Service db is DOWN! Attempting restart...
Пт 12 июн 2026 16:00:01 UTC: Service backend is DOWN! Attempting restart...
Пт 12 июн 2026 16:00:01 UTC: Service frontend is DOWN! Attempting restart...
 Container fleet_backend  Running
 Container fleet_frontend  Created
 Container fleet_db  Starting
 Container fleet_db  Started
 Container fleet_frontend  Starting
 Container fleet_frontend  Started
Пт 12 июн 2026 16:00:02 UTC: Restart command executed.
jq: error (at <stdin>:1): Cannot index array with string "services"
Пт 12 июн 2026 16:05:01 UTC: Service db is DOWN! Attempting restart...
Пт 12 июн 2026 16:05:01 UTC: Service backend is DOWN! Attempting restart...
Пт 12 июн 2026 16:05:01 UTC: Service frontend is DOWN! Attempting restart...
 Container fleet_backend  Running
 Container fleet_frontend  Created
 Container fleet_db  Starting
 Container fleet_db  Started
 Container fleet_frontend  Starting
 Container fleet_frontend  Started
Пт 12 июн 2026 16:05:02 UTC: Restart command executed.
jq: error (at <stdin>:1): Cannot index array with string "services"
Пт 12 июн 2026 16:10:01 UTC: Service db is DOWN! Attempting restart...
Пт 12 июн 2026 16:10:01 UTC: Service backend is DOWN! Attempting restart...
Пт 12 июн 2026 16:10:01 UTC: Service frontend is DOWN! Attempting restart...
 Container fleet_backend  Running
 Container fleet_frontend  Created
 Container fleet_db  Starting
 Container fleet_db  Started
 Container fleet_frontend  Starting
 Container fleet_frontend  Started
Пт 12 июн 2026 16:10:02 UTC: Restart command executed.
jq: error (at <stdin>:1): Cannot index array with string "services"
Пт 12 июн 2026 16:15:01 UTC: Service db is DOWN! Attempting restart...
Пт 12 июн 2026 16:15:01 UTC: Service backend is DOWN! Attempting restart...
Пт 12 июн 2026 16:15:01 UTC: Service frontend is DOWN! Attempting restart...
 Container fleet_backend  Running
 Container fleet_frontend  Created
 Container fleet_db  Starting
 Container fleet_db  Started
 Container fleet_frontend  Starting
 Container fleet_frontend  Started
Пт 12 июн 2026 16:15:02 UTC: Restart command executed.
jq: error (at <stdin>:1): Cannot index array with string "services"
Пт 12 июн 2026 16:20:01 UTC: Service db is DOWN! Attempting restart...
Пт 12 июн 2026 16:20:01 UTC: Service backend is DOWN! Attempting restart...
Пт 12 июн 2026 16:20:01 UTC: Service frontend is DOWN! Attempting restart...
 Container fleet_backend  Running
 Container fleet_frontend  Created
 Container fleet_db  Starting
 Container fleet_db  Started
 Container fleet_frontend  Starting
 Container fleet_frontend  Started
Пт 12 июн 2026 16:20:02 UTC: Restart command executed.
jq: error (at <stdin>:1): Cannot index array with string "services"
Пт 12 июн 2026 16:25:01 UTC: Service db is DOWN! Attempting restart...
Пт 12 июн 2026 16:25:01 UTC: Service backend is DOWN! Attempting restart...
Пт 12 июн 2026 16:25:01 UTC: Service frontend is DOWN! Attempting restart...
 Container fleet_backend  Running
 Container fleet_frontend  Created
 Container fleet_db  Starting
 Container fleet_db  Started
 Container fleet_frontend  Starting
 Container fleet_frontend  Started
Пт 12 июн 2026 16:25:02 UTC: Restart command executed.
jq: error (at <stdin>:1): Cannot index array with string "services"
Пт 12 июн 2026 16:30:02 UTC: Service db is DOWN! Attempting restart...
Пт 12 июн 2026 16:30:02 UTC: Service backend is DOWN! Attempting restart...
Пт 12 июн 2026 16:30:02 UTC: Service frontend is DOWN! Attempting restart...
 Container fleet_backend  Running
 Container fleet_frontend  Created
 Container fleet_db  Starting
 Container fleet_db  Started
 Container fleet_frontend  Starting
 Container fleet_frontend  Started
Пт 12 июн 2026 16:30:02 UTC: Restart command executed.
jq: error (at <stdin>:1): Cannot index array with string "services"
Пт 12 июн 2026 16:35:02 UTC: Service db is DOWN! Attempting restart...
Пт 12 июн 2026 16:35:02 UTC: Service backend is DOWN! Attempting restart...
Пт 12 июн 2026 16:35:02 UTC: Service frontend is DOWN! Attempting restart...
 Container fleet_backend  Running
 Container fleet_frontend  Created
 Container fleet_db  Starting
 Container fleet_db  Started
 Container fleet_frontend  Starting
 Container fleet_frontend  Started
Пт 12 июн 2026 16:35:03 UTC: Restart command executed.
jq: error (at <stdin>:1): Cannot index array with string "services"
Пт 12 июн 2026 16:40:01 UTC: Service db is DOWN! Attempting restart...
Пт 12 июн 2026 16:40:01 UTC: Service backend is DOWN! Attempting restart...
Пт 12 июн 2026 16:40:01 UTC: Service frontend is DOWN! Attempting restart...
 Container fleet_backend  Running
 Container fleet_frontend  Created
 Container fleet_db  Starting
 Container fleet_db  Started
 Container fleet_frontend  Starting
 Container fleet_frontend  Started
Пт 12 июн 2026 16:40:02 UTC: Restart command executed.
jq: error (at <stdin>:1): Cannot index array with string "services"
Пт 12 июн 2026 16:45:01 UTC: Service db is DOWN! Attempting restart...
Пт 12 июн 2026 16:45:01 UTC: Service backend is DOWN! Attempting restart...
Пт 12 июн 2026 16:45:01 UTC: Service frontend is DOWN! Attempting restart...
 Container fleet_backend  Running
 Container fleet_frontend  Created
 Container fleet_db  Starting
 Container fleet_db  Started
 Container fleet_frontend  Starting
 Container fleet_frontend  Started
Пт 12 июн 2026 16:45:02 UTC: Restart command executed.
jq: error (at <stdin>:1): Cannot index array with string "services"
Пт 12 июн 2026 16:50:01 UTC: Service db is DOWN! Attempting restart...
Пт 12 июн 2026 16:50:01 UTC: Service backend is DOWN! Attempting restart...
Пт 12 июн 2026 16:50:01 UTC: Service frontend is DOWN! Attempting restart...
 Container fleet_backend  Running
 Container fleet_frontend  Created
 Container fleet_db  Starting
 Container fleet_db  Started
 Container fleet_frontend  Starting
 Container fleet_frontend  Started
Пт 12 июн 2026 16:50:02 UTC: Restart command executed.
jq: error (at <stdin>:1): Cannot index array with string "services"
Пт 12 июн 2026 16:55:01 UTC: Service db is DOWN! Attempting restart...
Пт 12 июн 2026 16:55:01 UTC: Service backend is DOWN! Attempting restart...
Пт 12 июн 2026 16:55:01 UTC: Service frontend is DOWN! Attempting restart...
 Container fleet_backend  Running
 Container fleet_frontend  Created
 Container fleet_db  Starting
 Container fleet_db  Started
 Container fleet_frontend  Starting
 Container fleet_frontend  Started
Пт 12 июн 2026 16:55:02 UTC: Restart command executed.
jq: error (at <stdin>:1): Cannot index array with string "services"
Пт 12 июн 2026 17:00:01 UTC: Service db is DOWN! Attempting restart...
Пт 12 июн 2026 17:00:01 UTC: Service backend is DOWN! Attempting restart...
Пт 12 июн 2026 17:00:01 UTC: Service frontend is DOWN! Attempting restart...
 Container fleet_backend  Running
 Container fleet_frontend  Created
 Container fleet_db  Starting
 Container fleet_db  Started
 Container fleet_frontend  Starting
 Container fleet_frontend  Started
Пт 12 июн 2026 17:00:02 UTC: Restart command executed.
jq: error (at <stdin>:1): Cannot index array with string "services"
Пт 12 июн 2026 17:05:01 UTC: Service db is DOWN! Attempting restart...
Пт 12 июн 2026 17:05:01 UTC: Service backend is DOWN! Attempting restart...
Пт 12 июн 2026 17:05:01 UTC: Service frontend is DOWN! Attempting restart...
 Container fleet_backend  Running
 Container fleet_frontend  Created
 Container fleet_db  Starting
 Container fleet_db  Started
 Container fleet_frontend  Starting
 Container fleet_frontend  Started
Пт 12 июн 2026 17:05:02 UTC: Restart command executed.
jq: error (at <stdin>:1): Cannot index array with string "services"
Пт 12 июн 2026 17:10:01 UTC: Service db is DOWN! Attempting restart...
Пт 12 июн 2026 17:10:01 UTC: Service backend is DOWN! Attempting restart...
Пт 12 июн 2026 17:10:01 UTC: Service frontend is DOWN! Attempting restart...
 Container fleet_backend  Running
 Container fleet_frontend  Created
 Container fleet_db  Starting
 Container fleet_db  Started
 Container fleet_frontend  Starting
 Container fleet_frontend  Started
Пт 12 июн 2026 17:10:02 UTC: Restart command executed.
jq: error (at <stdin>:1): Cannot index array with string "services"
Пт 12 июн 2026 17:15:02 UTC: Service db is DOWN! Attempting restart...
Пт 12 июн 2026 17:15:02 UTC: Service backend is DOWN! Attempting restart...
Пт 12 июн 2026 17:15:02 UTC: Service frontend is DOWN! Attempting restart...
 Container fleet_backend  Running
 Container fleet_frontend  Created
 Container fleet_db  Starting
 Container fleet_db  Started
 Container fleet_frontend  Starting
 Container fleet_frontend  Started
Пт 12 июн 2026 17:15:03 UTC: Restart command executed.
jq: error (at <stdin>:1): Cannot index array with string "services"
Пт 12 июн 2026 17:20:01 UTC: Service db is DOWN! Attempting restart...
Пт 12 июн 2026 17:20:01 UTC: Service backend is DOWN! Attempting restart...
Пт 12 июн 2026 17:20:01 UTC: Service frontend is DOWN! Attempting restart...
 Container fleet_backend  Running
 Container fleet_frontend  Created
 Container fleet_db  Starting
 Container fleet_db  Started
 Container fleet_frontend  Starting
 Container fleet_frontend  Started
Пт 12 июн 2026 17:20:02 UTC: Restart command executed.
jq: error (at <stdin>:1): Cannot index array with string "services"
Пт 12 июн 2026 17:25:01 UTC: Service db is DOWN! Attempting restart...
Пт 12 июн 2026 17:25:01 UTC: Service backend is DOWN! Attempting restart...
Пт 12 июн 2026 17:25:01 UTC: Service frontend is DOWN! Attempting restart...
 Container fleet_backend  Running
 Container fleet_frontend  Created
 Container fleet_db  Starting
 Container fleet_db  Started
 Container fleet_frontend  Starting
 Container fleet_frontend  Started
Пт 12 июн 2026 17:25:02 UTC: Restart command executed.
jq: error (at <stdin>:1): Cannot index array with string "services"
Пт 12 июн 2026 17:30:01 UTC: Service db is DOWN! Attempting restart...
Пт 12 июн 2026 17:30:01 UTC: Service backend is DOWN! Attempting restart...
Пт 12 июн 2026 17:30:01 UTC: Service frontend is DOWN! Attempting restart...
 Container fleet_backend  Running
 Container fleet_frontend  Created
 Container fleet_db  Starting
 Container fleet_db  Started
 Container fleet_frontend  Starting
 Container fleet_frontend  Started
Пт 12 июн 2026 17:30:02 UTC: Restart command executed.
jq: error (at <stdin>:1): Cannot index array with string "services"
Пт 12 июн 2026 17:35:01 UTC: Service db is DOWN! Attempting restart...
Пт 12 июн 2026 17:35:01 UTC: Service backend is DOWN! Attempting restart...
Пт 12 июн 2026 17:35:01 UTC: Service frontend is DOWN! Attempting restart...
 Container fleet_backend  Running
 Container fleet_frontend  Created
 Container fleet_db  Starting
 Container fleet_db  Started
 Container fleet_frontend  Starting
 Container fleet_frontend  Started
Пт 12 июн 2026 17:35:02 UTC: Restart command executed.
jq: error (at <stdin>:1): Cannot index array with string "services"
Пт 12 июн 2026 17:40:01 UTC: Service db is DOWN! Attempting restart...
Пт 12 июн 2026 17:40:01 UTC: Service backend is DOWN! Attempting restart...
Пт 12 июн 2026 17:40:01 UTC: Service frontend is DOWN! Attempting restart...
 Container fleet_backend  Running
 Container fleet_frontend  Created
 Container fleet_db  Starting
 Container fleet_db  Started
 Container fleet_frontend  Starting
 Container fleet_frontend  Started
Пт 12 июн 2026 17:40:02 UTC: Restart command executed.
jq: error (at <stdin>:1): Cannot index array with string "services"
Пт 12 июн 2026 17:45:01 UTC: Service db is DOWN! Attempting restart...
Пт 12 июн 2026 17:45:01 UTC: Service backend is DOWN! Attempting restart...
Пт 12 июн 2026 17:45:01 UTC: Service frontend is DOWN! Attempting restart...
 Container fleet_backend  Running
 Container fleet_frontend  Created
 Container fleet_db  Starting
 Container fleet_db  Started
 Container fleet_frontend  Starting
 Container fleet_frontend  Started
Пт 12 июн 2026 17:45:02 UTC: Restart command executed.
jq: error (at <stdin>:1): Cannot index array with string "services"
Пт 12 июн 2026 17:50:01 UTC: Service db is DOWN! Attempting restart...
Пт 12 июн 2026 17:50:01 UTC: Service backend is DOWN! Attempting restart...
Пт 12 июн 2026 17:50:01 UTC: Service frontend is DOWN! Attempting restart...
 Container fleet_backend  Running
 Container fleet_frontend  Created
 Container fleet_db  Starting
 Container fleet_db  Started
 Container fleet_frontend  Starting
 Container fleet_frontend  Started
Пт 12 июн 2026 17:50:02 UTC: Restart command executed.
jq: error (at <stdin>:1): Cannot index array with string "services"
Пт 12 июн 2026 17:55:01 UTC: Service db is DOWN! Attempting restart...
Пт 12 июн 2026 17:55:01 UTC: Service backend is DOWN! Attempting restart...
Пт 12 июн 2026 17:55:01 UTC: Service frontend is DOWN! Attempting restart...
 Container fleet_backend  Running
 Container fleet_frontend  Created
 Container fleet_db  Starting
 Container fleet_db  Started
 Container fleet_frontend  Starting
 Container fleet_frontend  Started
Пт 12 июн 2026 17:55:02 UTC: Restart command executed.
jq: error (at <stdin>:1): Cannot index array with string "services"
Пт 12 июн 2026 18:00:01 UTC: Service db is DOWN! Attempting restart...
Пт 12 июн 2026 18:00:01 UTC: Service backend is DOWN! Attempting restart...
Пт 12 июн 2026 18:00:02 UTC: Service frontend is DOWN! Attempting restart...
 Container fleet_backend  Running
 Container fleet_frontend  Created
 Container fleet_db  Starting
 Container fleet_db  Started
 Container fleet_frontend  Starting
 Container fleet_frontend  Started
Пт 12 июн 2026 18:00:02 UTC: Restart command executed.
jq: error (at <stdin>:1): Cannot index array with string "services"
Пт 12 июн 2026 18:05:02 UTC: Service db is DOWN! Attempting restart...
Пт 12 июн 2026 18:05:02 UTC: Service backend is DOWN! Attempting restart...
Пт 12 июн 2026 18:05:02 UTC: Service frontend is DOWN! Attempting restart...
 Container fleet_backend  Running
 Container fleet_frontend  Created
 Container fleet_db  Starting
 Container fleet_db  Started
 Container fleet_frontend  Starting
 Container fleet_frontend  Started
Пт 12 июн 2026 18:05:03 UTC: Restart command executed.
jq: error (at <stdin>:1): Cannot index array with string "services"
Пт 12 июн 2026 18:10:01 UTC: Service db is DOWN! Attempting restart...
Пт 12 июн 2026 18:10:01 UTC: Service backend is DOWN! Attempting restart...
Пт 12 июн 2026 18:10:01 UTC: Service frontend is DOWN! Attempting restart...
 Container fleet_backend  Running
 Container fleet_frontend  Created
 Container fleet_db  Starting
 Container fleet_db  Started
 Container fleet_frontend  Starting
 Container fleet_frontend  Started
Пт 12 июн 2026 18:10:02 UTC: Restart command executed.
jq: error (at <stdin>:1): Cannot index array with string "services"
Пт 12 июн 2026 18:15:01 UTC: Service db is DOWN! Attempting restart...
Пт 12 июн 2026 18:15:01 UTC: Service backend is DOWN! Attempting restart...
Пт 12 июн 2026 18:15:01 UTC: Service frontend is DOWN! Attempting restart...
 Container fleet_backend  Running
 Container fleet_frontend  Created
 Container fleet_db  Starting
 Container fleet_db  Started
 Container fleet_frontend  Starting
 Container fleet_frontend  Started
Пт 12 июн 2026 18:15:02 UTC: Restart command executed.
jq: error (at <stdin>:1): Cannot index array with string "services"
Пт 12 июн 2026 18:20:01 UTC: Service db is DOWN! Attempting restart...
Пт 12 июн 2026 18:20:01 UTC: Service backend is DOWN! Attempting restart...
Пт 12 июн 2026 18:20:01 UTC: Service frontend is DOWN! Attempting restart...
 Container fleet_backend  Running
 Container fleet_frontend  Created
 Container fleet_db  Starting
 Container fleet_db  Started
 Container fleet_frontend  Starting
 Container fleet_frontend  Started
Пт 12 июн 2026 18:20:02 UTC: Restart command executed.
jq: error (at <stdin>:1): Cannot index array with string "services"
Пт 12 июн 2026 18:25:01 UTC: Service db is DOWN! Attempting restart...
Пт 12 июн 2026 18:25:01 UTC: Service backend is DOWN! Attempting restart...
Пт 12 июн 2026 18:25:01 UTC: Service frontend is DOWN! Attempting restart...
 Container fleet_backend  Running
 Container fleet_frontend  Created
 Container fleet_db  Starting
 Container fleet_db  Started
 Container fleet_frontend  Starting
 Container fleet_frontend  Started
Пт 12 июн 2026 18:25:02 UTC: Restart command executed.
jq: error (at <stdin>:1): Cannot index array with string "services"
Пт 12 июн 2026 18:30:01 UTC: Service db is DOWN! Attempting restart...
Пт 12 июн 2026 18:30:01 UTC: Service backend is DOWN! Attempting restart...
Пт 12 июн 2026 18:30:01 UTC: Service frontend is DOWN! Attempting restart...
 Container fleet_backend  Running
 Container fleet_frontend  Created
 Container fleet_db  Starting
 Container fleet_db  Started
 Container fleet_frontend  Starting
 Container fleet_frontend  Started
Пт 12 июн 2026 18:30:02 UTC: Restart command executed.
jq: error (at <stdin>:1): Cannot index array with string "services"
Пт 12 июн 2026 18:35:01 UTC: Service db is DOWN! Attempting restart...
Пт 12 июн 2026 18:35:01 UTC: Service backend is DOWN! Attempting restart...
Пт 12 июн 2026 18:35:01 UTC: Service frontend is DOWN! Attempting restart...
 Container fleet_backend  Running
 Container fleet_frontend  Created
 Container fleet_db  Starting
 Container fleet_db  Started
 Container fleet_frontend  Starting
 Container fleet_frontend  Started
Пт 12 июн 2026 18:35:02 UTC: Restart command executed.
jq: error (at <stdin>:1): Cannot index array with string "services"
Пт 12 июн 2026 18:40:01 UTC: Service db is DOWN! Attempting restart...
Пт 12 июн 2026 18:40:01 UTC: Service backend is DOWN! Attempting restart...
Пт 12 июн 2026 18:40:01 UTC: Service frontend is DOWN! Attempting restart...
 Container fleet_backend  Running
 Container fleet_frontend  Created
 Container fleet_db  Starting
 Container fleet_db  Started
 Container fleet_frontend  Starting
 Container fleet_frontend  Started
Пт 12 июн 2026 18:40:02 UTC: Restart command executed.
jq: error (at <stdin>:1): Cannot index array with string "services"
Пт 12 июн 2026 18:45:01 UTC: Service db is DOWN! Attempting restart...
Пт 12 июн 2026 18:45:01 UTC: Service backend is DOWN! Attempting restart...
Пт 12 июн 2026 18:45:01 UTC: Service frontend is DOWN! Attempting restart...
 Container fleet_backend  Running
 Container fleet_frontend  Created
 Container fleet_db  Starting
 Container fleet_db  Started
 Container fleet_frontend  Starting
 Container fleet_frontend  Started
Пт 12 июн 2026 18:45:02 UTC: Restart command executed.
jq: error (at <stdin>:1): Cannot index array with string "services"
Пт 12 июн 2026 18:50:02 UTC: Service db is DOWN! Attempting restart...
Пт 12 июн 2026 18:50:02 UTC: Service backend is DOWN! Attempting restart...
Пт 12 июн 2026 18:50:02 UTC: Service frontend is DOWN! Attempting restart...
 Container fleet_backend  Running
 Container fleet_frontend  Created
 Container fleet_db  Starting
 Container fleet_db  Started
 Container fleet_frontend  Starting
 Container fleet_frontend  Started
Пт 12 июн 2026 18:50:02 UTC: Restart command executed.
jq: error (at <stdin>:1): Cannot index array with string "services"
Пт 12 июн 2026 18:55:02 UTC: Service db is DOWN! Attempting restart...
Пт 12 июн 2026 18:55:02 UTC: Service backend is DOWN! Attempting restart...
Пт 12 июн 2026 18:55:02 UTC: Service frontend is DOWN! Attempting restart...
 Container fleet_backend  Running
 Container fleet_frontend  Created
 Container fleet_db  Starting
 Container fleet_db  Started
 Container fleet_frontend  Starting
 Container fleet_frontend  Started
Пт 12 июн 2026 18:55:03 UTC: Restart command executed.
jq: error (at <stdin>:1): Cannot index array with string "services"
Пт 12 июн 2026 19:00:01 UTC: Service db is DOWN! Attempting restart...
Пт 12 июн 2026 19:00:01 UTC: Service backend is DOWN! Attempting restart...
Пт 12 июн 2026 19:00:01 UTC: Service frontend is DOWN! Attempting restart...
 Container fleet_backend  Running
 Container fleet_frontend  Created
 Container fleet_db  Starting
 Container fleet_db  Started
 Container fleet_frontend  Starting
 Container fleet_frontend  Started
Пт 12 июн 2026 19:00:02 UTC: Restart command executed.
jq: error (at <stdin>:1): Cannot index array with string "services"
Пт 12 июн 2026 19:05:01 UTC: Service db is DOWN! Attempting restart...
Пт 12 июн 2026 19:05:01 UTC: Service backend is DOWN! Attempting restart...
Пт 12 июн 2026 19:05:01 UTC: Service frontend is DOWN! Attempting restart...
 Container fleet_backend  Running
 Container fleet_frontend  Created
 Container fleet_db  Starting
 Container fleet_db  Started
 Container fleet_frontend  Starting
 Container fleet_frontend  Started
Пт 12 июн 2026 19:05:02 UTC: Restart command executed.
jq: error (at <stdin>:1): Cannot index array with string "services"
Пт 12 июн 2026 19:10:01 UTC: Service db is DOWN! Attempting restart...
Пт 12 июн 2026 19:10:01 UTC: Service backend is DOWN! Attempting restart...
Пт 12 июн 2026 19:10:01 UTC: Service frontend is DOWN! Attempting restart...
 Container fleet_backend  Running
 Container fleet_frontend  Created
 Container fleet_db  Starting
 Container fleet_db  Started
 Container fleet_frontend  Starting
 Container fleet_frontend  Started
Пт 12 июн 2026 19:10:02 UTC: Restart command executed.
jq: error (at <stdin>:1): Cannot index array with string "services"
Пт 12 июн 2026 19:15:01 UTC: Service db is DOWN! Attempting restart...
Пт 12 июн 2026 19:15:01 UTC: Service backend is DOWN! Attempting restart...
Пт 12 июн 2026 19:15:01 UTC: Service frontend is DOWN! Attempting restart...
 Container fleet_backend  Running
 Container fleet_frontend  Created
 Container fleet_db  Starting
 Container fleet_db  Started
 Container fleet_frontend  Starting
 Container fleet_frontend  Started
Пт 12 июн 2026 19:15:02 UTC: Restart command executed.
jq: error (at <stdin>:1): Cannot index array with string "services"
Пт 12 июн 2026 19:20:01 UTC: Service db is DOWN! Attempting restart...
Пт 12 июн 2026 19:20:01 UTC: Service backend is DOWN! Attempting restart...
Пт 12 июн 2026 19:20:01 UTC: Service frontend is DOWN! Attempting restart...
 Container fleet_backend  Running
 Container fleet_frontend  Created
 Container fleet_db  Starting
 Container fleet_db  Started
 Container fleet_frontend  Starting
 Container fleet_frontend  Started
Пт 12 июн 2026 19:20:02 UTC: Restart command executed.
jq: error (at <stdin>:1): Cannot index array with string "services"
Пт 12 июн 2026 19:25:01 UTC: Service db is DOWN! Attempting restart...
Пт 12 июн 2026 19:25:01 UTC: Service backend is DOWN! Attempting restart...
Пт 12 июн 2026 19:25:01 UTC: Service frontend is DOWN! Attempting restart...
 Container fleet_backend  Running
 Container fleet_frontend  Created
 Container fleet_db  Starting
 Container fleet_db  Started
 Container fleet_frontend  Starting
 Container fleet_frontend  Started
Пт 12 июн 2026 19:25:02 UTC: Restart command executed.
jq: error (at <stdin>:1): Cannot index array with string "services"
Пт 12 июн 2026 19:30:01 UTC: Service db is DOWN! Attempting restart...
Пт 12 июн 2026 19:30:01 UTC: Service backend is DOWN! Attempting restart...
Пт 12 июн 2026 19:30:01 UTC: Service frontend is DOWN! Attempting restart...
 Container fleet_backend  Running
 Container fleet_frontend  Created
 Container fleet_db  Starting
 Container fleet_db  Started
 Container fleet_frontend  Starting
 Container fleet_frontend  Started
Пт 12 июн 2026 19:30:02 UTC: Restart command executed.
jq: error (at <stdin>:1): Cannot index array with string "services"
Пт 12 июн 2026 19:35:02 UTC: Service db is DOWN! Attempting restart...
Пт 12 июн 2026 19:35:02 UTC: Service backend is DOWN! Attempting restart...
Пт 12 июн 2026 19:35:02 UTC: Service frontend is DOWN! Attempting restart...
 Container fleet_backend  Running
 Container fleet_frontend  Created
 Container fleet_db  Starting
 Container fleet_db  Started
 Container fleet_frontend  Starting
 Container fleet_frontend  Started
Пт 12 июн 2026 19:35:02 UTC: Restart command executed.
jq: error (at <stdin>:1): Cannot index array with string "services"
Пт 12 июн 2026 19:40:02 UTC: Service db is DOWN! Attempting restart...
Пт 12 июн 2026 19:40:02 UTC: Service backend is DOWN! Attempting restart...
Пт 12 июн 2026 19:40:02 UTC: Service frontend is DOWN! Attempting restart...
 Container fleet_backend  Running
 Container fleet_frontend  Created
 Container fleet_db  Starting
 Container fleet_db  Started
 Container fleet_frontend  Starting
 Container fleet_frontend  Started
Пт 12 июн 2026 19:40:03 UTC: Restart command executed.
jq: error (at <stdin>:1): Cannot index array with string "services"
Пт 12 июн 2026 19:45:01 UTC: Service db is DOWN! Attempting restart...
Пт 12 июн 2026 19:45:01 UTC: Service backend is DOWN! Attempting restart...
Пт 12 июн 2026 19:45:01 UTC: Service frontend is DOWN! Attempting restart...
 Container fleet_backend  Running
 Container fleet_frontend  Created
 Container fleet_db  Starting
 Container fleet_db  Started
 Container fleet_frontend  Starting
 Container fleet_frontend  Started
Пт 12 июн 2026 19:45:02 UTC: Restart command executed.
jq: error (at <stdin>:1): Cannot index array with string "services"
Пт 12 июн 2026 19:50:01 UTC: Service db is DOWN! Attempting restart...
Пт 12 июн 2026 19:50:01 UTC: Service backend is DOWN! Attempting restart...
Пт 12 июн 2026 19:50:01 UTC: Service frontend is DOWN! Attempting restart...
 Container fleet_backend  Running
 Container fleet_frontend  Created
 Container fleet_db  Starting
 Container fleet_db  Started
 Container fleet_frontend  Starting
 Container fleet_frontend  Started
Пт 12 июн 2026 19:50:02 UTC: Restart command executed.
jq: error (at <stdin>:1): Cannot index array with string "services"
Пт 12 июн 2026 19:55:01 UTC: Service db is DOWN! Attempting restart...
Пт 12 июн 2026 19:55:01 UTC: Service backend is DOWN! Attempting restart...
Пт 12 июн 2026 19:55:01 UTC: Service frontend is DOWN! Attempting restart...
 Container fleet_backend  Running
 Container fleet_frontend  Created
 Container fleet_db  Starting
 Container fleet_db  Started
 Container fleet_frontend  Starting
 Container fleet_frontend  Started
Пт 12 июн 2026 19:55:02 UTC: Restart command executed.
jq: error (at <stdin>:1): Cannot index array with string "services"
Пт 12 июн 2026 20:00:01 UTC: Service db is DOWN! Attempting restart...
Пт 12 июн 2026 20:00:01 UTC: Service backend is DOWN! Attempting restart...
Пт 12 июн 2026 20:00:01 UTC: Service frontend is DOWN! Attempting restart...
 Container fleet_backend  Running
 Container fleet_frontend  Created
 Container fleet_db  Starting
 Container fleet_db  Started
 Container fleet_frontend  Starting
 Container fleet_frontend  Started
Пт 12 июн 2026 20:00:02 UTC: Restart command executed.
jq: error (at <stdin>:1): Cannot index array with string "services"
Пт 12 июн 2026 20:05:01 UTC: Service db is DOWN! Attempting restart...
Пт 12 июн 2026 20:05:01 UTC: Service backend is DOWN! Attempting restart...
Пт 12 июн 2026 20:05:01 UTC: Service frontend is DOWN! Attempting restart...
 Container fleet_backend  Running
 Container fleet_frontend  Created
 Container fleet_db  Starting
 Container fleet_db  Started
 Container fleet_frontend  Starting
 Container fleet_frontend  Started
Пт 12 июн 2026 20:05:02 UTC: Restart command executed.
